ticker,name,sector,industry,shares,mcap_now,asof
A,Agilent Technologies Inc.,Industrials,Biotechnology: Laboratory Analytical Instruments,281928854.001063,47739.012848,2026-10-08
AA,Alcoa Corporation,Industrials,Aluminum,263909445.00810748,11392.970741,2026-10-08
AAC,Ares Acquisition Corporation III,Industrials,Metal Fabrications,49418750.0,497.152625,2026-10-08
AACG,ATA Creativity Global,Real Estate,Other Consumer Services,68464019.45320715,52.087426,2026-10-08
AACI,Armada Acquisition Corp. III Class A Ordinary Share,Finance,Blank Checks,0.0,0.0,2026-10-08
AACIU,Armada Acquisition Corp. III Units,Finance,Blank Checks,0.0,0.0,2026-10-08
AACIW,Armada Acquisition Corp. III Warrant,Finance,Blank Checks,0.0,0.0,2026-10-08
AACO,Abony Acquisition Corp. I Class A Ordinary Share,,,0.0,0.0,2026-10-08
AACOW,Abony Acquisition Corp. I Warrants,,,0.0,0.0,2026-10-08
AACP,Apogee Acquisition Corp,Finance,Blank Checks,0.0,0.0,2026-10-08
AACPR,Apogee Acquisition Corp Rights,Finance,Blank Checks,0.0,0.0,2026-10-08
AACPU,Apogee Acquisition Corp Units,Finance,Blank Checks,0.0,0.0,2026-10-08
AACPW,Apogee Acquisition Corp Warrant,Finance,Blank Checks,0.0,0.0,2026-10-08
AADX,Applied Aerospace & Defense Inc.,Industrials,Military/Government/Technical,172393517.96610168,2034.243512,2026-10-08
AAL,American Airlines Group Inc.,Consumer Discretionary,Air Freight/Delivery Services,661969951.0,8605.609363,2026-10-08
AAME,Atlantic American Corporation,Finance,Life Insurance,20397228.34645669,25.90448,2026-10-08
AAMI,Acadian Asset Management Inc.,Finance,Investment Managers,35490128.00299498,3317.972067,2026-10-08
AAOI,Applied Optoelectronics Inc.,Technology,Semiconductors,84906288.99815612,11051.402576,2026-10-08
AAON,AAON Inc.,Industrials,Industrial Machinery/Components,82453639.00306575,7261.691987,2026-10-08
AAP,Advance Auto Parts Inc.,Consumer Discretionary,Auto & Home Supply Stores,60400000.0,2490.896,2026-10-08
AAPG,Ascentage Pharma Group International American Depository Shares,Health Care,Biotechnology: Pharmaceutical Preparations,93330547.98011187,1501.688517,2026-10-08
AAPL,Apple Inc.,Technology,Computer Manufacturing,14594180000.0,4869056.2734,2026-10-08
AARD,Aardvark Therapeutics Inc.,Health Care,Biotechnology: Pharmaceutical Preparations,21884846.03174603,110.299624,2026-10-08
AAT,American Assets Trust Inc.,Real Estate,Real Estate Investment Trusts,61404213.02325582,1320.19058,2026-10-08
AAUC,Allied Gold Corporation,,,139347893.01634473,2813.43396,2026-10-08
AB,AllianceBernstein Holding L.P.  Units,Finance,Investment Managers,93075219.00826445,3266.009435,2026-10-08
ABAT,American Battery Technology Company,Industrials,Mining & Quarrying of Nonmetallic Minerals (No Fuels),142577758.1395349,306.54218,2026-10-08
ABBV,AbbVie Inc.,Health Care,Biotechnology: Pharmaceutical Preparations,1767117285.0013125,471272.508737,2026-10-08
ABCB,Ameris Bancorp,Finance,Major Banks,67107238.999374606,5365.223758,2026-10-08
ABCL,AbCellera Biologics Inc.,Health Care,Biotechnology: Pharmaceutical Preparations,323905528.973384,4259.357706,2026-10-08
ABEO,Abeona Therapeutics Inc.,Health Care,Biotechnology: Pharmaceutical Preparations,57184016.966067865,286.491925,2026-10-08
ABEV,Ambev S.A.,Consumer Staples,Beverages (Production/Distribution),15761638755.90062,50752.476794,2026-10-08
ABG,Asbury Automotive Group Inc,Consumer Discretionary,Retail-Auto Dealers and Gas Stations,17951917.000471253,3047.51743,2026-10-08
ABLV,Able View Global Inc.,Consumer Discretionary,Other Consumer Services,55220825.912408754,151.305063,2026-10-08
ABLVW,Able View Global Inc. Warrant,Consumer Discretionary,Other Consumer Services,55220837.98882682,0.988453,2026-10-08
ABM,ABM Industries Incorporated,Consumer Discretionary,Diversified Commercial Services,58614592.00413223,2836.946253,2026-10-08
ABNB,Airbnb Inc.,Consumer Discretionary,Diversified Commercial Services,598785682.0001247,96039.235536,2026-10-08
ABOS,Acumen Pharmaceuticals Inc.,Health Care,Biotechnology: Biological Products (No Diagnostic Substances),72317285.22167489,146.804089,2026-10-08
ABR,Arbor Realty Trust,Real Estate,Real Estate Investment Trusts,186558042.97994268,651.08757,2026-10-08
ABSI,Absci Corporation,Health Care,Biotechnology: Commercial Physical & Biological Resarch,171614010.0292113,1762.475883,2026-10-08
ABT,Abbott Laboratories,Health Care,Biotechnology: Pharmaceutical Preparations,1730383295.9963326,169854.424335,2026-10-08
ABTC,American Bitcoin Corp.,Finance,Finance: Consumer Services,72819713.01775149,615.326575,2026-10-08
ABTS,Abits Group Inc,Finance,Finance: Consumer Services,3214444.9799196785,4.001984,2026-10-08
ABUS,Arbutus Biopharma Corporation,Health Care,Biotechnology: Pharmaceutical Preparations,197847835.04464284,886.358301,2026-10-08
ABVC,ABVC BioPharma Inc.,Health Care,Biotechnology: Pharmaceutical Preparations,26694476.288659796,25.893642,2026-10-08
ABVX,Abivax SA,Health Care,Biotechnology: Pharmaceutical Preparations,87253796.996146,7697.529971,2026-10-08
ABX,Abacus Global Management Inc.,Finance,Investment Managers,97792248.98688915,820.476969,2026-10-08
ABXL,Abacus Global Management Inc. 9.875% Fixed Rate Senior Notes due 2028,Finance,Investment Managers,74651347.00990099,1884.946512,2026-10-08
ACA,Arcosa Inc.,Industrials,Metal Fabrications,49106809.00341297,7194.147519,2026-10-08
ACAA,Averin Capital Acquisition Corp.,Finance,Blank Checks,0.0,0.0,2026-10-08
ACAD,ACADIA Pharmaceuticals Inc.,Health Care,Biotechnology: Pharmaceutical Preparations,172305517.98378927,3401.310925,2026-10-08
ACB,Aurora Cannabis Inc.,Health Care, Medicinal Chemicals and Botanical Products ,61956923.96514162,284.382281,2026-10-08
ACCL,Acco Group Holdings Limited,Consumer Discretionary,Professional Services,13900000.0,35.862,2026-10-08
ACCO,Acco Brands Corporation,Consumer Discretionary,Publishing,92307567.96338673,403.384072,2026-10-08
ACCS,ACCESS Newswire Inc.,Consumer Discretionary,Professional Services,3827303.9175257734,18.562424,2026-10-08
ACCV,Accelevation Holdings Corp.,Energy,Industrial Machinery/Components,236423759.02439025,3877.349648,2026-10-08
ACDC,ProFrac Holding Corp.,Energy,Oilfield Services/Equipment,182122762.05128205,887.848465,2026-10-08
ACEL,Accel Entertainment Inc.,Consumer Discretionary,Services-Misc. Amusement & Recreation,81193475.04570384,888.256617,2026-10-08
ACET,Adicet Bio Inc.,Health Care,Biotechnology: Pharmaceutical Preparations,9361490.08,58.509313,2026-10-08
ACFN,Acorn Energy Inc.,Consumer Discretionary,Military/Government/Technical,2509618.0,46.427933,2026-10-08
ACGC,ACP Holdings Acquisition Corp.,Finance,Blank Checks,0.0,0.0,2026-10-08
ACGL,Arch Capital Group Ltd.,Finance,Property-Casualty Insurers,341229125.9966252,32355.345727,2026-10-08
ACGLN,Arch Capital Group Ltd.,Finance,Property-Casualty Insurers,341229126.0013132,5196.919589,2026-10-08
ACGLO,Arch Capital Group Ltd.,Finance,Property-Casualty Insurers,341229125.97613883,6292.265083,2026-10-08
ACH,Accendra Health Inc.,Health Care,Medical Specialities,76904704.99892727,35.845283,2026-10-08
ACHC,Acadia Healthcare Company Inc.,Health Care,Medical Specialities,93100275.0,2703.631986,2026-10-08
ACHR,Archer Aviation Inc.,Industrials,Aerospace,778285072.9032258,3619.025589,2026-10-08
ACHV,Achieve Life Sciences Inc.,Health Care,Biotechnology: In Vitro & In Vivo Diagnostic Substances,102902490.04267424,723.404505,2026-10-08
ACI,Albertsons Companies Inc.,Consumer Staples,Food Chains,485325683.01393723,5571.538841,2026-10-08
ACIC,American Coastal Insurance Corporation,Finance,Property-Casualty Insurers,47271828.02547771,445.30062,2026-10-08
ACIU,AC Immune SA,Health Care,Biotechnology: Pharmaceutical Preparations,101773573.01587301,256.469404,2026-10-08
ACIW,ACI Worldwide Inc.,Technology,Computer Software: Prepackaged Software,100955240.99783081,5119.440271,2026-10-08
ACLS,Axcelis Technologies Inc.,Technology,Industrial Machinery/Components,30881488.99752037,4358.922172,2026-10-08
ACM,AECOM,Consumer Discretionary,Military/Government/Technical,128696425.0,7742.376928,2026-10-08
ACMR,ACM Research Inc.,Technology,Industrial Machinery/Components,69649196.00530857,5248.066919,2026-10-08
ACN,Accenture plc,Consumer Discretionary,Business Services,667510210.0,129096.474614,2026-10-08
ACNB,ACNB Corporation,Finance,Major Banks,10169930.00156912,648.129639,2026-10-08
ACNT,Ascent Industries Co.,Industrials,Major Chemicals,9009453.030303031,124.871019,2026-10-08
ACOG,Alpha Cognition Inc.,,,21774104.008908685,195.531454,2026-10-08
ACON,Aclarion Inc.,Health Care,Medical Specialities,2882371.1790393014,6.60063,2026-10-08
ACONW,Aclarion Inc. Warrant,Health Care,Medical Specialities,2882382.8125,0.073789,2026-10-08
ACP,abrdn Income Credit Strategies Fund,Finance,Investment Managers,0.0,0.0,2026-10-08
ACR,ACRES Commercial Realty Corp.,Real Estate,Real Estate Investment Trusts,7478462.038834951,77.028159,2026-10-08
ACRE,Ares Commercial Real Estate Corporation,Real Estate,Real Estate Investment Trusts,55481113.06666667,208.054174,2026-10-08
ACRS,Aclaris Therapeutics Inc.,Health Care,Biotechnology: Pharmaceutical Preparations,147198892.97297296,544.635904,2026-10-08
ACRV,Acrivon Therapeutics Inc.,Health Care,Biotechnology: Pharmaceutical Preparations,42853361.82795699,79.707253,2026-10-08
ACT,Enact Holdings Inc.,Finance,Specialty Insurers,137483671.0060449,6368.243641,2026-10-08
ACTG,Acacia Research Corporation (Acacia Tech),Miscellaneous,Multi-Sector Companies,97586805.03432494,426.454338,2026-10-08
ACTU,Actuate Therapeutics Inc.,Health Care,Biotechnology: Pharmaceutical Preparations,24014201.57713159,19.489926,2026-10-08
ACU,Acme United Corporation.,Consumer Discretionary,Industrial Machinery/Components,3833823.000158403,242.029246,2026-10-08
ACV,Virtus Diversified Income & Convertible Fund,Finance,Finance/Investors Services,10362954.017857142,255.343187,2026-10-08
ACVA,ACV Auctions Inc.,Consumer Discretionary,Business Services,169807979.98084292,1772.795311,2026-10-08
ACXP,Acurx Pharmaceuticals Inc.,Health Care,Biotechnology: Pharmaceutical Preparations,5559405.34351145,7.282821,2026-10-08
AD,Array Digital Infrastructure Inc.,Telecommunications,Telecommunications Equipment,86500000.0,2968.68,2026-10-08
ADAC,American Drive Acquisition Company,,,0.0,0.0,2026-10-08
ADACW,American Drive Acquisition Company Warrant,,,0.0,0.0,2026-10-08
ADAG,Adagene Inc.,Health Care,Biotechnology: Pharmaceutical Preparations,66051593.856655285,193.53117,2026-10-08
ADAM,Adamas Trust Inc.,Real Estate,Real Estate Investment Trusts,90304745.98445596,697.152639,2026-10-08
ADAMG,Adamas Trust Inc. 9.125% Senior Notes Due 2030,Real Estate,Real Estate Investment Trusts,0.0,0.0,2026-10-08
ADAMH,Adamas Trust Inc. 9.875% Senior Notes Due 2030,Real Estate,Real Estate Investment Trusts,0.0,0.0,2026-10-08
ADAMI,Adamas Trust Inc. 9.125% Senior Notes Due 2029,Real Estate,Real Estate Investment Trusts,90579449.01249497,2247.27613,2026-10-08
ADAMK,Adamas Trust Inc. 9.600% Senior Notes Due 2031,Real Estate,Real Estate Investment Trusts,0.0,0.0,2026-10-08
ADAML,Adamas Trust Inc. 6.875% Series F Fixed-to-Floating Rate Cumulative Redeemable Preferred Stock $0.01 par value per share,Real Estate,Real Estate Investment Trusts,90304745.99260174,2197.11447,2026-10-08
ADAMM,Adamas Trust Inc. 7.875% Series E Fixed-to-Floating Rate Cumulative Redeemable Preferred Stock,Real Estate,Real Estate Investment Trusts,90304746.00957702,2263.036935,2026-10-08
ADAMN,Adamas Trust Inc. 8.00% Series D Fixed-to-Floating Rate Cumulative Redeemable Preferred Stock,Real Estate,Real Estate Investment Trusts,90304745.9933222,2163.701714,2026-10-08
ADAMO,Adamas Trust Inc. 9.250% Senior Notes Due 2031,Real Estate,Real Estate Investment Trusts,0.0,0.0,2026-10-08
ADAMZ,Adamas Trust Inc. 7.000% Series G Cumulative Redeemable Preferred Stock $0.01 par value per share,Real Estate,Real Estate Investment Trusts,90304746.02034709,1508.992306,2026-10-08
ADBE,Adobe Inc.,Technology,Computer Software: Prepackaged Software,389200000.0,92676.304,2026-10-08
ADBT,Advasa Holdings Inc.,Technology,Computer Software: Prepackaged Software,487065704.0,60.883213,2026-10-08
ADC,Agree Realty Corporation,Real Estate,Real Estate Investment Trusts,124379310.00151998,8182.914805,2026-10-08
ADCT,ADC Therapeutics SA,Health Care,Biotechnology: Pharmaceutical Preparations,127667695.27559055,162.137973,2026-10-08
ADEA,Adeia Inc.,Telecommunications,Cable & Other Pay Television Services,110280150.0,2712.89169,2026-10-08
ADGM,Adagio Medical Holdings Inc,Health Care,Medical/Dental Instruments,22210456.52173913,3.065043,2026-10-08
ADI,Analog Devices Inc.,Technology,Semiconductors,484565465.00059444,203784.006306,2026-10-08
ADIG,ADI Global Distribution Inc.,Industrials,Wholesale Distributors,75923197.97979797,1352.951388,2026-10-08
ADIL,Adial Pharmaceuticals Inc,Health Care,Biotechnology: Pharmaceutical Preparations,2625889.949748744,10.451042,2026-10-08
ADM,Archer-Daniels-Midland Company,Consumer Staples,Packaged Foods,481959582.9947695,39621.897318,2026-10-08
ADMA,ADMA Biologics Inc,Health Care,Biotechnology: Biological Products (No Diagnostic Substances),223984679.96070728,2280.164042,2026-10-08
ADNT,Adient plc,Consumer Discretionary,Auto Parts:O.E.M.,77096931.98172472,1349.967279,2026-10-08
ADP,Automatic Data Processing Inc.,Technology,EDP Services,396251547.9989327,103960.556133,2026-10-08
ADPT,Adaptive Biotechnologies Corporation,Health Care,Biotechnology: Biological Products (No Diagnostic Substances),159595842.00743496,4293.12815,2026-10-08
ADRX,ADARx Pharmaceuticals Inc.,Health Care,Biotechnology: Pharmaceutical Preparations,106801325.02691066,1984.368619,2026-10-08
ADSE,ADS-TEC ENERGY PLC,Consumer Discretionary,Industrial Specialties,75129730.02028398,740.779138,2026-10-08
ADSEW,ADS-TEC ENERGY PLC Warrant,Consumer Discretionary,Industrial Specialties,75129732.0,18.782433,2026-10-08
ADSK,Autodesk Inc.,Technology,Computer Software: Prepackaged Software,209000000.0,48337.52,2026-10-08
ADT,ADT Inc.,Consumer Discretionary,Diversified Commercial Services,730559247.9559748,4646.356817,2026-10-08
ADTN,ADTRAN Holdings Inc.,Utilities,Telecommunications Equipment,81481406.95538057,620.888321,2026-10-08
ADUR,Aduro Clean Technologies Inc.,Industrials,Major Chemicals,35704748.006785415,420.958979,2026-10-08
ADUS,Addus HomeCare Corporation,Health Care,Medical/Nursing Services,18674300.0,2113.183788,2026-10-08
ADV,Advantage Solutions Inc.,Consumer Discretionary,Business Services,12822230.018348623,349.405768,2026-10-08
ADVB,Advanced Biomed Inc.,Health Care,Medical Specialities,1652133.0721003136,10.540609,2026-10-08
ADX,Adams Diversified Equity Fund Inc.,Finance,Investment Managers,0.0,0.0,2026-10-08
ADXN,Addex Therapeutics Ltd,Health Care,Biotechnology: Pharmaceutical Preparations,1703712.893081761,5.417807,2026-10-08
AEAQ,Activate Energy Acquisition Corp. Class A Ordinary Share,,,0.0,0.0,2026-10-08
AEBI,Aebi Schmidt Holding AG,Industrials,Auto Manufacturing,77599384.0106007,878.425027,2026-10-08
AEC,Anfield Energy Inc.,Basic Materials,Metal Mining,19949975.93123209,69.625416,2026-10-08
AEE,Ameren Corporation,Utilities,Power Generation,276843251.0031471,28149.421762,2026-10-08
AEF,abrdn Emerging Markets ex-China Fund Inc.,Finance,Finance/Investors Services,107362500.0,1036.048125,2026-10-08
AEFC,Aegon Funding Company LLC 5.10% Subordinated Notes due 2049,,,0.0,0.0,2026-10-08
AEG,Aegon Ltd.,Finance,Life Insurance,1799678704.009434,15261.27541,2026-10-08
AEHL,Antelope Enterprise Holdings Limited,Consumer Discretionary,Telecommunications Equipment,19014856.037414968,223.614707,2026-10-08
AEHR,Aehr Test Systems,Industrials,Electrical Products,32659545.99522466,3009.250568,2026-10-08
AEI,Alset Inc.,Finance,Real Estate,38895829.79967832,26.600858,2026-10-08
AEIS,Advanced Energy Industries Inc.,Technology,Industrial Machinery/Components,40050441.99887704,12126.072324,2026-10-08
AEM,Agnico Eagle Mines Limited,Basic Materials,Precious Metals,507560998.0003225,94421.572458,2026-10-08
AEMD,Aethlon Medical Inc.,Health Care,Medical/Dental Instruments,1604095.0738916257,9.768939,2026-10-08
AENT,Alliance Entertainment Holding Corporation,Consumer Discretionary,Durable Goods,50979630.00000001,234.506298,2026-10-08
AENTW,Alliance Entertainment Holding Corporation Warrant,Consumer Discretionary,Durable Goods,50979631.578947365,9.68613,2026-10-08
AEO,American Eagle Outfitters Inc.,Consumer Discretionary,Clothing/Shoe/Accessory Stores,167573332.97931805,2997.886927,2026-10-08
AEON,AEON Biopharma Inc.,Health Care,Biotechnology: Pharmaceutical Preparations,49882789.09216431,14.451044,2026-10-08
AEP,American Electric Power Company Inc.,Utilities,Electric Utilities: Central,544397352.001315,66236.825818,2026-10-08
AER,AerCap Holdings N.V.,Consumer Discretionary,Diversified Commercial Services,154430065.0030765,22588.485608,2026-10-08
AERO,Grupo Aeromexico S.A.B. de C.V.,Consumer Discretionary,Air Freight/Delivery Services,145903409.02570233,2440.964033,2026-10-08
AERT,Aeries Technology Inc. Class A Ordinary Share,Consumer Discretionary,Professional Services,5247852.005532503,37.94197,2026-10-08
AES,The AES Corporation,Industrials,Electric Utilities: Central,713438630.0066979,10651.638746,2026-10-08
AESI,Atlas Energy Solutions Inc.,Industrials,Mining & Quarrying of Nonmetallic Minerals (No Fuels),125003450.98347756,1588.793862,2026-10-08
AESP,Aeon Acquisition I Corp.,Finance,Blank Checks,0.0,0.0,2026-10-08
AESPR,Aeon Acquisition I Corp. Rights,Finance,Blank Checks,0.0,0.0,2026-10-08
AESPU,Aeon Acquisition I Corp. Units,,,0.0,0.0,2026-10-08
AEVA,Aeva Technologies Inc.,Consumer Discretionary,Auto Parts:O.E.M.,69705757.99588194,1015.612894,2026-10-08
AEXA,American Exceptionalism Acquisition Corp. A,,,0.0,0.0,2026-10-08
AEYE,AudioEye Inc.,Technology,Computer Software: Prepackaged Software,12569673.988439307,86.982144,2026-10-08
AFB,AllianceBernstein National Municipal Income Fund Inc,Finance,Trusts Except Educational Religious and Charitable,0.0,0.0,2026-10-08
AFCG,Advanced Flower Capital Inc.,Finance,Real Estate,22671918.902439024,74.363894,2026-10-08
AFG,American Financial Group Inc.,Finance,Property-Casualty Insurers,82921466.00271294,11614.809743,2026-10-08
AFGB,American Financial Group Inc. 5.875% Subordinated Debentures due 2059,Finance,Property-Casualty Insurers,82921465.99642539,1855.782409,2026-10-08
AFGC,American Financial Group Inc. 5.125% Subordinated Debentures due 2059,Finance,Property-Casualty Insurers,82921465.98602901,1543.168482,2026-10-08
AFGD,American Financial Group Inc. 5.625% Subordinated Debentures due 2060,Finance,Property-Casualty Insurers,82921466.01336303,1861.586912,2026-10-08
AFGE,American Financial Group Inc. 4.500% Subordinated Debentures due 2060,Finance,Property-Casualty Insurers,82921465.97263534,1393.909843,2026-10-08
AFJK,Aimei Health Technology Co. Ltd Ordinary Share,,,0.0,0.0,2026-10-08
AFJKR,Aimei Health Technology Co. Ltd Right,,,0.0,0.0,2026-10-08
AFJKU,Aimei Health Technology Co. Ltd Unit,,,0.0,0.0,2026-10-08
AFL,AFLAC Incorporated,Finance,Accident &Health Insurance,501343298.00228816,56967.638952,2026-10-08
AFRI,Forafric Global PLC,Consumer Staples,Packaged Foods,26963815.03436426,313.858807,2026-10-08
AFRIW,Forafric Global PLC Warrants,Consumer Staples,Packaged Foods,26963815.172413792,39.097532,2026-10-08
AFRM,Affirm Holdings Inc.,Finance,Finance: Consumer Services,337421255.9962607,25266.103649,2026-10-08
AFYA,Afya Limited,Real Estate,Other Consumer Services,93722830.97376932,1304.153193,2026-10-08
AG,First Majestic Silver Corp.,Basic Materials,Precious Metals,492906383.0102623,8645.577958,2026-10-08
AGBK,AGI Inc,Finance,Commercial Banks,160135071.964018,1068.10093,2026-10-08
AGCC,Agencia Comercial Spirits Ltd,Consumer Staples,Beverages (Production/Distribution),37286500.0,559.2975,2026-10-08
AGCO,AGCO Corporation,Industrials,Industrial Machinery/Components,70031729.00421724,8136.986593,2026-10-08
AGD,abrdn Global Dynamic Dividend Fund,Finance,Trusts Except Educational Religious and Charitable,0.0,0.0,2026-10-08
AGEN,Agenus Inc.,Health Care,Biotechnology: Biological Products (No Diagnostic Substances),45161916.02136181,338.262751,2026-10-08
AGI,Alamos Gold Inc.,Basic Materials,Precious Metals,419965410.99908346,13745.467902,2026-10-08
AGIG,Abundia Global Impact Group Inc.,Energy,Oil & Gas Production,44150320.64760303,41.995785,2026-10-08
AGIO,Agios Pharmaceuticals Inc.,Health Care,Biotechnology: Pharmaceutical Preparations,59701881.99873897,1893.743697,2026-10-08
AGL,agilon health inc.,Health Care,Misc Health and Biotechnology Services,16791210.0,1400.386914,2026-10-08
AGM,Federal Agricultural Mortgage Corporation,Finance,Finance Companies,10853209.999065071,2321.718683,2026-10-08
AGMB,AgomAb Therapeutics NV,Health Care,Biotechnology: Biological Products (No Diagnostic Substances),49247975.0,435.352099,2026-10-08
AGMH,AGM Group Holdings Inc.,Technology,EDP Services,5166746.781115879,3.00963,2026-10-08
AGNC,AGNC Investment Corp.,Real Estate,Real Estate Investment Trusts,1185481447.0114944,10313.688589,2026-10-08
AGNCL,AGNC Investment Corp.,Real Estate,Real Estate Investment Trusts,1185481446.998012,29814.858392,2026-10-08
AGNCM,AGNC Investment Corp.,Real Estate,Real Estate Investment Trusts,1185481447.0040486,29281.391741,2026-10-08
AGNCN,AGNC Investment Corp.,Real Estate,Real Estate Investment Trusts,1185481446.9984202,30016.390238,2026-10-08
AGNCO,AGNC Investment Corp.,Real Estate,Real Estate Investment Trusts,1185481446.9956229,29791.148763,2026-10-08
AGNCP,AGNC Investment Corp.,Real Estate,Real Estate Investment Trusts,1185481447.0016208,29257.682112,2026-10-08
AGNCZ,AGNC Investment Corp.,Real Estate,Real Estate Investment Trusts,1185481447.017974,29020.585823,2026-10-08
AGNT,AGNT Inc.,Finance,Real Estate,167117936.91099477,638.390519,2026-10-08
AGO,Assured Guaranty Ltd.,Finance,Property-Casualty Insurers,43979207.99366268,3053.476411,2026-10-08
AGPU,Axe Compute Inc.,Health Care,Industrial Specialties,11591124.00325468,142.454914,2026-10-08
AGRO,Adecoagro S.A.,Consumer Staples,Farming/Seeds/Milling,144308465.98890942,1561.417602,2026-10-08
AGRZ,Agroz Inc.,Consumer Staples,Farming/Seeds/Milling,1892674.0181268882,6.264751,2026-10-08
AGX,Argan Inc.,Consumer Discretionary,Engineering & Construction,14029842.00028596,5887.482897,2026-10-08
AGYS,Agilysys Inc.,Technology,EDP Services,28205788.004858788,2786.449797,2026-10-08
AHCO,AdaptHealth Corp.,Health Care,Medical/Nursing Services,136344196.01386482,786.706011,2026-10-08
AHG,Akso Health Group,Consumer Discretionary,Business Services,856704176.923077,1002.343887,2026-10-08
AHMA,Ambitions Enterprise Management Co. L.L.C,Consumer Discretionary,Services-Misc. Amusement & Recreation,29725000.0,38.34525,2026-10-08
AHR,American Healthcare REIT Inc.,Real Estate,Real Estate Investment Trusts,233185200.0,11773.520748,2026-10-08
AHRT,AH Realty Trust Inc.,Finance,Real Estate,74592992.05298012,450.541672,2026-10-08
AHT,Ashford Hospitality Trust Inc,Real Estate,Real Estate Investment Trusts,6469813.963963963,14.362987,2026-10-08
AI,C3.ai Inc.,Technology,Computer Software: Prepackaged Software,160779855.96085408,1807.165581,2026-10-08
AIAI,AIAI Holdings Corporation,Technology,EDP Services,70845688.12154695,256.461391,2026-10-08
AIB,AIB Data Centers Inc.,Finance,Investment Bankers/Brokers/Service,75979466.24203822,119.287762,2026-10-08
AIBZ,Bitzero Holdings Inc.,Consumer Discretionary,Services-Misc. Amusement & Recreation,62209991.966759,224.578071,2026-10-08
AIDX,20/20 Biolabs Inc.,Health Care,Precision Instruments,12770303.632236095,4.500255,2026-10-08
AIFA,All In FutureTech Alliance Inc.,Consumer Discretionary,Services-Misc. Amusement & Recreation,6420316.036505867,49.243824,2026-10-08
AIFC,AI Financial Corporation,Finance,Investment Bankers/Brokers/Service,139836510.12686402,62.828544,2026-10-08
AIFF,Firefly Neuroscience Inc.,Technology,Computer Software: Prepackaged Software,15690316.0,19.612895,2026-10-08
AIFU,AIFU Inc. Class A Ordinary Share,Finance,Specialty Insurers,6175705.992844366,69.044393,2026-10-08
AIG,American International Group Inc. New,Finance,Property-Casualty Insurers,522893169.00545865,39274.505924,2026-10-08
AII,American Integrity Insurance Group Inc.,Finance,Property-Casualty Insurers,19595167.015909974,504.967454,2026-10-08
AIIA,AI Infrastructure Acquisition Corp.,Finance,Blank Checks,0.0,0.0,2026-10-08
AIIO,Robo.ai Inc.,Industrials,Auto Manufacturing,119035576.1061947,134.510201,2026-10-08
AIIOW,Robo.ai Inc. Warrant,Industrials,Auto Manufacturing,119035548.38709678,1.845051,2026-10-08
AIIR,Air Global PLC,Consumer Discretionary,Tobacco,160386601.96078432,1226.957505,2026-10-08
AIM,AIM ImmunoTech Inc.,Health Care,Biotechnology: Biological Products (No Diagnostic Substances),39894843.83561644,7.280809,2026-10-08
AIMD,Ainos Inc.,Technology,Computer peripheral equipment,8544072.868217055,11.021854,2026-10-08
AIMDW,Ainos Inc. Warrants,Technology,Computer peripheral equipment,8544071.782178218,0.690361,2026-10-08
AIN,Albany International Corporation,Consumer Discretionary,Textiles,28400000.0,1684.404,2026-10-08
AIO,Virtus Artificial Intelligence & Technology Opportunities Fund,Finance,Finance/Investors Services,34340971.995332554,882.90639,2026-10-08
AIOS,AIOS Tech Inc.,Industrials,Metal Fabrications,3249254.966329966,38.601149,2026-10-08
AIOT,PowerFleet Inc.,Telecommunications,Telecommunications Equipment,134225918.0811808,363.752238,2026-10-08
AIP,Arteris Inc.,Technology,Semiconductors,49152101.98922503,1186.040221,2026-10-08
AIR,AAR Corp.,Industrials,Aerospace,40194210.99682784,4181.40377,2026-10-08
AIRE,reAlpha Tech Corp.,Finance,Real Estate,6006624.0,7.50828,2026-10-08
AIRG,Airgain Inc.,Technology,Radio And Television Broadcasting And Communications Equipment,13100233.966745844,55.151985,2026-10-08
AIRI,Air Industries Group,Industrials,Military/Government/Technical,4856181.044487428,12.553228,2026-10-08
AIRJ,AirJoule Technologies Corporation,Industrials,Industrial Machinery/Components,75206897.90575917,287.29035,2026-10-08
AIRJW,AirJoule Technologies Corporation Warrant,Industrials,Industrial Machinery/Components,75206897.64705883,63.925863,2026-10-08
AIRO,AIRO Group Holdings Inc.,Industrials,Aerospace,31555916.998468604,206.060138,2026-10-08
AIRS,AirSculpt Technologies Inc.,Health Care,Medical/Nursing Services,72095209.13978495,134.097089,2026-10-08
AIRT,Air T Inc.,Consumer Discretionary,Air Freight/Delivery Services,2681747.987012987,82.597838,2026-10-08
AIRTP,Air T Inc. Air T Funding Alpha Income Trust Preferred Securities,Consumer Discretionary,Air Freight/Delivery Services,2681747.9894179897,50.685037,2026-10-08
AISP,Airship AI Holdings Inc.,Technology,Computer Software: Prepackaged Software,34439562.08530806,72.667476,2026-10-08
AISPW,Airship AI Holdings Inc. Warrants,Technology,Computer Software: Prepackaged Software,34439562.5,16.53099,2026-10-08
AIT,Applied Industrial Technologies Inc.,Consumer Discretionary,Industrial Specialties,36733894.999855064,12672.826436,2026-10-08
AIV,Apartment Investment and Management Company,Real Estate,Real Estate Investment Trusts,145236897.86096257,271.592999,2026-10-08
AIXI,XIAO-I Corporation,Technology,Computer Software: Prepackaged Software,131512.97297297296,0.243299,2026-10-08
AIZ,Assurant Inc.,Finance,Property-Casualty Insurers,49323766.998819016,13364.767906,2026-10-08
AIZN,Assurant Inc. 5.25% Subordinated Notes due 2061,Finance,Property-Casualty Insurers,50459211.02362204,897.164772,2026-10-08
AJG,Arthur J. Gallagher & Co.,Finance,Specialty Insurers,256300000.0,58910.555,2026-10-08
AKA,a.k.a. Brands Holding Corp.,Consumer Discretionary,Catalog/Specialty Distribution,10991058.971962618,117.604331,2026-10-08
AKAM,Akamai Technologies Inc.,Consumer Discretionary,Business Services,143716609.00386667,15610.49807,2026-10-08
AKAN,Akanda Corp.,Health Care, Medicinal Chemicals and Botanical Products ,2388212.1693121693,4.513721,2026-10-08
AKBA,Akebia Therapeutics Inc.,Health Care,Biotechnology: Pharmaceutical Preparations,277106244.73534435,243.437836,2026-10-08
AKO-A,Embotelladora Andina S.A.,,,,,2026-10-08
AKO-B,Embotelladora Andina S.A.,,,,,2026-10-08
AKR,Acadia Realty Trust,Real Estate,Real Estate Investment Trusts,137332722.0228385,2525.548758,2026-10-08
AKTS,Aktis Oncology Inc.,Health Care,Biotechnology: Pharmaceutical Preparations,55619498.99216126,993.364252,2026-10-08
AKTX,Akari Therapeutics plc,Health Care,Biotechnology: Pharmaceutical Preparations,2285164.9582836707,19.172534,2026-10-08
ALAB,Astera Labs Inc.,Technology,Semiconductors,173485103.99948692,67624.493539,2026-10-08
ALAR,Alarum Technologies Ltd.,Technology,Computer Software: Prepackaged Software,7250471.00591716,12.253296,2026-10-08
ALB,Albemarle Corporation,Industrials,Major Chemicals,118005057.00047015,12549.837812,2026-10-08
ALC,Alcon Inc.,Health Care,Ophthalmic Goods,499700000.0,31576.043,2026-10-08
ALCO,Alico Inc.,Consumer Staples,Farming/Seeds/Milling,7418560.987718839,283.908329,2026-10-08
ALDF,Aldel Financial II Inc.,,,0.0,0.0,2026-10-08
ALDFW,Aldel Financial II Inc. Warrants,Finance,Blank Checks,0.0,0.0,2026-10-08
ALDX,Aldeyra Therapeutics Inc.,Health Care,Biotechnology: Pharmaceutical Preparations,60326421.00666011,55.252969,2026-10-08
ALEC,Alector Inc.,Health Care,Biotechnology: Biological Products (No Diagnostic Substances),111656918.78453039,202.099023,2026-10-08
ALF,Centurion Acquisition Corp.,,,0.0,0.0,2026-10-08
ALG,Alamo Group Inc.,Industrials,Industrial Machinery/Components,12170964.999074701,1973.035136,2026-10-08
ALGM,Allegro MicroSystems Inc.,Technology,Semiconductors,186402046.001032,7224.943303,2026-10-08
ALGN,Align Technology Inc.,Health Care,Industrial Specialties,71039851.99717215,10048.587065,2026-10-08
ALGS,Aligos Therapeutics Inc.,Health Care,Biotechnology: Biological Products (No Diagnostic Substances),6244557.992565056,33.595722,2026-10-08
ALGT,Allegiant Travel Company,Consumer Discretionary,Air Freight/Delivery Services,27337755.003868967,2119.769523,2026-10-08
ALH,Alliance Laundry Holdings Inc.,Industrials,Industrial Machinery/Components,198789096.0166744,4291.856583,2026-10-08
ALHC,Alignment Healthcare Inc.,Health Care,Medical Specialities,207435148.98446837,1736.232197,2026-10-08
ALIS,Calisa Acquisition Corp,,,0.0,0.0,2026-10-08
ALISR,Calisa Acquisition Corp Right,Finance,Blank Checks,0.0,0.0,2026-10-08
ALISU,Calisa Acquisition Corp Units,,,0.0,0.0,2026-10-08
ALIT,Alight Inc.,Consumer Discretionary,Business Services,26939093.046357613,244.068183,2026-10-08
ALK,Alaska Air Group Inc.,Consumer Discretionary,Air Freight/Delivery Services,111603120.0050138,4451.848457,2026-10-08
ALKS,Alkermes plc,Health Care,Biotechnology: Pharmaceutical Preparations,167763272.00480193,6987.340279,2026-10-08
ALKT,Alkami Technology Inc.,Technology,Computer Software: Prepackaged Software,106941980.01417434,1508.951338,2026-10-08
ALL,Allstate Corporation (The),Finance,Property-Casualty Insurers,252857950.00222945,56708.452447,2026-10-08
ALLE,Allegion plc,Consumer Discretionary,Diversified Commercial Services,85036785.99871135,13197.709187,2026-10-08
ALLO,Allogene Therapeutics Inc.,Health Care,Biotechnology: Biological Products (No Diagnostic Substances),345490880.82191783,504.416686,2026-10-08
ALLR,Allarity Therapeutics Inc.,Health Care,Biotechnology: Pharmaceutical Preparations,15910723.63747082,15.676836,2026-10-08
ALLT,Allot Ltd.,Telecommunications,Computer Communications Equipment,48923099.04076739,408.018646,2026-10-08
ALLY,Ally Financial Inc.,Finance,Major Banks,304199693.0090378,11443.992451,2026-10-08
ALM,Almonty Industries Inc.,Basic Materials,Other Metals and Minerals,288480750.0,3761.78898,2026-10-08
ALMR,Alamar Biosciences Inc.,Industrials,Biotechnology: Laboratory Analytical Instruments,69392765.9950403,2238.610631,2026-10-08
ALMS,Alumis Inc.,Health Care,Biotechnology: Pharmaceutical Preparations,129435238.96103896,896.986206,2026-10-08
ALMU,Aeluma Inc.,Technology,Semiconductors,19314923.018292684,253.41179,2026-10-08
ALNT,Allient Inc.,Industrials,Electrical Products,17002511.003070626,1993.37439,2026-10-08
ALNY,Alnylam Pharmaceuticals Inc.,Health Care,Biotechnology: Pharmaceutical Preparations,133809118.00035724,29965.213885,2026-10-08
ALOV,Aldabra 4 Liquidity Opportunity Vehicle Inc.,,,0.0,0.0,2026-10-08
ALOY,REalloys Inc.,Basic Materials,Metal Mining,69418931.03448276,563.68172,2026-10-08
ALP,Alpha Compute Corp,Finance,Finance: Consumer Services,1549848.009950249,6.230389,2026-10-08
ALPS,ALPS Group Inc Ordinary Share,Health Care,Medical/Nursing Services,166400313.7153228,64.180601,2026-10-08
ALPX,Alpex Acquisition Corporation,Finance,Blank Checks,0.0,0.0,2026-10-08
ALPXR,Alpex Acquisition Corporation Rights,Finance,Blank Checks,0.0,0.0,2026-10-08
ALPXU,Alpex Acquisition Corporation Unit,Finance,Blank Checks,0.0,0.0,2026-10-08
ALPXW,Alpex Acquisition Corporation Warrants,Finance,Blank Checks,0.0,0.0,2026-10-08
ALRM,Alarm.com Holdings Inc.,Technology,Computer Software: Prepackaged Software,49090227.99857423,2754.452693,2026-10-08
ALRS,Alerus Financial Corporation,Finance,Major Banks,24927525.988875154,806.654741,2026-10-08
ALSN,Allison Transmission Holdings Inc.,Consumer Discretionary,Auto Parts:O.E.M.,82578038.0043573,9475.829861,2026-10-08
ALT,Altimmune Inc.,Health Care,Biotechnology: Pharmaceutical Preparations,194517701.1235955,519.362262,2026-10-08
ALTG,Alta Equipment Group Inc.,Industrials,Industrial Machinery/Components,32666871.95845697,220.174717,2026-10-08
ALTI,AlTi Global Inc.,Finance,Investment Managers,155943431.94444445,449.117084,2026-10-08
ALTO,Alto Ingredients Inc.,Industrials,Major Chemicals,77567564.0,290.878365,2026-10-08
ALUB,Alussa Energy Acquisition Corp. II,,,0.0,0.0,2026-10-08
ALV,Autoliv Inc.,Consumer Discretionary,Auto Parts:O.E.M.,73237217.00132684,8279.467382,2026-10-08
ALVO,Alvotech,Health Care,Biotechnology: Biological Products (No Diagnostic Substances),390431479.9674267,2397.249287,2026-10-08
ALVOW,Alvotech Warrant,Health Care,Biotechnology: Biological Products (No Diagnostic Substances),390431479.0925267,175.537993,2026-10-08
ALX,Alexander's Inc.,Real Estate,Real Estate Investment Trusts,5107289.999592652,1253.788622,2026-10-08
ALXO,ALX Oncology Holdings Inc.,Health Care,Biotechnology: Pharmaceutical Preparations,138276997.2972973,153.487467,2026-10-08
ALZN,Alzamend Neuro Inc.,Health Care,Biotechnology: Pharmaceutical Preparations,4825723.357664233,6.611241,2026-10-08
AM,Antero Midstream Corporation,Utilities,Natural Gas Distribution,474674000.0,10034.60836,2026-10-08
AMAC,AMR Resources Acquisition Corp,Finance,Blank Checks,0.0,0.0,2026-10-08
AMACU,AMR Resources Acquisition Corp Units,Finance,Blank Checks,0.0,0.0,2026-10-08
AMAL,Amalgamated Financial Corp.,Finance,Major Banks,29900147.009443864,1424.742005,2026-10-08
AMAN,Amanat Acquisition Corp,Finance,Blank Checks,0.0,0.0,2026-10-08
AMAT,Applied Materials Inc.,Technology,Semiconductors,793597443.0007355,420820.9161,2026-10-08
AMBA,Ambarella Inc.,Technology,Semiconductors,44140971.00382691,2998.93757,2026-10-08
AMBO,Ambow Education Holding Ltd. American Depository Shares (each representing twenty (20),Real Estate,Other Consumer Services,2860321.7391304346,5.262992,2026-10-08
AMBP,Ardagh Metal Packaging S.A.,Industrials,Containers/Packaging,597699586.036036,2653.786162,2026-10-08
AMBQ,Ambiq Micro Inc.,Technology,Semiconductors,24184536.005692597,1529.430057,2026-10-08
AMBR,Amber International Holding Limited,Finance,Finance: Consumer Services,94275250.75376885,187.607749,2026-10-08
AMC,AMC Entertainment Holdings Inc.,Consumer Discretionary,Movies/Entertainment,892604637.9661016,2633.183682,2026-10-08
AMCI,AMC Robotics Corporation,Consumer Discretionary,Home Furnishings,23206422.866894197,67.994819,2026-10-08
AMCR,Amcor plc,Consumer Discretionary,Miscellaneous manufacturing industries,462345689.99281776,19312.179471,2026-10-08
AMCX,AMC Global Media Inc.,Telecommunications,Cable & Other Pay Television Services,41249971.03825136,452.924682,2026-10-08
AMD,Advanced Micro Devices Inc.,Technology,Semiconductors,1632475042.0005546,1060161.941776,2026-10-08
AME,AMETEK Inc.,Industrials,Industrial Machinery/Components,229261244.00126123,58168.162828,2026-10-08
AMG,Affiliated Managers Group Inc.,Finance,Investment Managers,25859933.000632044,9819.533759,2026-10-08
AMGN,Amgen Inc.,Health Care,Biotechnology: Biological Products (No Diagnostic Substances),540632005.0,217658.445213,2026-10-08
AMH,American Homes 4 Rent,Real Estate,Real Estate Investment Trusts,359179944.01050216,10944.212894,2026-10-08
AMIX,Autonomix Medical Inc.,Health Care,Medical/Dental Instruments,1959938.0403458213,6.800985,2026-10-08
AMKR,Amkor Technology Inc.,Technology,Semiconductors,248452471.9985016,13264.87748,2026-10-08
AMLX,Amylyx Pharmaceuticals Inc.,Health Care,Biotechnology: Pharmaceutical Preparations,125458282.98858774,3517.850255,2026-10-08
AMN,AMN Healthcare Services Inc,Consumer Discretionary,Professional Services,38729990.988292955,1422.552569,2026-10-08
AMOD,Alpha Modus Holdings Inc.,Miscellaneous,Multi-Sector Companies,56607824.0,141.51956,2026-10-08
AMODW,Alpha Modus Holdings Inc. Warrant,Miscellaneous,Multi-Sector Companies,56607807.01754386,1.290658,2026-10-08
AMP,Ameriprise Financial Inc.,Finance,Investment Managers,89897083.99951673,44643.790885,2026-10-08
AMPG,Amplitech Group Inc.,Telecommunications,Telecommunications Equipment,30043886.95652174,89.831222,2026-10-08
AMPGZ,Amplitech Group Inc. Series B Right,Telecommunications,Telecommunications Equipment,30043888.0,3.755486,2026-10-08
AMPH,Amphastar Pharmaceuticals Inc.,Health Care,Biotechnology: Pharmaceutical Preparations,42537943.998456195,1102.158129,2026-10-08
AMPL,Amplitude Inc.,Technology,Computer Software: Prepackaged Software,124916065.99053416,1847.508616,2026-10-08
AMPX,Amprius Technologies Inc.,Miscellaneous,Industrial Machinery/Components,146080617.95142555,1383.383452,2026-10-08
AMPY,Amplify Energy Corp.,Energy,Oil & Gas Production,41456449.99999999,185.724896,2026-10-08
AMR,Alpha Metallurgical Resources Inc.,Energy,Coal Mining,12679044.999434965,2243.937384,2026-10-08
AMRC,Ameresco Inc.,Consumer Discretionary,Engineering & Construction,53066210.97883598,1203.541665,2026-10-08
AMRN,Amarin Corporation plc,Health Care,Biotechnology: Pharmaceutical Preparations,21122833.968516983,254.952606,2026-10-08
AMRX,Amneal Pharmaceuticals Inc.,Health Care,Biotechnology: Pharmaceutical Preparations,348296016.99926084,7068.667665,2026-10-08
AMRZ,Amrize Ltd,Industrials,Building Materials,546925643.9914163,20389.388008,2026-10-08
AMS,American Shared Hospital Services,Health Care,Medical Specialities,6650000.000000001,9.177,2026-10-08
AMSC,American Superconductor Corporation,Consumer Discretionary,Metal Fabrications,48442143.01412873,1542.882255,2026-10-08
AMSF,AMERISAFE Inc.,Finance,Property-Casualty Insurers,18536058.008474573,437.450969,2026-10-08
AMSS,AMASS Brands Inc.,Consumer Staples,Beverages (Production/Distribution),11605080.739527265,4.958851,2026-10-08
AMST,Amesite Inc.,Technology,Computer Software: Prepackaged Software,6549850.537634408,6.091361,2026-10-08
AMT,American Tower Corporation (REIT),Real Estate,Real Estate Investment Trusts,465960047.9973298,76780.896709,2026-10-08
AMTB,Amerant Bancorp Inc.,Finance,Major Banks,39189857.98348245,1138.857273,2026-10-08
AMTD,AMTD IDEA Group,Finance,Finance: Consumer Services,95705554.48408872,69.472662,2026-10-08
AMTM,Amentum Holdings Inc.,Consumer Discretionary,Business Services,244506412.99946725,4589.385372,2026-10-08
AMTX,Aemetis Inc. (DE),Industrials,Major Chemicals,72169593.8547486,129.183573,2026-10-08
AMWL,American Well Corporation,Consumer Discretionary,Business Services,17008758.02770986,208.697461,2026-10-08
AMX,America Movil S.A.B. de C.V.,Telecommunications,Telecommunications Equipment,3009750000.0,67298.01,2026-10-08
AMZN,Amazon.com Inc.,Consumer Discretionary,Catalog/Specialty Distribution,10786313572.000467,2764424.305368,2026-10-08
AN,AutoNation Inc.,Consumer Discretionary,Retail-Auto Dealers and Gas Stations,33060806.001011763,5228.235861,2026-10-08
ANAB,AnaptysBio Inc.,Health Care,Biotechnology: Pharmaceutical Preparations,29608480.99812069,1417.950155,2026-10-08
ANDE,Andersons Inc. (The),Industrials,Farming/Seeds/Milling,33975570.00225208,2262.94284,2026-10-08
ANDG,Andersen Group Inc.,Consumer Discretionary,Business Services,112988452.99369748,6453.900435,2026-10-08
ANET,Arista Networks Inc.,Telecommunications,Computer Communications Equipment,1261224647.9986997,271617.340193,2026-10-08
ANF,Abercrombie & Fitch Company,Consumer Discretionary,Clothing/Shoe/Accessory Stores,42434376.99978782,5999.796564,2026-10-08
ANGH,Anghami Inc.,Consumer Discretionary,Telecommunications Equipment,9064808.1232493,32.361365,2026-10-08
ANGI,Angi Inc.,Consumer Discretionary,Advertising,40556251.00671141,241.715256,2026-10-08
ANGO,AngioDynamics Inc.,Health Care,Medical/Dental Instruments,41332388.97364771,596.013049,2026-10-08
ANGX,Angel Studios Inc.,Consumer Discretionary,Movies/Entertainment,186756319.0821256,773.171161,2026-10-08
ANIK,Anika Therapeutics Inc.,Health Care,Medical/Dental Instruments,13382966.004184099,255.88231,2026-10-08
ANIP,ANI Pharmaceuticals Inc.,Health Care,Biotechnology: Pharmaceutical Preparations,22959488.003355704,1642.062582,2026-10-08
ANIX,Anixa Biosciences Inc.,Health Care,Biotechnology: Pharmaceutical Preparations,34763801.98675497,104.986682,2026-10-08
ANL,Adlai Nortye Group Ltd.,Health Care,Biotechnology: Pharmaceutical Preparations,64397937.966804974,931.194183,2026-10-08
ANNA,AleAnna Inc.,Energy,Oil & Gas Production,66934400.0,182.730912,2026-10-08
ANNAW,AleAnna Inc. Warrant,Energy,Oil & Gas Production,66934400.0,16.7336,2026-10-08
ANNX,Annexon Inc.,Health Care,Biotechnology: Pharmaceutical Preparations,189579133.9950372,764.00391,2026-10-08
ANPA,Rich Sparkle Holdings Limited,Consumer Discretionary,Other Consumer Services,15101754.871794872,29.448422,2026-10-08
ANRO,Alto Neuroscience Inc.,Health Care,Biotechnology: Pharmaceutical Preparations,39242104.01013085,929.645444,2026-10-08
ANTA,Antalpha Platform Holding Company,Finance,Investment Bankers/Brokers/Service,37600000.0,95.43632,2026-10-08
ANTX,AN2 Therapeutics Inc.,Health Care,Biotechnology: Pharmaceutical Preparations,37736237.08086785,191.322722,2026-10-08
ANVS,Annovis Bio Inc.,Health Care,Biotechnology: Pharmaceutical Preparations,42679059.3220339,50.36129,2026-10-08
AOD,abrdn Total Dynamic Dividend Fund,Finance,Investment Managers,0.0,0.0,2026-10-08
AOMD,Angel Oak Mortgage REIT Inc. 9.750% Senior Notes due 2030,Finance,Real Estate,0.0,0.0,2026-10-08
AOMN,Angel Oak Mortgage REIT Inc. 9.500% Senior Notes due 2029,Finance,Real Estate,0.0,0.0,2026-10-08
AOMR,Angel Oak Mortgage REIT Inc.,Finance,Real Estate,23214876.964769647,171.325792,2026-10-08
AON,Aon plc,Finance,Specialty Insurers,212125434.0012409,58120.247662,2026-10-08
AORT,Artivion Inc.,Health Care,Medical/Dental Instruments,48756221.016483516,1064.835867,2026-10-08
AOS,A.O. Smith Corporation,Consumer Discretionary,Consumer Electronics/Appliances,135908573.00527242,7733.197804,2026-10-08
AOSL,Alpha and Omega Semiconductor Limited,Technology,Semiconductors,30305071.00868403,907.333826,2026-10-08
AOUT,American Outdoor Brands Inc.,Consumer Discretionary,Recreational Games/Products/Toys,12621224.984462399,203.07551,2026-10-08
AP,Ampco-Pittsburgh Corporation,Industrials,Fluid Controls,20658621.01910828,194.60421,2026-10-08
APA,APA Corporation,Energy,Oil & Gas Production,350351510.0,15450.501591,2026-10-08
APAC,StoneBridge Acquisition II Corporation,Finance,Blank Checks,0.0,0.0,2026-10-08
APACR,StoneBridge Acquisition II Corporation Rights,,,0.0,0.0,2026-10-08
APAM,Artisan Partners Asset Management Inc.,Finance,Investment Managers,81072669.0,2837.543415,2026-10-08
APC,ARKO Petroleum Corp.,Energy,Oil Refining/Marketing,12570222.977941176,205.146039,2026-10-08
APD,Air Products and Chemicals Inc.,Basic Materials,Major Chemicals,222685530.0,62574.63393,2026-10-08
APEI,American Public Education Inc.,Real Estate,Other Consumer Services,18301542.9900476,845.897317,2026-10-08
APG,APi Group Corporation,Consumer Discretionary,Diversified Commercial Services,432160297.00483096,17891.436296,2026-10-08
APH,Amphenol Corporation,Technology,Electrical Products,2465966914.0036106,218533.987919,2026-10-08
API,Agora Inc.,Technology,Computer Software: Prepackaged Software,83775000.0,345.153,2026-10-08
APLD,Applied Digital Corporation,Technology,EDP Services,299094373.0071034,7579.051412,2026-10-08
APLE,Apple Hospitality REIT Inc.,Real Estate,Real Estate Investment Trusts,236082697.97917944,3855.230458,2026-10-08
APLM,Apollomics Inc.,Health Care,Biotechnology: Pharmaceutical Preparations,2896052.9864253392,64.002771,2026-10-08
APLMW,Apollomics Inc. Warrant,Health Care,Biotechnology: Pharmaceutical Preparations,2896095.238095238,0.030409,2026-10-08
APMC,AmperCap Acquisition Company,Finance,Blank Checks,0.0,0.0,2026-10-08
APMCR,AmperCap Acquisition Company Right,Finance,Blank Checks,0.0,0.0,2026-10-08
APMD,Apnimed Inc.,Health Care,Biotechnology: Pharmaceutical Preparations,41630778.98123325,776.414028,2026-10-08
APO,Apollo Global Management Inc. (New),Finance,Investment Managers,590543158.9995688,68473.479286,2026-10-08
APOG,Apogee Enterprises Inc.,Consumer Discretionary,Auto Parts:O.E.M.,20868294.0,834.73176,2026-10-08
APOS,Apollo Global Management Inc. 7.625% Fixed-Rate Resettable Junior Subordinated Notes due 2053,Finance,Investment Managers,569534271.015625,14580.077338,2026-10-08
APP,Applovin Corporation,Technology,Computer Software: Programming Data Processing,334651000.00000006,93294.00578,2026-10-08
APPF,AppFolio Inc.,Technology,Computer Software: Prepackaged Software,35416992.002360925,7200.628644,2026-10-08
APPN,Appian Corporation,Technology,Computer Software: Prepackaged Software,71627596.99328859,2668.127988,2026-10-08
APPS,Digital Turbine Inc.,Miscellaneous,Multi-Sector Companies,121721855.00476643,1276.862259,2026-10-08
APRE,Aprea Therapeutics Inc.,Health Care,Biotechnology: Pharmaceutical Preparations,12591136.113296617,8.001667,2026-10-08
APT,Alpha Pro Tech Ltd.,Health Care,Industrial Specialties,10206218.030050084,61.135246,2026-10-08
APTV,Aptiv PLC,Consumer Discretionary,Auto Parts:O.E.M.,207633330.99284437,9285.362562,2026-10-08
APUR,Aperture AC,Finance,Blank Checks,0.0,0.0,2026-10-08
APURR,Aperture AC Rights,Finance,Blank Checks,0.0,0.0,2026-10-08
APUS,Apimeds Pharmaceuticals US Inc.,Health Care,Biotechnology: Pharmaceutical Preparations,1542623.9831697056,10.998909,2026-10-08
APVO,Aptevo Therapeutics Inc.,Health Care,Biotechnology: Pharmaceutical Preparations,1801969.9164345404,3.234536,2026-10-08
APWC,Asia Pacific Wire & Cable Corporation Ltd.,Industrials,Telecommunications Equipment,41232453.657410964,53.606313,2026-10-08
APXT,Apex Treasury Corporation Class A Ordinary Share,Finance,Blank Checks,0.0,0.0,2026-10-08
APYX,Apyx Medical Corporation,Health Care,Medical/Dental Instruments,42124023.1827112,107.205639,2026-10-08
AQB,AquaBounty Technologies Inc.,Consumer Staples,Meat/Poultry/Fish,5147204.436313743,4.501745,2026-10-08
AQMS,Aqua Metals Inc.,Industrials,Metal Fabrications,3563531.116389549,7.501233,2026-10-08
AQN,Algonquin Power & Utilities Corp.,Utilities,Electric Utilities: Central,769747683.9920949,3894.923281,2026-10-08
AQNB,Algonquin Power & Utilities Corp. 6.20% Fixed-to-Floating Subordinated Notes Series 2019-A due July 1 2079,Utilities,Electric Utilities: Central,768025000.9897221,20176.016776,2026-10-08
AQST,Aquestive Therapeutics Inc.,Health Care,Biotechnology: Pharmaceutical Preparations,125511647.93926246,578.608697,2026-10-08
AR,Antero Resources Corporation,Energy,Oil & Gas Production,307439000.0,10981.72108,2026-10-08
ARAI,Arrive AI Inc.,Consumer Discretionary,Diversified Commercial Services,51876210.84037792,10.432306,2026-10-08
ARAY,Accuray Incorporated,Health Care,Medical/Dental Instruments,119439307.83938815,31.233379,2026-10-08
ARBB,ARB IOT Group Limited,Technology,EDP Services,1765256.026785714,7.908347,2026-10-08
ARBE,Arbe Robotics Ltd.,Technology,EDP Services,128139176.7068273,76.575972,2026-10-08
ARBK,Argo Blockchain plc,Finance,Finance: Consumer Services,13360034.101382488,28.991274,2026-10-08
ARCB,ArcBest Corporation,Industrials,Trucking Freight/Courier Services,22351354.000311915,2866.337637,2026-10-08
ARCC,Ares Capital Corporation,Finance,Finance: Consumer Services,718022845.0107296,13383.945831,2026-10-08
ARCI,Archimedes Tech SPAC Partners III Co. Ordinary Share,,,0.0,0.0,2026-10-08
ARCL,ARC Group Acquisition I Corp,Finance,Blank Checks,0.0,0.0,2026-10-08
ARCLU,ARC Group Acquisition I Corp Unit,Finance,Blank Checks,0.0,0.0,2026-10-08
ARCO,Arcos Dorados Holdings Inc. Class A Shares,Consumer Discretionary,Restaurants,210663057.01970446,1710.584023,2026-10-08
ARCT,Arcturus Therapeutics Holdings Inc.,Health Care,Biotechnology: Pharmaceutical Preparations,28423069.0,369.499897,2026-10-08
ARDC,Ares Dynamic Credit Allocation Fund Inc.,Finance,Investment Managers,22914938.966725044,261.688603,2026-10-08
ARDT,Ardent Health Inc.,Health Care,Hospital/Nursing Management,141045907.0224719,1506.370287,2026-10-08
ARDX,Ardelyx Inc.,Health Care,Biotechnology: Pharmaceutical Preparations,249187571.90332326,824.810863,2026-10-08
ARE,Alexandria Real Estate Equities Inc.,Real Estate,Real Estate Investment Trusts,174247569.9912892,8001.448414,2026-10-08
AREC,American Resources Corporation,Energy,Coal Mining,106971271.76470588,181.851162,2026-10-08
ARES,Ares Management Corporation,Finance,Investment Managers,330277228.9960931,38886.840942,2026-10-08
ARGX,argenx SE,Health Care,Biotechnology: Biological Products (No Diagnostic Substances),62062888.000257924,57750.758542,2026-10-08
ARHS,Arhaus Inc.,Consumer Discretionary,Other Specialty Stores,141751732.96370968,1406.177191,2026-10-08
ARI,Apollo Commercial Real Estate Finance Inc,Real Estate,Real Estate Investment Trusts,128212092.96,801.325581,2026-10-08
ARIS,Aris Mining Corporation,,,206400000.0,3645.024,2026-10-08
ARKO,ARKO Corp.,Consumer Staples,Food Chains,112185720.95238094,471.180028,2026-10-08
ARKR,Ark Restaurants Corp.,Consumer Discretionary,Restaurants,3606156.9565217393,16.588322,2026-10-08
ARL,American Realty Investors Inc.,Finance,Real Estate,16152043.028391168,256.009882,2026-10-08
ARLO,Arlo Technologies Inc.,Consumer Discretionary,Diversified Commercial Services,107613303.984375,1377.450291,2026-10-08
ARLP,Alliance Resource Partners L.P. Common Units representing Limited Partners Interests,Energy,Coal Mining,128658801.01337656,3174.012621,2026-10-08
ARM,Arm Holdings plc,Technology,Semiconductors,1064055251.9996034,321940.557045,2026-10-08
ARMK,Aramark,Consumer Discretionary,Restaurants,263625044.00360683,14618.00869,2026-10-08
ARMP,Armata Pharmaceuticals Inc.,Health Care,Biotechnology: Biological Products (No Diagnostic Substances),37181978.96103896,143.150619,2026-10-08
AROC,Archrock Inc.,Utilities,Natural Gas Distribution,175338185.0145962,5405.676244,2026-10-08
AROW,Arrow Financial Corporation,Finance,Major Banks,18523723.010752685,689.082496,2026-10-08
ARQ,Arq Inc.,Industrials,Major Chemicals,43668482.92682927,89.52039,2026-10-08
ARQQ,Arqit Quantum Inc.,Technology,Computer Software: Prepackaged Software,17402411.011523686,407.73849,2026-10-08
ARQT,Arcutis Biotherapeutics Inc.,Health Care,Biotechnology: Pharmaceutical Preparations,125691960.99498327,3006.551707,2026-10-08
ARR,ARMOUR Residential REIT Inc.,Real Estate,Real Estate Investment Trusts,167097397.99851742,2254.143899,2026-10-08
ARRY,Array Technologies Inc.,Technology,Semiconductors,154007692.11822662,625.27123,2026-10-08
ARTC,Art Technology Acquisition Corp.,Finance,Blank Checks,0.0,0.0,2026-10-08
ARTCU,Art Technology Acquisition Corp. Units,,,0.0,0.0,2026-10-08
ARTL,Artelo Biosciences Inc.,Health Care,Biotechnology: Pharmaceutical Preparations,547773.9884393064,1.895298,2026-10-08
ARTNA,Artesian Resources Corporation,Utilities,Water Supply,10327120.985455625,347.920706,2026-10-08
ARTV,Artiva Biotherapeutics Inc.,Health Care,Biotechnology: Biological Products (No Diagnostic Substances),48890121.04539202,355.43118,2026-10-08
ARTW,Art's-Way Manufacturing Co. Inc.,Industrials,Industrial Machinery/Components,5201386.018237082,17.11256,2026-10-08
ARVN,Arvinas Inc.,Health Care,Biotechnology: Pharmaceutical Preparations,65386190.97127223,477.973056,2026-10-08
ARW,Arrow Electronics Inc.,Technology,Electronic Components,50905422.99916805,12237.663689,2026-10-08
ARWR,Arrowhead Pharmaceuticals Inc.,Health Care,Biotechnology: Pharmaceutical Preparations,141254466.99707508,8692.799899,2026-10-08
ARX,Accelerant Holdings,Finance,Specialty Insurers,217188552.00202736,4285.130131,2026-10-08
ARXS,Arxis Inc.,Industrials,Military/Government/Technical,417474369.99393815,20660.806571,2026-10-08
AS,Amer Sports Inc.,Consumer Discretionary,Apparel,557667386.9956772,15480.846663,2026-10-08
ASA,ASA  Gold and Precious Metals Limited,Industrials,Precious Metals,18202197.003154572,1038.617361,2026-10-08
ASAN,Asana Inc.,Technology,Computer Software: Prepackaged Software,228970117.007535,2127.132387,2026-10-08
ASB,Associated Banc-Corp,Finance,Major Banks,188849658.9965398,5457.755145,2026-10-08
ASBA,Associated Banc-Corp 6.625% Fixed-Rate Reset Subordinated Notes due 2033,Finance,Major Banks,150900815.0060024,3771.011367,2026-10-08
ASBH,American Savings Bank N.A.,,,8057239.977790116,145.110892,2026-10-08
ASBP,Aspire-Lakewood Holdings Inc.,Health Care,Biotechnology: Pharmaceutical Preparations,1402556.9634703198,12.286399,2026-10-08
ASC,Ardmore Shipping Corporation,Consumer Discretionary,Marine Transportation,40802613.97449522,767.905195,2026-10-08
ASG,Liberty All-Star Growth Fund Inc.,Finance,Investment Managers,0.0,0.0,2026-10-08
ASGI,abrdn Global Infrastructure Income Fund,Finance,Investment Managers,0.0,0.0,2026-10-08
ASH,Ashland Inc.,Consumer Discretionary,Specialty Chemicals,45793370.00140905,3249.955469,2026-10-08
ASIC,Ategrity Specialty Insurance Company Holdings,Finance,Property-Casualty Insurers,47926927.98902391,1222.615933,2026-10-08
ASIX,AdvanSix Inc.,Industrials,Major Chemicals,27001185.98802395,450.919806,2026-10-08
ASLE,AerSale Corporation,Consumer Discretionary,Industrial Specialties,47726762.97786721,237.202012,2026-10-08
ASM,Avino Silver & Gold Mines Ltd.,Basic Materials,Metal Mining,169855270.91561937,946.093859,2026-10-08
ASMB,Assembly Biosciences Inc.,Health Care,Biotechnology: Pharmaceutical Preparations,20360595.987376016,451.598019,2026-10-08
ASML,ASML Holding N.V.,Technology,Industrial Machinery/Components,385417665.00027263,706894.539377,2026-10-08
ASND,Ascendis Pharma A/S Ordinary Share,Health Care,Biotechnology: Pharmaceutical Preparations,65884096.00088476,14893.099901,2026-10-08
ASO,Academy Sports and Outdoors Inc.,Consumer Discretionary,Other Specialty Stores,61578890.99598547,3221.191788,2026-10-08
ASPC,A SPAC III Acquisition Corp.,Finance,Blank Checks,0.0,0.0,2026-10-08
ASPCR,A SPAC III Acquisition Corp. Right,Finance,Blank Checks,0.0,0.0,2026-10-08
ASPI,ASP Isotopes Inc.,Industrials,Major Chemicals,153309380.0,436.931733,2026-10-08
ASPN,Aspen Aerogels Inc.,Consumer Discretionary,RETAIL: Building Materials,82988783.98637138,487.144162,2026-10-08
ASPS,Altisource Portfolio Solutions S.A.,Consumer Discretionary,Other Consumer Services,11420205.9602649,68.978044,2026-10-08
ASPSW,Altisource Portfolio Solutions S.A. Net Settle Stakeholder Warrants,Consumer Discretionary,Other Consumer Services,11420204.545454545,2.512445,2026-10-08
ASPSZ,Altisource Portfolio Solutions S.A. Cash Exercise Stakeholder Warrants,Consumer Discretionary,Other Consumer Services,11420206.666666668,1.713031,2026-10-08
ASR,Grupo Aeroportuario del Sureste S.A. de C.V.,Consumer Discretionary,Aerospace,30000000.0,7223.7,2026-10-08
ASRV,AmeriServ Financial Inc.,Finance,Major Banks,16979267.045454543,74.708775,2026-10-08
ASST,Strive Inc.,Finance,Finance: Consumer Services,100938986.01680672,3002.934834,2026-10-08
ASTC,Astrotech Corporation (DE),Industrials,Biotechnology: Laboratory Analytical Instruments,2009050.0,13.741902,2026-10-08
ASTE,Astec Industries Inc.,Industrials,Construction/Ag Equipment/Trucks,23025367.010059386,949.911516,2026-10-08
ASTH,Astrana Health Inc.,Consumer Discretionary,Professional Services,49604366.0,1835.361542,2026-10-08
ASTI,Ascent Solar Technologies Inc.,Technology,Semiconductors,9816431.020408163,24.050256,2026-10-08
ASTL,Algoma Steel Group Inc.,Industrials,Steel/Iron Ore,105388619.08045977,458.440493,2026-10-08
ASTLW,Algoma Steel Group Inc. Warrant,Industrials,Steel/Iron Ore,105388723.40425532,0.495327,2026-10-08
ASTS,AST SpaceMobile Inc.,Consumer Discretionary,Telecommunications Equipment,389167493.99556404,24564.252221,2026-10-08
ASUR,Asure Software Inc,Technology,EDP Services,28879328.016085792,215.439787,2026-10-08
ASX,ASE Technology Holding Co. Ltd.,Technology,Semiconductors,2226898791.0004272,104174.325443,2026-10-08
ASYS,Amtech Systems Inc.,Technology,Industrial Machinery/Components,17508101.013513513,310.943874,2026-10-08
ATAT,Atour Lifestyle Holdings Limited,Consumer Discretionary,Hotels/Resorts,136043195.9950326,4381.951343,2026-10-08
ATCH,AtlasClear Holdings Inc.,Finance,Finance: Consumer Services,151838743.82885355,27.680203,2026-10-08
ATCX,Atlas Critical Minerals Corporation,Basic Materials,Precious Metals,5083335.984848484,13.420007,2026-10-08
ATEC,Alphatec Holdings Inc.,Health Care,Medical/Dental Instruments,154451075.99620494,1627.914341,2026-10-08
ATEN,A10 Networks Inc.,Telecommunications,Computer Communications Equipment,72609020.99370189,2075.16582,2026-10-08
ATER,Aterian Inc.,Consumer Discretionary,Home Furnishings,259828879.37743193,166.940055,2026-10-08
ATEX,Anterix Inc.,Telecommunications,Telecommunications Equipment,19609785.996882867,1635.65225,2026-10-08
ATGL,Alpha Technology Group Limited,Technology,EDP Services,16462500.0,79.02,2026-10-08
ATHE,Alterity Therapeutics Limited,Health Care,Biotechnology: Pharmaceutical Preparations,18208367.952522255,61.3622,2026-10-08
ATHM,Autohome Inc.,Technology,EDP Services,115170911.00386101,2386.341276,2026-10-08
ATHR,Aether Holdings Inc.,Technology,Computer Software: Prepackaged Software,12238059.117722493,38.172954,2026-10-08
ATHS,Athene Holding Ltd. 7.250% Fixed-Rate Reset Junior Subordinated Debentures due 2064,Finance,Life Insurance,203805000.0212778,4789.152554,2026-10-08
ATI,ATI Inc.,Industrials,Steel/Iron Ore,136170382.99861318,26511.011866,2026-10-08
ATII,Archimedes Tech SPAC Partners II Co.,,,0.0,0.0,2026-10-08
ATIIW,Archimedes Tech SPAC Partners II Co. Warrant,Finance,Blank Checks,0.0,0.0,2026-10-08
ATKR,Atkore Inc.,Miscellaneous,Industrial Machinery/Components,33772550.0,3198.935936,2026-10-08
ATLC,Atlanticus Holdings Corporation,Finance,Finance: Consumer Services,15170038.003653165,1411.875437,2026-10-08
ATLCL,Atlanticus Holdings Corporation 6.125% Senior Notes due 2026,Finance,Finance: Consumer Services,15125449.002173483,382.749487,2026-10-08
ATLCP,Atlanticus Holdings Corporation 7.625% Series B Cumulative Perpetual Preferred Stock no par value per share,Finance,Finance: Consumer Services,15170038.0,356.495893,2026-10-08
ATLCZ,Atlanticus Holdings Corporation 9.25% Senior Notes due 2029,Finance,Finance: Consumer Services,15125448.985276563,380.102533,2026-10-08
ATLO,Ames National Corporation,Finance,Major Banks,8857219.987604585,285.822489,2026-10-08
ATLQ,JAB Acquisition Corp I,Finance,Blank Checks,0.0,0.0,2026-10-08
ATLX,Atlas Lithium Corporation,Industrials,Mining & Quarrying of Nonmetallic Minerals (No Fuels),30099804.819277108,74.948514,2026-10-08
ATMU,Atmus Filtration Technologies Inc.,Consumer Discretionary,Auto Parts:O.E.M.,81595527.00174065,3750.130421,2026-10-08
ATNI,ATN International Inc.,Telecommunications,Telecommunications Equipment,15403356.986591391,436.531137,2026-10-08
ATNM,Actinium Pharmaceuticals Inc. (Delaware),Health Care,Biotechnology: Pharmaceutical Preparations,31441436.036036033,34.899994,2026-10-08
ATO,Atmos Energy Corporation,Utilities,Oil/Gas Transmission,168988552.99862275,26994.231456,2026-10-08
ATOM,Atomera Incorporated,Technology,Semiconductors,39024041.928251125,174.047227,2026-10-08
ATOS,Atossa Therapeutics Inc.,Health Care,Biotechnology: Pharmaceutical Preparations,9979297.959183672,24.44928,2026-10-08
ATPC,Agape ATP Corporation,Health Care,Medical/Nursing Services,1000625.9615384615,2.081302,2026-10-08
ATR,AptarGroup Inc.,Industrials,Plastic Products,63581128.997921,7645.630762,2026-10-08
ATRA,Atara Biotherapeutics Inc.,Health Care,Biotechnology: Biological Products (No Diagnostic Substances),10037710.051282052,97.867673,2026-10-08
ATRC,AtriCure Inc.,Health Care,Medical/Dental Instruments,50866294.00149031,2730.502662,2026-10-08
ATRO,Astronics Corporation,Industrials,Military/Government/Technical,43009063.99652979,2974.506866,2026-10-08
ATS,ATS Corporation,Industrials,Industrial Machinery/Components,97007480.98630136,1770.386528,2026-10-08
ATTO,Attovia Therapeutics Inc.,Health Care,Biotechnology: Biological Products (No Diagnostic Substances),45651262.0,798.897085,2026-10-08
ATTT,Atlas Trinity Tech Limited,Consumer Discretionary,Consumer Electronics/Appliances,5874742.911877395,15.333079,2026-10-08
ATXG,Addentax Group Corp.,Consumer Discretionary,Professional Services,2105057.975460123,6.862489,2026-10-08
ATYR,aTyr Pharma Inc.,Health Care,Biotechnology: Biological Products (No Diagnostic Substances),98087424.13549754,27.797976,2026-10-08
AU,AngloGold Ashanti PLC,Basic Materials,Precious Metals,505769256.0021379,47314.713899,2026-10-08
AUB,Atlantic Union Bankshares Corporation,Finance,Major Banks,142814895.98846355,5446.960133,2026-10-08
AUBN,Auburn National Bancorporation Inc.,Finance,Major Banks,3484291.982182628,93.866826,2026-10-08
AUC,ATIF Holdings Limited,Consumer Discretionary,Professional Services,22128377.956371985,192.738172,2026-10-08
AUDC,AudioCodes Ltd.,Utilities,Telecommunications Equipment,24590849.035812672,267.794346,2026-10-08
AUGO,Aura Minerals Inc.,Basic Materials,Metal Mining,83789222.99526942,7262.011957,2026-10-08
AUID,authID Inc.,Technology,Computer Software: Prepackaged Software,16720338.326446282,6.474115,2026-10-08
AUNA,Auna SA,Health Care,Medical/Nursing Services,74012965.0390625,378.946381,2026-10-08
AUPH,Aurinia Pharmaceuticals Inc,Health Care,Biotechnology: Pharmaceutical Preparations,133051168.00509879,2087.572826,2026-10-08
AUR,Aurora Innovation Inc.,Technology,EDP Services,2004155268.0,11523.892791,2026-10-08
AURA,Aura Biosciences Inc.,Health Care,Biotechnology: Biological Products (No Diagnostic Substances),103704809.07617505,639.858672,2026-10-08
AURE,Aurelion Inc.,Finance,Finance: Consumer Services,37600000.0,39.48,2026-10-08
AUROW,Aurora Innovation Inc. Warrant,Technology,EDP Services,2004155276.7527676,54.312608,2026-10-08
AUST,Austin Gold Corp.,Basic Materials,Precious Metals,13693000.699930007,13.69437,2026-10-08
AUTL,Autolus Therapeutics plc,Health Care,Biotechnology: Biological Products (No Diagnostic Substances),266162540.22346368,476.430947,2026-10-08
AUUD,Auddia Inc.,Technology,EDP Services,5803050.434782609,6.673508,2026-10-08
AUXX,Gold X2 Mining Inc.,,,101184807.95918366,495.805559,2026-10-08
AVA,Avista Corporation,Utilities,Power Generation,83752830.00852515,2947.262088,2026-10-08
AVAH,Aveanna Healthcare Holdings Inc.,Health Care,Medical/Nursing Services,218219695.99018002,2666.644685,2026-10-08
AVAL,Grupo Aval Acciones y Valores S.A. ADR (Each representing 20 preferred shares),Finance,Commercial Banks,1187173787.9275653,5900.253726,2026-10-08
AVAT,Avalanche Treasury Corporation,Finance,Finance: Consumer Services,43720443.96135266,90.501319,2026-10-08
AVAV,AeroVironment Inc.,Industrials,Aerospace,50820701.99944267,7294.803565,2026-10-08
AVBC,Avidia Bancorp Inc.,Finance,Banks,19970305.990990993,443.340793,2026-10-08
AVBH,Avidbank Holdings Inc.,Finance,Commercial Banks,10983480.012730744,345.100942,2026-10-08
AVBP,ArriVent BioPharma Inc.,Health Care,Biotechnology: Pharmaceutical Preparations,49307729.02584493,744.053631,2026-10-08
AVD,American Vanguard Corporation,Industrials,Agricultural Chemicals,29500632.16374269,50.446081,2026-10-08
AVEX,AEVEX Corp.,Industrials,Aerospace,126768973.00330032,1920.549941,2026-10-08
AVGO,Broadcom Inc.,Technology,Semiconductors,4773629865.000932,1793977.839566,2026-10-08
AVIR,Atea Pharmaceuticals Inc.,Health Care,Biotechnology: Pharmaceutical Preparations,80204699.0138067,406.637824,2026-10-08
AVK,Advent Convertible and Income Fund,Finance,Trusts Except Educational Religious and Charitable,0.0,0.0,2026-10-08
AVLN,Avalyn Pharma Inc.,Health Care,Biotechnology: Pharmaceutical Preparations,44333095.00589854,1127.390606,2026-10-08
AVNT,Avient Corporation,Industrials,Major Chemicals,91719550.01205109,3805.44413,2026-10-08
AVNW,Aviat Networks Inc.,Technology,Radio And Television Broadcasting And Communications Equipment,12858630.995260663,271.317114,2026-10-08
AVO,Mission Produce Inc.,Consumer Staples,Farming/Seeds/Milling,87678404.0,1117.899651,2026-10-08
AVPT,AvePoint Inc.,Technology,Computer Software: Prepackaged Software,211565425.97669637,3086.739565,2026-10-08
AVR,Anteris Technologies Global Corp.,Health Care,Industrial Specialties,97458474.0425532,687.082242,2026-10-08
AVT,Avnet Inc.,Technology,Electronic Components,82072978.99783774,8730.102776,2026-10-08
AVTR,Avantor Inc.,Industrials,Biotechnology: Laboratory Analytical Instruments,676358839.9870383,10436.216901,2026-10-08
AVTX,Avalo Therapeutics Inc.,Health Care,Biotechnology: Pharmaceutical Preparations,53629989.03605592,728.831551,2026-10-08
AVX,Avax One Technology Ltd.,Finance,Finance: Consumer Services,7063882.939189189,41.818187,2026-10-08
AVXL,Anavex Life Sciences Corp.,Health Care,Biotechnology: Biological Products (No Diagnostic Substances),92696841.875,148.314947,2026-10-08
AVY,Avery Dennison Corporation,Consumer Discretionary,Containers/Packaging,75788142.00059365,12766.51252,2026-10-08
AWF,Alliancebernstein Global High Income Fund,Finance,Trusts Except Educational Religious and Charitable,0.0,0.0,2026-10-08
AWI,Armstrong World Industries Inc,Industrials,Plastic Products,42262826.002304845,6967.872123,2026-10-08
AWK,American Water Works Company Inc.,Utilities,Water Supply,198728989.00343645,25445.259752,2026-10-08
AWP,abrdn Global Premier Properties Fund,Finance,Trusts Except Educational Religious and Charitable,0.0,0.0,2026-10-08
AWR,American States Water Company,Utilities,Water Supply,39635626.0053948,3232.681657,2026-10-08
AWRE,Aware Inc.,Technology,Computer Software: Prepackaged Software,21812637.383177567,23.339522,2026-10-08
AWX,Avalon Holdings Corporation,Utilities,Environmental Services,3899431.2,9.748578,2026-10-08
AX,Axos Financial Inc.,Finance,Savings Institutions,56858002.998989105,5062.068007,2026-10-08
AXG,Solowin Holdings Class A Ordinary Share,Finance,Investment Bankers/Brokers/Service,212901062.5,23.844919,2026-10-08
AXGN,Axogen Inc.,Health Care,Biotechnology: Electromedical & Electrotherapeutic Apparatus,58671512.999173775,2130.362637,2026-10-08
AXIL,AXIL Brands Inc.,Consumer Discretionary,Package Goods/Cosmetics,6822681.037277147,42.095942,2026-10-08
AXIN,Axiom Intelligence Acquisition Corp 1,Finance,Blank Checks,0.0,0.0,2026-10-08
AXINR,Axiom Intelligence Acquisition Corp 1 Right,Finance,Blank Checks,0.0,0.0,2026-10-08
AXINU,Axiom Intelligence Acquisition Corp 1 Units,Finance,Blank Checks,0.0,0.0,2026-10-08
AXON,Axon Enterprise Inc.,Industrials,Ordnance And Accessories,81237414.99928336,34007.606667,2026-10-08
AXP,American Express Company,Finance,Finance: Consumer Services,675309832.9995074,205665.60964,2026-10-08
AXR,AMREP Corporation,Real Estate,Homebuilding,5324849.006622517,112.567308,2026-10-08
AXS,Axis Capital Holdings Limited,Finance,Property-Casualty Insurers,72966317.00291182,7016.441043,2026-10-08
AXSM,Axsome Therapeutics Inc.,Health Care,Biotechnology: Pharmaceutical Preparations,52380817.999311686,9132.07181,2026-10-08
AXTA,Axalta Coating Systems Ltd.,Consumer Discretionary,Paints/Coatings,214019997.00598803,7148.2679,2026-10-08
AXTI,AXT Inc,Technology,Semiconductors,65573212.00333095,5512.084201,2026-10-08
AYA,Aya Gold & Silver Inc.,Basic Materials,Precious Metals,144036168.0116321,3962.434982,2026-10-08
AYI,Acuity Inc.,Consumer Discretionary,Building Products,29935546.999801964,9069.87203,2026-10-08
AYTU,Aytu BioPharma Inc.,Health Care,Biotechnology: Pharmaceutical Preparations,10866707.80487805,22.276751,2026-10-08
AZ,A2Z Cust2Mate Solutions Corp.,Industrials,Industrial Machinery/Components,44026467.00167505,262.838008,2026-10-08
AZI,Autozi Internet Technology (Global) Ltd.,Consumer Discretionary,Automotive Aftermarket,66350064.285714276,74.312072,2026-10-08
AZIO,Azio AI Holdings Inc.,Consumer Discretionary,Auto Parts:O.E.M.,17207848.305084746,20.305261,2026-10-08
AZN,AstraZeneca PLC,Health Care,Biotechnology: Pharmaceutical Preparations,1550725868.9994323,245960.630082,2026-10-08
AZO,AutoZone Inc.,Consumer Discretionary,Auto & Home Supply Stores,16325354.99987925,47320.184242,2026-10-08
AZTA,Azenta Inc.,Technology,Industrial Machinery/Components,43808393.01143583,1723.860265,2026-10-08
AZTR,Azitra Inc,Health Care,Biotechnology: Pharmaceutical Preparations,60603738.46153846,7.878486,2026-10-08
AZUL,Azul S.A.,Consumer Discretionary,Air Freight/Delivery Services,184278962.0,1382.092215,2026-10-08
AZZ,AZZ Inc.,Industrials,Industrial Specialties,30051501.002895683,4254.992027,2026-10-08
B,Barrick Mining Corporation,Basic Materials,Precious Metals,1645884419.0078585,67020.413542,2026-10-08
BA,Boeing Company (The),Industrials,Aerospace,790370019.9978927,150028.037196,2026-10-08
BABA,Alibaba Group Holding Limited,Consumer Discretionary,Business Services,2422486018.0029287,264680.822327,2026-10-08
BAC,Bank of America Corporation,Finance,Major Banks,6992748365.002772,378237.759063,2026-10-08
BACC,Blue Acquisition Corp.,Finance,Blank Checks,0.0,0.0,2026-10-08
BACCR,Blue Acquisition Corp. Right,Finance,Blank Checks,0.0,0.0,2026-10-08
BACCU,Blue Acquisition Corp. Unit,Finance,Blank Checks,0.0,0.0,2026-10-08
BAER,Bridger Aerospace Group Holdings Inc.,Industrials,Aerospace,58826139.96993486,35.21921,2026-10-08
BAERW,Bridger Aerospace Group Holdings Inc. Warrant,Industrials,Aerospace,58826137.93103449,4.264895,2026-10-08
BAFN,BayFirst Financial Corp.,Finance,Major Banks,26962815.013774104,195.750037,2026-10-08
BAH,Booz Allen Hamilton Holding Corporation,Consumer Discretionary,Professional Services,120284972.99677135,8196.21806,2026-10-08
BAK,Braskem SA ADR,Industrials,Major Chemicals,398603916.7664671,665.668541,2026-10-08
BALL,Ball Corporation,Industrials,Containers/Packaging,264703357.00853214,15201.913793,2026-10-08
BALY,Bally's Corporation,Consumer Discretionary,Hotels/Resorts,50469522.0,706.573308,2026-10-08
BAM,Brookfield Asset Management Inc Class A Limited Voting Shares,Real Estate,Building operators,1597237018.0048661,72211.085584,2026-10-08
BANC,Banc of California Inc.,Finance,Major Banks,157950528.973035,2753.07772,2026-10-08
BAND,Bandwidth Inc.,Technology,Computer Software: Prepackaged Software,32180788.001331333,1933.743551,2026-10-08
BANF,BancFirst Corporation,Finance,Major Banks,33598745.00421388,3588.009979,2026-10-08
BANFP,BancFirst Corporation - BFC Capital Trust II Cumulative Trust Preferred Securities,Finance,Major Banks,33598745.0,893.726617,2026-10-08
BANL,CBL International Limited,Energy,Oil Refining/Marketing,2098957.9064587974,9.424321,2026-10-08
BANR,Banner Corporation,Finance,Major Banks,36639472.005363524,2459.241361,2026-10-08
BANX,ArrowMark Financial Corp.,Finance,Trusts Except Educational Religious and Charitable,7102626.002004008,141.768415,2026-10-08
BAOS,Baosheng Media Group Holdings Limited,Consumer Discretionary,Business Services,33369812.967581045,8.028777,2026-10-08
BAP,Credicorp Ltd.,Finance,Commercial Banks,79419316.99901335,30587.555749,2026-10-08
BARK,BARK Inc.,Consumer Discretionary,Other Specialty Stores,9033457.037943697,73.803344,2026-10-08
BATL,Battalion Oil Corporation,Energy,Oil & Gas Production,57282155.33980583,59.00062,2026-10-08
BATRA,Atlanta Braves Holdings Inc. Series A,Consumer Discretionary,Services-Misc. Amusement & Recreation,64167897.004329,3705.696052,2026-10-08
BATRK,Atlanta Braves Holdings Inc. Series C,Consumer Discretionary,Services-Misc. Amusement & Recreation,64167897.00438848,3363.039482,2026-10-08
BAX,Baxter International Inc.,Health Care,Medical/Dental Instruments,516995999.0147783,12594.022536,2026-10-08
BB,BlackBerry Limited,Technology,Computer Software: Prepackaged Software,587032279.0187892,5623.769233,2026-10-08
BBAI,BigBear.ai Inc.,Technology,Computer Software: Prepackaged Software,479494493.0232558,1237.095792,2026-10-08
BBAR,Banco BBVA Argentina S.A.,Finance,Commercial Banks,204236693.00956586,2775.576658,2026-10-08
BBCP,Concrete Pumping Holdings Inc.,Consumer Discretionary,Engineering & Construction,50393420.020120725,500.910595,2026-10-08
BBD,Banco Bradesco Sa,Finance,Major Banks,11196864780.931265,50497.860162,2026-10-08
BBDC,Barings BDC Inc.,Finance,Diversified Financial Services,104706884.0188014,891.055583,2026-10-08
BBDO,Banco Bradesco Sa,Finance,Major Banks,11196864781.094528,45011.39642,2026-10-08
BBGI,Beasley Broadcast Group Inc.,Consumer Discretionary,Broadcasting,2052751.0427010923,20.671203,2026-10-08
BBIO,BridgeBio Pharma Inc.,Health Care,Biotechnology: Pharmaceutical Preparations,195487473.99940264,13089.841259,2026-10-08
BBLG,Bone Biologics Corp,Health Care,Industrial Specialties,2756056.308654849,1.321529,2026-10-08
BBLGW,Bone Biologics Corp Warrants,Health Care,Industrial Specialties,2756056.924254017,18.010832,2026-10-08
BBN,BlackRock Taxable Municipal Bond Trust,Finance,Finance Companies,0.0,0.0,2026-10-08
BBNX,Beta Bionics Inc.,Health Care,Medical/Dental Instruments,52641863.01663983,980.717908,2026-10-08
BBOT,BridgeBio Oncology Therapeutics Inc.,Health Care,Biotechnology: Pharmaceutical Preparations,80174267.14285715,280.609935,2026-10-08
BBSI,Barrett Business Services Inc.,Consumer Discretionary,Professional Services,24235179.987212274,758.07643,2026-10-08
BBT,Beacon Financial Corporation,Finance,Banks,83816086.00071608,2340.983282,2026-10-08
BBUC,Brookfield Business Corporation,Consumer Discretionary,Engineering & Construction,207900000.0,5446.98,2026-10-08
BBVA,Banco Bilbao Vizcaya Argentaria S.A.,Finance,Commercial Banks,5668763860.0,153906.938799,2026-10-08
BBW,Build-A-Bear Workshop Inc.,Consumer Discretionary,Recreational Games/Products/Toys,12319334.984399376,315.867749,2026-10-08
BBWI,Bath & Body Works Inc.,Consumer Discretionary,Other Specialty Stores,201645312.99498048,3615.500462,2026-10-08
BBY,Best Buy Co. Inc.,Consumer Discretionary,Consumer Electronics/Video Chains,209727697.99646437,17795.395175,2026-10-08
BC,Brunswick Corporation,Industrials,Industrial Machinery/Components,64797427.99322868,4210.536871,2026-10-08
BCAL,California BanCorp,Finance,Major Banks,32150540.997229915,696.380718,2026-10-08
BCAT,BlackRock Capital Allocation Term Trust,Finance,Finance/Investors Services,108135000.0,1482.53085,2026-10-08
BCAX,Bicara Therapeutics Inc.,Health Care,Biotechnology: Pharmaceutical Preparations,66172933.997584544,1095.823787,2026-10-08
BCBP,BCB Bancorp Inc. (NJ),Finance,Savings Institutions,41751822.02166065,346.957641,2026-10-08
BCC,Boise Cascade L.L.C.,Consumer Discretionary,RETAIL: Building Materials,34891351.00066269,2632.552433,2026-10-08
BCCQ,Bleichroeder Acquisition Corp. III,Finance,Blank Checks,0.0,0.0,2026-10-08
BCCQU,Bleichroeder Acquisition Corp. III Units,Finance,Blank Checks,0.0,0.0,2026-10-08
BCCQW,Bleichroeder Acquisition Corp. III Warrant,Finance,Blank Checks,0.0,0.0,2026-10-08
BCDA,BioCardia Inc.,Health Care,Biotechnology: Biological Products (No Diagnostic Substances),15138782.075471697,16.047109,2026-10-08
BCE,BCE Inc.,Telecommunications,Telecommunications Equipment,932525817.0126582,18417.384886,2026-10-08
BCG,Binah Capital Group Inc.,Finance,Finance: Consumer Services,17060131.42857143,17.913138,2026-10-08
BCH,Banco De Chile,Finance,Commercial Banks,505085405.9994828,19531.65265,2026-10-08
BCHT,Birchtech Corp.,Industrials,Industrial Machinery/Components,26305965.77181208,39.195889,2026-10-08
BCIC,BCP Investment Corporation,Finance,Finance: Consumer Services,12383652.023121387,85.694872,2026-10-08
BCML,BayCom Corp,Finance,Major Banks,10920116.984178238,338.196023,2026-10-08
BCO,Brinks Company (The),Industrials,Integrated Freight & Logistics,41189634.0,4263.127119,2026-10-08
BCPC,Balchem Corporation,Industrials,Major Chemicals,31878020.999455504,5269.118091,2026-10-08
BCRX,BioCryst Pharmaceuticals Inc.,Health Care,Biotechnology: Biological Products (No Diagnostic Substances),255535105.03144655,2031.504085,2026-10-08
BCS,Barclays PLC,Finance,Commercial Banks,3360268444.993663,79537.554093,2026-10-08
BCSF,Bain Capital Specialty Finance Inc.,Finance,Finance/Investors Services,64868507.024029575,701.877246,2026-10-08
BCSS,Bain Capital GSS Investment Corp.,,,0.0,0.0,2026-10-08
BCTX,BriaCell Therapeutics Corp.,Health Care,Biotechnology: Pharmaceutical Preparations,8699787.064676618,34.973144,2026-10-08
BCTXL,BriaCell Therapeutics Corp. Warrant expiring 2031,Health Care,Biotechnology: Pharmaceutical Preparations,8699786.95652174,10.004755,2026-10-08
BCTXZ,BriaCell Therapeutics Corp. Warrant expiring 2030,Health Care,Biotechnology: Pharmaceutical Preparations,8699785.714285713,2.43594,2026-10-08
BCV,Bancroft Fund Ltd.,Finance,Finance/Investors Services,0.0,0.0,2026-10-08
BCX,BlackRock Resources,Finance,Finance/Investors Services,84858010.0,1018.29612,2026-10-08
BCYC,Bicycle Therapeutics plc,Health Care,Biotechnology: Pharmaceutical Preparations,69992870.9762533,265.272981,2026-10-08
BDC,Belden Inc,Industrials,Telecommunications Equipment,39078190.999028355,4424.042003,2026-10-08
BDCI,BTC Development Corp.,Finance,Blank Checks,0.0,0.0,2026-10-08
BDCIW,BTC Development Corp. Warrant,Finance,Blank Checks,0.0,0.0,2026-10-08
BDJ,Blackrock Enhanced Equity Dividend Trust,Finance,Finance Companies,176883891.00529101,1671.55277,2026-10-08
BDL,Flanigan's Enterprises Inc.,Consumer Discretionary,Restaurants,1858647.0,87.356409,2026-10-08
BDMD,Baird Medical Investment Holdings Ltd Ordinary Share,Health Care,Medical/Dental Instruments,42318833.482886806,33.012922,2026-10-08
BDN,Brandywine Realty Trust,Real Estate,Real Estate Investment Trusts,174576897.0909091,480.086467,2026-10-08
BDRX,Biodexa Pharmaceuticals plc,Health Care,Biotechnology: Pharmaceutical Preparations,4193916.988741388,2.4958,2026-10-08
BDSX,Biodesix Inc.,Health Care,Medical Specialities,10551117.989985693,295.009259,2026-10-08
BDTX,Black Diamond Therapeutics Inc.,Health Care,Biotechnology: Biological Products (No Diagnostic Substances),57453747.222222224,103.416745,2026-10-08
BDX,Becton Dickinson and Company,Health Care,Medical/Dental Instruments,272386800.0,49111.34004,2026-10-08
BE,Bloom Energy Corporation,Energy,Industrial Machinery/Components,294527346.0004057,87115.2984,2026-10-08
BEAG,Bold Eagle Acquisition Corp.,Finance,Blank Checks,0.0,0.0,2026-10-08
BEAGR,Bold Eagle Acquisition Corp. Right,Finance,Blank Checks,0.0,0.0,2026-10-08
BEAGU,Bold Eagle Acquisition Corp. Units,Finance,Blank Checks,0.0,0.0,2026-10-08
BEAM,Beam Therapeutics Inc.,Health Care,Biotechnology: Biological Products (No Diagnostic Substances),103287665.00198177,2605.947788,2026-10-08
BEAT,Heartbeam Inc.,Health Care,Medical/Dental Instruments,56349171.23287672,32.907916,2026-10-08
BEATW,Heartbeam Inc. Warrant,Health Care,Medical/Dental Instruments,56349161.29032258,0.873412,2026-10-08
BEBE,TGE Value Creative Solutions Corp,Consumer Discretionary,Diversified Commercial Services,12870000.0,129.3435,2026-10-08
BEEM,Beam Global,Miscellaneous,Industrial Machinery/Components,22633315.315315314,25.12298,2026-10-08
BEEP,Mobile Infrastructure Corporation,Finance,Real Estate,41300000.0,117.705,2026-10-08
BEKE,KE Holdings Inc,Finance,Real Estate,1129839914.0214796,18936.116959,2026-10-08
BELFA,Bel Fuse Inc.,,,14439450.0,3026.219931,2026-10-08
BELFB,Bel Fuse Inc.,,,14439450.0,3758.011257,2026-10-08
BEN,Franklin Templeton Inc.,Finance,Investment Managers,508076909.9876696,16482.01496,2026-10-08
BENF,Beneficient,Finance,Finance: Consumer Services,15455722.4,19.319653,2026-10-08
BENFW,Beneficient Warrant,Finance,Finance: Consumer Services,15455714.285714285,0.162285,2026-10-08
BEP,Brookfield Renewable Partners L.P. Limited Partnership Units,Utilities,Electric Utilities: Central,680198825.0169952,20011.449432,2026-10-08
BEPC,Brookfield Renewable Corporation Brookfield Renewable Corporation,Utilities,Electric Utilities: Central,376886233.99662733,11174.676838,2026-10-08
BEPH,Brookfield BRP Holdings (Canada) Inc. 4.625% Perpetual Subordinated Notes,Utilities,Electric Utilities: Central,287164340.0272294,4218.444155,2026-10-08
BEPI,Brookfield BRP Holdings (Canada) Inc. 4.875% Perpetual Subordinated Notes,Utilities,Electric Utilities: Central,287164339.9745385,4511.351781,2026-10-08
BEPJ,Brookfield BRP Holdings (Canada) Inc. 7.250% Perpetual Subordinated Notes,Utilities,Electric Utilities: Central,287164339.9912396,6555.961882,2026-10-08
BESS,Bimergen Energy Corporation,Utilities,Electric Utilities: Central,7097573.127753304,16.111491,2026-10-08
BETA,Beta Technologies Inc.,Industrials,Aerospace,233941060.00000003,4889.368154,2026-10-08
BETR,Better Home & Finance Holding Company,Finance,Finance: Consumer Services,18998579.036574487,212.974071,2026-10-08
BETRW,Better Home & Finance Holding Company Warrant,Finance,Finance: Consumer Services,18998581.196581196,2.222834,2026-10-08
BF-A,Brown Forman Corporation,,,,,2026-10-08
BF-B,Brown Forman Corporation,,,,,2026-10-08
BFAM,Bright Horizons Family Solutions Inc.,Consumer Discretionary,Other Consumer Services,48635306.007226735,3230.357025,2026-10-08
BFC,Bank First Corporation,Finance,Major Banks,11085606.99793787,1666.4993,2026-10-08
BFH,Bread Financial Holdings Inc.,Consumer Discretionary,Business Services,38419267.99591002,3757.40441,2026-10-08
BFLY,Butterfly Network Inc.,Health Care,Medical Electronics,266285182.98850578,2316.681092,2026-10-08
BFRG,Bullfrog AI Holdings Inc.,Health Care,Biotechnology: Pharmaceutical Preparations,18541651.669085633,12.775198,2026-10-08
BFRGW,Bullfrog AI Holdings Inc. Warrants,Health Care,Biotechnology: Pharmaceutical Preparations,18541647.564469915,2.588414,2026-10-08
BFRI,Biofrontera Inc.,Health Care,Biotechnology: Pharmaceutical Preparations,14852359.442060085,13.842399,2026-10-08
BFRIW,Biofrontera Inc. Warrants,Health Care,Biotechnology: Pharmaceutical Preparations,14852391.304347826,0.204963,2026-10-08
BFS,Saul Centers Inc.,Real Estate,Real Estate Investment Trusts,24717101.003344484,739.04132,2026-10-08
BFST,Business First Bancshares Inc.,Finance,Major Banks,32549882.98633702,1000.583403,2026-10-08
BG,Bunge Limited,Consumer Staples,Packaged Foods,192119123.00382,20620.145472,2026-10-08
BGB,Blackstone Strategic Credit 2027 Term Fund,Finance,Trusts Except Educational Religious and Charitable,0.0,0.0,2026-10-08
BGC,BGC Group Inc.,Finance,Investment Bankers/Brokers/Service,475466522.0253165,5634.278286,2026-10-08
BGDE,Big Digital Energy Inc.,Finance,Finance: Consumer Services,5718050.093457945,30.591568,2026-10-08
BGH,Barings Global Short Duration High Yield Fund,Finance,Investment Managers,0.0,0.0,2026-10-08
BGIN,Bgin Blockchain Limited,Finance,Finance: Consumer Services,113135940.99099098,251.161789,2026-10-08
BGL,Blue Gold Limited,Basic Materials,Metal Mining,40837771.93904362,7.771428,2026-10-08
BGLC,BioNexus Gene Lab Corp,Health Care,Medical Specialities,2933441.935483871,3.637468,2026-10-08
BGLWW,Blue Gold Limited Warrant,Basic Materials,Metal Mining,40837759.56284153,1.494662,2026-10-08
BGM,BGM Group Ltd.,Health Care,Biotechnology: Pharmaceutical Preparations,13354112.020725388,128.867181,2026-10-08
BGMS,Bio Green Med Solution Inc.,Health Care,Biotechnology: Pharmaceutical Preparations,6622794.20357602,5.667125,2026-10-08
BGR,BlackRock Energy and Resources Trust,Finance,Trusts Except Educational Religious and Charitable,135586193.9884393,2345.641156,2026-10-08
BGS,B&G Foods Inc.,Consumer Staples,Packaged Foods,81275670.90163934,198.312637,2026-10-08
BGSF,BGSF Inc.,Consumer Discretionary,Professional Services,10679764.904862579,50.515288,2026-10-08
BGSI,Boyd Group Services Inc.,,,27836435.0,2143.405495,2026-10-08
BGT,BlackRock Floating Rate Income Trust,Finance,Trusts Except Educational Religious and Charitable,0.0,0.0,2026-10-08
BGX,Blackstone Long Short Credit Income Fund,Finance,Trusts Except Educational Religious and Charitable,0.0,0.0,2026-10-08
BGY,Blackrock Enhanced International Dividend Trust,Finance,Trusts Except Educational Religious and Charitable,0.0,0.0,2026-10-08
BH,Biglari Holdings Inc.,Consumer Discretionary,Restaurants,2326550.0013518264,860.521049,2026-10-08
BHAV,BHAV Acquisition Corp,Finance,Blank Checks,0.0,0.0,2026-10-08
BHB,Bar Harbor Bankshares Inc.,Finance,Major Banks,16766079.994870478,653.709459,2026-10-08
BHC,Bausch Health Companies Inc.,Health Care,Biotechnology: Pharmaceutical Preparations,373990560.9634552,2251.423177,2026-10-08
BHE,Benchmark Electronics Inc.,Technology,Electrical Products,35919933.00372267,3087.677441,2026-10-08
BHF,Brighthouse Financial Inc.,Finance,Life Insurance,57511563.00219868,2877.303497,2026-10-08
BHFAL,Brighthouse Financial Inc. 6.25% Junior Subordinated Debentures due 2058,Finance,Life Insurance,57511563.00825151,866.348434,2026-10-08
BHFAM,Brighthouse Financial Inc.,Finance,Life Insurance,57511563.01925026,567.639127,2026-10-08
BHFAN,Brighthouse Financial Inc.,Finance,Life Insurance,57511563.0198915,636.077887,2026-10-08
BHFAO,Brighthouse Financial Inc.,Finance,Life Insurance,57511563.032490976,796.535148,2026-10-08
BHFAP,Brighthouse Financial Inc.,Finance,Life Insurance,57511562.97935103,779.856794,2026-10-08
BHK,Blackrock Core Bond Trust,Finance,Finance Companies,0.0,0.0,2026-10-08
BHM,Bluerock Homes Trust Inc.,Real Estate,Real Estate Investment Trusts,4108027.9411764704,33.521508,2026-10-08
BHP,BHP Group Limited,Energy,Coal Mining,2542091205.0,221161.934835,2026-10-08
BHR,Braemar Hotels & Resorts Inc.,Real Estate,Real Estate Investment Trusts,68679317.76315789,104.392563,2026-10-08
BHRB,Burke & Herbert Financial Services Corp.,Finance,Major Banks,20187033.005780347,1396.942684,2026-10-08
BHST,BioHarvest Sciences Inc.,,,22667841.891891893,33.548406,2026-10-08
BHV,BlackRock Virginia Municipal Bond Trust,Finance,Finance/Investors Services,0.0,0.0,2026-10-08
BHVN,Biohaven Ltd.,Health Care,Biotechnology: Pharmaceutical Preparations,151043780.9602649,1824.608874,2026-10-08
BIAF,bioAffinity Technologies Inc.,Health Care,Biotechnology: Commercial Physical & Biological Resarch,1166625.0825082508,7.069748,2026-10-08
BIAFW,bioAffinity Technologies Inc. Warrant,Health Care,Biotechnology: Commercial Physical & Biological Resarch,1166625.4545454544,0.641644,2026-10-08
BID,Tribeca Strategic Acquisition Corp.,Finance,Blank Checks,0.0,0.0,2026-10-08
BIDU,Baidu Inc.,Technology,Computer Software: Programming Data Processing,340252659.0005744,29618.993966,2026-10-08
BIIB,Biogen Inc.,Health Care,Biotechnology: Biological Products (No Diagnostic Substances),147753997.99901298,32932.888614,2026-10-08
BIII,Black Spade Acquisition III Co,Finance,Blank Checks,0.0,0.0,2026-10-08
BILI,Bilibili Inc.,Technology,EDP Services,416623646.9798658,6207.69234,2026-10-08
BILL,BILL Holdings Inc.,Technology,Computer Software: Prepackaged Software,85276782.00636943,3748.767337,2026-10-08
BIO,Bio-Rad Laboratories Inc.,Industrials,Biotechnology: Laboratory Analytical Instruments,26738174.999322183,9861.841085,2026-10-08
BIO-B,Bio-Rad Laboratories Inc.,,,,,2026-10-08
BIOA,BioAge Labs Inc.,Health Care,Biotechnology: Pharmaceutical Preparations,45896909.06200318,288.691558,2026-10-08
BIOT,Instinct Bio Technical Company Holdings Inc.,Consumer Discretionary,Package Goods/Cosmetics,28753849.865951743,10.725186,2026-10-08
BIOTW,Instinct Bio Technical Company Holdings Inc. Warrants,Consumer Discretionary,Package Goods/Cosmetics,28753832.335329343,0.480189,2026-10-08
BIOX,Bioceres Crop Solutions Corp.,Industrials,Agricultural Chemicals,63815891.860123426,21.716548,2026-10-08
BIP,Brookfield Infrastructure Partners LP Limited Partnership Units,Consumer Discretionary,Marine Transportation,457714497.0077478,17132.253623,2026-10-08
BIPC,Brookfield Infrastructure Corporation Brookfield Infrastructure Corporation,Consumer Discretionary,Marine Transportation,123015597.00424178,4640.148319,2026-10-08
BIPH,Brookfield Infrastructure Corporation 5.000% Subordinated Notes due 2081,Consumer Discretionary,Marine Transportation,461343971.9819238,7146.218126,2026-10-08
BIPI,BIP Bermuda Holdings I Limited 5.125% Perpetual Subordinated Notes,Consumer Discretionary,Marine Transportation,9476900.000000002,152.388552,2026-10-08
BIPJ,Brookfield Infrastructure Corporation 7.250% Subordinated Notes due 2084,Consumer Discretionary,Marine Transportation,461343971.99826616,10643.205434,2026-10-08
BIRD,Smartbird Inc.,Consumer Discretionary,Apparel,11809193.059936909,37.435142,2026-10-08
BIRK,Birkenstock Holding plc,Consumer Discretionary,Shoe Manufacturing,165126204.0,5614.290936,2026-10-08
BIT,BlackRock Multi-Sector Income Trust,Finance,Trusts Except Educational Religious and Charitable,0.0,0.0,2026-10-08
BIVI,BioVie Inc.,Health Care,Biotechnology: Pharmaceutical Preparations,8682709.722222222,12.503102,2026-10-08
BIXI,Bitcoin Infrastructure Acquisition Corp Ltd.,,,0.0,0.0,2026-10-08
BIXIU,Bitcoin Infrastructure Acquisition Corp Ltd. Unit,Finance,Blank Checks,0.0,0.0,2026-10-08
BIXIW,Bitcoin Infrastructure Acquisition Corp Ltd. Warrant,,,0.0,0.0,2026-10-08
BIYA,Baiya International Group Inc,Consumer Discretionary,Diversified Commercial Services,6380751.648351649,8.709726,2026-10-08
BJ,BJ's Wholesale Club Holdings Inc.,Consumer Discretionary,Department/Specialty Retail Stores,126314691.99958166,12078.210849,2026-10-08
BJDX,Bluejay Diagnostics Inc.,Health Care,Medical/Dental Instruments,4468051.066979154,3.622249,2026-10-08
BJRI,BJ's Restaurants Inc.,Consumer Discretionary,Restaurants,21273764.992662646,1304.720007,2026-10-08
BKD,Brookdale Senior Living Inc.,Health Care,Hospital/Nursing Management,238817252.0183486,2603.108047,2026-10-08
BKE,Buckle Inc. (The),Consumer Discretionary,Clothing/Shoe/Accessory Stores,51512434.00828348,2238.730382,2026-10-08
BKH,Black Hills Corporation,Utilities,Electric Utilities: Central,76253140.99519368,5394.147194,2026-10-08
BKHA,Black Hawk Acquisition Corporation,Health Care,Biotechnology: Biological Products (No Diagnostic Substances),0.0,0.0,2026-10-08
BKHAR,Black Hawk Acquisition Corporation Rights,Health Care,Biotechnology: Biological Products (No Diagnostic Substances),0.0,0.0,2026-10-08
BKHAU,Black Hawk Acquisition Corporation Units,,,0.0,0.0,2026-10-08
BKKT,Bakkt Inc.,Finance,Finance: Consumer Services,45069457.95918368,331.260516,2026-10-08
BKNG,Booking Holdings Inc.,Consumer Discretionary,Transportation Services,751380500.0,118440.108215,2026-10-08
BKR,Baker Hughes Company,Consumer Discretionary,Oil and Gas Field Machinery,992674070.9959741,56711.469676,2026-10-08
BKSY,BlackSky Technology Inc.,Technology,Radio And Television Broadcasting And Communications Equipment,40924845.98411297,927.35701,2026-10-08
BKT,BlackRock Income Trust Inc. (The),Finance,Investment Bankers/Brokers/Service,148762471.0526316,1413.243475,2026-10-08
BKTI,BK Technologies Corporation,Technology,Radio And Television Broadcasting And Communications Equipment,3769389.005303324,291.411464,2026-10-08
BKU,BankUnited Inc.,Finance,Savings Institutions,71232248.997669,3055.863482,2026-10-08
BKV,BKV Corporation,Energy,Oil & Gas Production,109437830.02267574,2413.104152,2026-10-08
BKYI,BIO-key International Inc.,Technology,Computer Software: Prepackaged Software,1684148.901098901,3.065151,2026-10-08
BL,BlackLine Inc.,Technology,Computer Software: Prepackaged Software,58125270.003549874,1637.388856,2026-10-08
BLBD,Blue Bird Corporation,Consumer Discretionary,Construction/Ag Equipment/Trucks,31347063.006033048,1792.581798,2026-10-08
BLCO,Bausch + Lomb Corporation,Health Care,Ophthalmic Goods,357165245.983702,6136.098926,2026-10-08
BLDP,Ballard Power Systems Inc.,Energy,Industrial Machinery/Components,351090705.8252427,723.246854,2026-10-08
BLDR,Builders FirstSource Inc.,Consumer Discretionary,RETAIL: Building Materials,107596457.00818214,6049.072813,2026-10-08
BLIN,Bridgeline Digital Inc.,Technology,Computer Software: Prepackaged Software,12599878.978036756,11.244132,2026-10-08
BLIV,BeLive Holdings Ordinary Share,Technology,EDP Services,10864802.173913045,24.989045,2026-10-08
BLK,BlackRock Inc.,Finance,Investment Bankers/Brokers/Service,154869259.0002038,167168.97555,2026-10-08
BLKB,Blackbaud Inc.,Technology,Computer Software: Prepackaged Software,45390096.98919789,1974.92312,2026-10-08
BLLN,BillionToOne Inc.,Health Care,Medical Specialities,47187038.00280168,4715.872578,2026-10-08
BLMN,Bloomin' Brands Inc.,Consumer Discretionary,Restaurants,85620916.97660467,713.650343,2026-10-08
BLND,Blend Labs Inc.,Technology,Computer Software: Programming Data Processing,236513318.62745097,241.243585,2026-10-08
BLNE,Beeline Holdings Inc.,Finance,Finance: Consumer Services,32928147.38734112,25.647734,2026-10-08
BLNK,Blink Charging Co.,Miscellaneous,Industrial Machinery/Components,144938716.54620042,74.194129,2026-10-08
BLRK,Bluerock Acquisition Corp.,,,0.0,0.0,2026-10-08
BLRX,BioLineRx Ltd.,Health Care,Biotechnology: Pharmaceutical Preparations,4978216.1242474485,11.411067,2026-10-08
BLSH,Bullish,Finance,Finance: Consumer Services,159641221.98921508,5328.82399,2026-10-08
BLSM,BlossomHill Therapeutics Inc.,Health Care,Biotechnology: Pharmaceutical Preparations,31784909.022556394,549.561077,2026-10-08
BLTE,Belite Bio Inc,Health Care,Biotechnology: Pharmaceutical Preparations,40272144.00102821,6266.748328,2026-10-08
BLUW,Blue Water Acquisition Corp. III,,,7245000.0,75.27555,2026-10-08
BLUWU,Blue Water Acquisition Corp. III Unit.,Health Care,Biotechnology: Biological Products (No Diagnostic Substances),0.0,0.0,2026-10-08
BLUWW,Blue Water Acquisition Corp. III Warrant.,,,7245000.000000001,2.10105,2026-10-08
BLW,Blackrock Limited Duration Income Trust,Consumer Discretionary,Other Consumer Services,35711253.005927175,421.749898,2026-10-08
BLX,Bladex Inc. Class E,Finance,Commercial Banks,37598918.99964016,2089.747918,2026-10-08
BLZE,Backblaze Inc.,Technology,Computer Software: Prepackaged Software,61900000.0,854.22,2026-10-08
BLZR,Trailblazer Acquisition Corp.,Finance,Blank Checks,0.0,0.0,2026-10-08
BLZRU,Trailblazer Acquisition Corp. Unit,,,0.0,0.0,2026-10-08
BLZRW,Trailblazer Acquisition Corp. Warrant,Finance,Blank Checks,0.0,0.0,2026-10-08
BMA,Banco Macro S.A.  ADR (representing Ten,Finance,Commercial Banks,63939030.00729395,4383.020507,2026-10-08
BMBL,Bumble Inc.,Technology,Computer Software: Programming Data Processing,131968313.94422312,331.240468,2026-10-08
BME,Blackrock Health Sciences Trust,Finance,Trusts Except Educational Religious and Charitable,13333017.993892413,567.586576,2026-10-08
BMEA,Biomea Fusion Inc.,Health Care,Biotechnology: Pharmaceutical Preparations,72483852.0,90.604815,2026-10-08
BMEZ,BlackRock Health Sciences Term Trust,Finance,Trusts Except Educational Religious and Charitable,13333018.009768011,218.394835,2026-10-08
BMGL,Basel Medical Group Ltd,Health Care,Medical/Nursing Services,1582111.111111111,5.26843,2026-10-08
BMHL,Bluemount Holdings Limited,Finance,Finance: Consumer Services,25520147.071583513,117.647878,2026-10-08
BMI,Badger Meter Inc.,Industrials,Industrial Machinery/Components,28986846.997494545,3586.542579,2026-10-08
BMM,Blue Moon Metals Inc.,,,104863000.97465888,537.947195,2026-10-08
BMN,BlackRock 2037 Municipal Target Term Trust,Finance,Trusts Except Educational Religious and Charitable,0.0,0.0,2026-10-08
BMNP,BitMine Immersion Technologies Inc. 9.5% Series A Perpetual Preferred Stock,Finance,Finance: Consumer Services,603226394.0009044,60030.074599,2026-10-08
BMNR,BitMine Immersion Technologies Inc.,Finance,Finance: Consumer Services,603226394.0076336,15804.531523,2026-10-08
BMO,Bank Of Montreal,Finance,Commercial Banks,695092236.9980131,115447.869643,2026-10-08
BMR,Beamr Imaging Ltd. Ordinary Share,Technology,Computer Software: Prepackaged Software,15529854.193548387,24.071274,2026-10-08
BMRA,Biomerica Inc.,Health Care,Biotechnology: In Vitro & In Vivo Diagnostic Substances,4598968.224299065,9.841792,2026-10-08
BMRC,Bank of Marin Bancorp,Finance,Major Banks,16194247.992700731,443.722395,2026-10-08
BMRN,BioMarin Pharmaceutical Inc.,Health Care,Biotechnology: Pharmaceutical Preparations,193573759.00035575,10882.716731,2026-10-08
BMY,Bristol-Myers Squibb Company,Health Care,Biotechnology: Pharmaceutical Preparations,2042714655.9993286,121725.366351,2026-10-08
BN,Brookfield Corporation Class A Limited Voting Shares,Real Estate,Building operators,2450749665.0040226,91388.455008,2026-10-08
BNAI,Brand Engagement Network Inc.,Technology,EDP Services,7503184.063047285,42.843181,2026-10-08
BNAIW,Brand Engagement Network Inc. Warrant,Technology,EDP Services,7503178.036605657,0.450941,2026-10-08
BNC,BNB Standard Corporation,Consumer Staples,Farming/Seeds/Milling,41173850.08547009,240.867023,2026-10-08
BNCWW,BNB Standard Corporation Warrant,Consumer Staples,Farming/Seeds/Milling,41173866.66666667,0.617608,2026-10-08
BNCWZ,BNB Standard Corporation Warrant,Consumer Staples,Farming/Seeds/Milling,41173853.333333336,6.176078,2026-10-08
BNED,Barnes & Noble Education Inc,Consumer Discretionary,Other Specialty Stores,34664979.982817866,403.500367,2026-10-08
BNGO,Bionano Genomics Inc.,Industrials,Biotechnology: Laboratory Analytical Instruments,11777000.0,17.07665,2026-10-08
BNH,Brookfield Finance Inc. 4.625% Subordinated Notes due October 16 2080,Real Estate,Building operators,1507796964.0332642,21757.510191,2026-10-08
BNJ,Brookfield Finance Inc. 4.50% Perpetual Subordinated Notes,Real Estate,Building operators,1507796963.986014,21561.496585,2026-10-08
BNKK,Bonk Inc.,Consumer Discretionary,Package Goods/Cosmetics,8000939.743589743,12.481466,2026-10-08
BNL,Broadstone Net Lease Inc.,Real Estate,Real Estate Investment Trusts,191892971.01449275,3574.96605,2026-10-08
BNR,Burning Rock Biotech Limited,Health Care,Medical Specialities,10546343.016759777,169.901586,2026-10-08
BNS,Bank Nova Scotia Halifax Pfd 3,Finance,Major Banks,1226787359.9977832,110680.755619,2026-10-08
BNT,Brookfield Wealth Solutions Ltd. Class A Exchangeable Limited Voting Shares,Finance,Property-Casualty Insurers,338014290.0107411,12587.65216,2026-10-08
BNTC,Benitec Biopharma Inc.,Health Care,Biotechnology: Pharmaceutical Preparations,34882726.0,313.944534,2026-10-08
BNTX,BioNTech SE,Health Care,Biotechnology: Biological Products (No Diagnostic Substances),251204365.9981197,24047.793957,2026-10-08
BNY,The Bank of New York Mellon Corporation,Finance,Major Banks,678504142.0023656,97521.40033,2026-10-08
BOBS,Bob's Discount Furniture Inc.,Consumer Discretionary,Other Specialty Stores,130687076.02179837,1918.486276,2026-10-08
BOC,Boston Omaha Corporation,Finance,Real Estate,30126565.975422427,392.247889,2026-10-08
BODI,The Beachbody Company Inc.,Consumer Discretionary,Other Consumer Services,7260981.983805668,35.869251,2026-10-08
BOE,Blackrock Enhanced Global Dividend Trust,Finance,Trusts Except Educational Religious and Charitable,0.0,0.0,2026-10-08
BOF,BranchOut Food Inc.,Consumer Staples,Packaged Foods,16259705.882352943,58.04715,2026-10-08
BOH,Bank of Hawaii Corporation,Finance,Major Banks,39450396.00297177,2655.011651,2026-10-08
BOKF,BOK Financial Corporation,Finance,Major Banks,60766866.99960983,7787.274006,2026-10-08
BOLD,Boundless Bio Inc.,Health Care,Biotechnology: Pharmaceutical Preparations,22747984.824902724,58.462321,2026-10-08
BOLT,Bolt Biotherapeutics Inc.,Health Care,Biotechnology: Pharmaceutical Preparations,1926345.0142450144,6.761471,2026-10-08
BON,Bon Natural Life Limited,Health Care, Medicinal Chemicals and Botanical Products ,8128810.256410257,9.510708,2026-10-08
BOOM,DMC Global Inc.,Industrials,Industrial Specialties,20540948.996655516,122.834875,2026-10-08
BOOT,Boot Barn Holdings Inc.,Consumer Discretionary,Clothing/Shoe/Accessory Stores,30284843.9993565,3765.011806,2026-10-08
BORR,Borr Drilling Limited,Energy,Oil & Gas Production,307701075.05938244,1295.421526,2026-10-08
BOSC,B.O.S. Better Online Solutions,Telecommunications,Computer Communications Equipment,7049810.107526882,32.781617,2026-10-08
BOT,RoboStrategy Inc.,,,0.0,0.0,2026-10-08
BOTJ,Bank of the James Financial Group Inc.,Finance,Major Banks,4543337.990465714,123.896827,2026-10-08
BOW,Bowhead Specialty Holdings Inc.,Finance,Property-Casualty Insurers,32943005.00296033,1112.814709,2026-10-08
BOX,Box Inc.,Technology,Computer Software: Prepackaged Software,137200773.00822228,4839.071264,2026-10-08
BOXL,Boxlight Corporation,Real Estate,Other Consumer Services,844543.8888888889,3.040358,2026-10-08
BP,BP p.l.c.,Energy,Integrated oil Companies,2617930400.999778,117833.047349,2026-10-08
BPAC,Blueport Acquisition Ltd,,,0.0,0.0,2026-10-08
BPACR,Blueport Acquisition Ltd Rights,Finance,Blank Checks,0.0,0.0,2026-10-08
BPOP,Popular Inc.,Finance,Major Banks,63778500.998167925,10095.498923,2026-10-08
BPOPM,Popular Inc. Popular Capital Trust II - 6.125% Cumulative Monthly Income Trust Preferred Securities,Finance,Major Banks,63778500.99009901,1610.40715,2026-10-08
BPRE,Bluerock Private Real Estate Fund,,,0.0,0.0,2026-10-08
BPRN,Princeton Bancorp Inc.,Finance,Major Banks,6813200.992613112,295.147867,2026-10-08
BPYPM,Brookfield Property Partners L.P. 6.25% Class A Cumulative Redeemable Preferred Units Series 1,Finance,Real Estate,1238727502.0,19819.640032,2026-10-08
BPYPN,Brookfield Property Partners L.P. 5.750% Class A Cumulative Redeemable Perpetual Preferred Units Series 3,Finance,Real Estate,1238727502.0119226,16623.723077,2026-10-08
BPYPO,Brookfield Property Partners L.P. 6.375% Class A Cumulative Redeemable Perpetual Preferred Units Series 2,Finance,Real Estate,1238727502.0188425,18407.49068,2026-10-08
BPYPP,Brookfield Property Partners L.P. 6.50% Class A Cumulative Redeemable Perpetual Preferred Units,Finance,Real Estate,1238727502.012987,19076.403531,2026-10-08
BQ,Boqii Holding Limited,Consumer Discretionary,Other Specialty Stores,7879614.0071627535,5.940441,2026-10-08
BR,Broadridge Financial Solutions Inc.,Consumer Discretionary,Business Services,112900031.99924366,17912.719077,2026-10-08
BRAG,Bragg Gaming Group Inc.,Technology,Office Equipment/Supplies/Services,31063403.745830838,36.322438,2026-10-08
BRAI,Braiin Limited,Technology,EDP Services,206088228.0254777,970.675554,2026-10-08
BRBI,BRBI BR Partners S.A.,Finance,Finance: Consumer Services,50136546.01899197,686.369315,2026-10-08
BRBR,BellRing Brands Inc.,Consumer Staples,Packaged Foods,116278194.01820545,894.179312,2026-10-08
BRBS,Blue Ridge Bankshares Inc.,Finance,Major Banks,89688853.06122449,351.580304,2026-10-08
BRC,Brady Corporation,Consumer Discretionary,Miscellaneous manufacturing industries,46899214.00540477,3991.592104,2026-10-08
BRCB,Black Rock Coffee Bar Inc.,Consumer Discretionary,Restaurants,50072679.02571042,370.037098,2026-10-08
BRCC,BRC Inc.,Consumer Staples,Beverages (Production/Distribution),25028745.974576272,236.271362,2026-10-08
BREZ,Breeze Acquisition Corp. II,Finance,Blank Checks,0.0,0.0,2026-10-08
BREZR,Breeze Acquisition Corp. II Right,Finance,Blank Checks,0.0,0.0,2026-10-08
BRFH,Barfresh Food Group Inc.,Consumer Staples,Packaged Foods,16308172.45657568,13.144387,2026-10-08
BRIA,BrilliA Inc,Consumer Discretionary,Apparel,30625000.000000004,42.875,2026-10-08
BRID,Bridgford Foods Corporation,Consumer Staples,Specialty Foods,9076832.01438849,50.467186,2026-10-08
BRK-A,Berkshire Hathaway Inc.,,,1470874.0,1115166.657084,2026-10-08
BRK-B,Berkshire Hathaway Inc.,,,2206311370.999327,1115378.650495,2026-10-08
BRKH,Burtech Acquisition Corp II,Finance,Blank Checks,0.0,0.0,2026-10-08
BRKR,Bruker Corporation,Industrials,Biotechnology: Laboratory Analytical Instruments,152359316.0,9217.738618,2026-10-08
BRKRP,Bruker Corporation 6.375% Mandatory Convertible Preferred Stock Series A,Industrials,Biotechnology: Laboratory Analytical Instruments,152359316.0008089,67805.989993,2026-10-08
BRLS,Borealis Foods Inc.,Consumer Staples,Packaged Foods,21463305.69105691,26.399866,2026-10-08
BRLSW,Borealis Foods Inc. Warrant,Consumer Staples,Packaged Foods,21463298.791018996,1.242725,2026-10-08
BRLT,Brilliant Earth Group Inc.,Consumer Discretionary,Consumer Specialties,101822795.10489511,145.606597,2026-10-08
BRN,Barnwell Industries Inc.,Energy,Oil & Gas Production,14434310.182767624,13.820852,2026-10-08
BRNX,BrenX Ltd.,Industrials,Building Products,1946972.2222222222,3.50455,2026-10-08
BRO,Brown & Brown Inc.,Finance,Specialty Insurers,334610356.99524355,20401.193466,2026-10-08
BROS,Dutch Bros Inc.,Consumer Discretionary,Restaurants,174681716.00102407,6823.067827,2026-10-08
BRRKU,Bluerock Acquisition Corp. II Units,,,0.0,0.0,2026-10-08
BRSL,Brightstar Lottery PLC Trading under the Legal Name to begin at the market open on July 21 2025.,Consumer Discretionary,Services-Misc. Amusement & Recreation,184499999.99999997,1883.745,2026-10-08
BRSP,BrightSpire Capital Inc.,Real Estate,Real Estate Investment Trusts,126524179.94722955,479.526642,2026-10-08
BRT,BRT Apartments Corp. (MD),Real Estate,Real Estate Investment Trusts,18793276.97947214,256.340298,2026-10-08
BRTM,B&R Technology Merger Corp.,Finance,Blank Checks,0.0,0.0,2026-10-08
BRTMU,B&R Technology Merger Corp. Units,,,0.0,0.0,2026-10-08
BRTX,BioRestorative Therapies Inc.,Health Care,Managed Health Care,1381128.193832599,3.135161,2026-10-08
BRUN,Boost Run Inc.,Technology,EDP Services,79487441.0019776,1205.82448,2026-10-08
BRVE,Braveheart Bio Inc.,Health Care,Biotechnology: Pharmaceutical Preparations,90038969.02475998,1781.871197,2026-10-08
BRW,Saba Capital Income & Opportunities Fund SBI,Finance,Trusts Except Educational Religious and Charitable,0.0,0.0,2026-10-08
BRX,Brixmor Property Group Inc.,Real Estate,Real Estate Investment Trusts,306872315.98689,8426.713797,2026-10-08
BRZE,Braze Inc.,Technology,Computer Software: Prepackaged Software,113584426.99316628,2991.813807,2026-10-08
BSAA,BEST SPAC I Acquisition Corp.,Finance,Blank Checks,,,2026-10-08
BSAAR,BEST SPAC I Acquisition Corp. Rights,Finance,Blank Checks,0.0,0.0,2026-10-08
BSAC,Banco Santander - Chile,Finance,Commercial Banks,471115317.0040486,15127.512829,2026-10-08
BSBK,Bogota Financial Corp.,Finance,Banks,12761313.02428256,115.617496,2026-10-08
BSBR,Banco Santander Brasil SA,Finance,Commercial Banks,7471198130.936455,44677.764823,2026-10-08
BSEM,BioStem Technologies Inc.,Health Care,Biotechnology: Biological Products (No Diagnostic Substances),18672125.101214573,46.120149,2026-10-08
BSET,Bassett Furniture Industries Incorporated,Consumer Discretionary,Home Furnishings,8651360.984848484,182.716744,2026-10-08
BSIN,Big Sky Industrial Inc.,Energy,Oil & Gas Production,52493428.27586207,76.115471,2026-10-08
BSL,Blackstone Senior Floating Rate 2027 Term Fund,Finance,Trusts Except Educational Religious and Charitable,0.0,0.0,2026-10-08
BSM,Black Stone Minerals L.P. Common units representing limited partner interests,Energy,Oil & Gas Production,212710570.98092642,3122.591182,2026-10-08
BSP,Bending Spoons S.p.A.,Technology,Computer Software: Programming Data Processing,688279300.0,22761.396451,2026-10-08
BSRR,Sierra Bancorp,Finance,Major Banks,12963397.011144884,511.794914,2026-10-08
BST,BlackRock Science and Technology Trust,Finance,Finance Companies,22157829.996081505,1130.935643,2026-10-08
BSTZ,BlackRock Science and Technology Term Trust,Finance,Trusts Except Educational Religious and Charitable,22157829.99359795,692.210609,2026-10-08
BSVN,Bank7 Corp.,Finance,Major Banks,9525855.998563219,530.399662,2026-10-08
BSX,Boston Scientific Corporation,Health Care,Medical/Dental Instruments,1449229526.0014222,61142.993702,2026-10-08
BSY,Bentley Systems Incorporated,Technology,Computer Software: Prepackaged Software,302092888.9908257,10866.281217,2026-10-08
BTBD,BT Brands Inc.,Consumer Discretionary,Restaurants,6184723.952095808,10.328489,2026-10-08
BTBDW,BT Brands Inc. Warrant,Consumer Discretionary,Restaurants,6184739.130434783,0.142249,2026-10-08
BTBT,Bit Digital Inc.,Finance,Finance: Consumer Services,360633503.28947365,548.162925,2026-10-08
BTCS,BTCS Inc.,Finance,Finance: Consumer Services,52471941.09589041,76.609034,2026-10-08
BTCT,BTC Digital Ltd.,Finance,Finance: Consumer Services,11800566.964285713,13.216635,2026-10-08
BTDR,Bitdeer Technologies Group,Finance,Finance: Consumer Services,271782245.00458294,2965.144293,2026-10-08
BTE,Baytex Energy Corp,Energy,Oil & Gas Production,708888000.0,3324.68472,2026-10-08
BTG,B2Gold Corp,Basic Materials,Precious Metals,1321070761.9961612,6882.77867,2026-10-08
BTGO,BitGo Holdings Inc.,Finance,Finance: Consumer Services,117545621.97496523,845.153022,2026-10-08
BTI,British American Tobacco  Industries p.l.c.,Health Care, Medicinal Chemicals and Botanical Products ,2160333555.008489,114519.281751,2026-10-08
BTLN,Brightline Interactive Inc.,Technology,EDP Services,2712350.973066414,14.592177,2026-10-08
BTMD,Biote Corp.,Health Care, Medicinal Chemicals and Botanical Products ,35927468.421052635,40.957314,2026-10-08
BTO,John Hancock Financial Opportunities Fund,Finance,Investment Managers,0.0,0.0,2026-10-08
BTOC,Armlogi Holding Corp.,Consumer Discretionary,Office Equipment/Supplies/Services,45443076.92307692,10.04292,2026-10-08
BTQ,BTQ Technologies Corp.,,,147080676.99386504,479.483007,2026-10-08
BTSG,BrightSpring Health Services Inc.,Health Care,Medical/Nursing Services,197864241.00392157,12613.845364,2026-10-08
BTSGU,BrightSpring Health Services Inc. Tangible Equity Unit,Health Care,Medical/Nursing Services,197864240.9982265,39048.507961,2026-10-08
BTT,BlackRock Municipal 2030 Target Term Trust,Finance,Investment Managers,0.0,0.0,2026-10-08
BTTC,Black Titan Corporation,Health Care,Biotechnology: Biological Products (No Diagnostic Substances),13698702.921506511,7.783603,2026-10-08
BTU,Peabody Energy Corporation,Energy,Coal Mining,121900000.0,3099.917,2026-10-08
BTX,BlackRock Technology and Private Equity Term Trust,,,235796173.97260273,2237.705691,2026-10-08
BTZ,BlackRock Credit Allocation Income Trust,Finance,Finance/Investors Services,108135000.0,1019.71305,2026-10-08
BUD,Anheuser-Busch Inbev SA,Consumer Staples,Beverages (Production/Distribution),1972133053.9936523,149132.701543,2026-10-08
BUDA,Buda Juice Inc.,Consumer Staples,Beverages (Production/Distribution),12566665.95546073,94.237428,2026-10-08
BUI,BlackRock Utility Infrastructure & Power Opportunities Trust,Finance,Trusts Except Educational Religious and Charitable,0.0,0.0,2026-10-08
BULL,Webull Corporation,Finance,Investment Bankers/Brokers/Service,540484885.0274725,3934.729963,2026-10-08
BULLW,Webull Corporation Warrants,Finance,Investment Bankers/Brokers/Service,540484884.8484849,1248.520084,2026-10-08
BUR,Burford Capital Limited,Finance,Finance: Consumer Services,218811590.8839779,792.097959,2026-10-08
BURL,Burlington Stores Inc.,Consumer Discretionary,Department/Specialty Retail Stores,62815195.00054263,17364.004354,2026-10-08
BURU,Nuburu Inc.,Miscellaneous,Industrial Machinery/Components,9262345.0,11.114814,2026-10-08
BUSE,First Busey Corporation,Finance,Major Banks,83189500.98639457,2445.771329,2026-10-08
BUSEP,First Busey Corporation,Finance,Major Banks,83189500.99166997,2097.20732,2026-10-08
BUUU,BUUU Group Limited Class A Ordinary Share,Consumer Discretionary,Services-Misc. Amusement & Recreation,18847500.0,729.39825,2026-10-08
BV,BrightView Holdings Inc.,Consumer Staples,Farming/Seeds/Milling,92600000.0,971.374,2026-10-08
BVC,BitVentures Limited,Finance,Investment Managers,168000000.0,2009.28,2026-10-08
BVFL,BV Financial Inc.,Finance,Savings Institutions,8470603.998140398,182.202692,2026-10-08
BVN,Buenaventura Mining Company Inc.,Basic Materials,Metal Mining,253986867.00062618,8112.340532,2026-10-08
BVS,Bioventus Inc.,Health Care,Medical/Dental Instruments,84091880.0,1101.603628,2026-10-08
BW,Babcock & Wilcox Enterprises Inc.,Industrials,Building Products,148965065.98984772,880.38354,2026-10-08
BWA,BorgWarner Inc.,Consumer Discretionary,Auto Parts:O.E.M.,203666353.99305555,12904.300189,2026-10-08
BWAY,BrainsWay Ltd.,Health Care,Medical/Dental Instruments,40129408.999158956,477.138673,2026-10-08
BWB,Bridgewater Bancshares Inc.,Finance,Major Banks,27883823.02405498,567.993475,2026-10-08
BWBBP,Bridgewater Bancshares Inc.,Finance,Major Banks,27883822.98553719,539.830813,2026-10-08
BWEN,Broadwind Inc.,Telecommunications,Metal Fabrications,23657372.94117647,100.543835,2026-10-08
BWFG,Bankwell Financial Group Inc.,Finance,Major Banks,7971972.003645754,524.794917,2026-10-08
BWG,BrandywineGLOBAL Global Income Opportunities Fund Inc.,Finance,Finance/Investors Services,0.0,0.0,2026-10-08
BWIN,The Baldwin Insurance Group Inc.,Finance,Specialty Insurers,139498333.99308828,4440.231971,2026-10-08
BWIV,Blue Water Acquisition Corp. IV,Finance,Blank Checks,0.0,0.0,2026-10-08
BWLP,BW LPG Limited,Consumer Discretionary,Transportation Services,159282000.0,4076.02638,2026-10-08
BWMN,Bowman Consulting Group Ltd.,Consumer Discretionary,Professional Services,17335511.988782424,741.786558,2026-10-08
BWMX,Betterware de Mexico S.A.P.I. de C.V.,Consumer Discretionary,Catalog/Specialty Distribution,39485053.006134965,643.606364,2026-10-08
BWXT,BWX Technologies Inc.,Industrials,Industrial Machinery/Components,91621980.0,13349.322486,2026-10-08
BX,Blackstone Inc.,Finance,Investment Managers,750625113.9996471,85090.862923,2026-10-08
BXBL,BOXABL Inc.,Consumer Discretionary,Homebuilding,34597152.061068706,113.305673,2026-10-08
BXC,Bluelinx Holdings Inc.,Consumer Discretionary,Wholesale Distributors,7860217.000801926,588.101436,2026-10-08
BXDC,Blackstone Digital Infrastructure Trust Inc.,Finance,Real Estate,100649904.99139415,1754.327844,2026-10-08
BXMT,Blackstone Mortgage Trust Inc.,Real Estate,Real Estate Investment Trusts,168543591.02222222,1896.115399,2026-10-08
BXP,BXP Inc.,Real Estate,Real Estate Investment Trusts,159661555.99598595,9546.164433,2026-10-08
BXSL,Blackstone Secured Lending Fund,Finance,Trusts Except Educational Religious and Charitable,0.0,0.0,2026-10-08
BY,Byline Bancorp Inc.,Finance,Major Banks,45186420.005356185,1687.260923,2026-10-08
BYAH,Park Ha Biological Technology Co. Ltd.,Consumer Discretionary,Package Goods/Cosmetics,3425527.0103092785,8.306903,2026-10-08
BYD,Boyd Gaming Corporation,Consumer Discretionary,Hotels/Resorts,72655414.00369266,5115.6677,2026-10-08
BYFC,Broadway Financial Corporation,Finance,Savings Institutions,9278544.978540773,108.095049,2026-10-08
BYND,Beyond Meat Inc.,Consumer Staples,Packaged Foods,17193965.95744681,137.379788,2026-10-08
BYRN,Byrna Technologies Inc.,Miscellaneous,Industrial Machinery/Components,23404753.929539297,86.363542,2026-10-08
BYSI,BeyondSpring Inc.,Health Care,Biotechnology: Pharmaceutical Preparations,41119819.442438245,28.467251,2026-10-08
BZ,KANZHUN LIMITED American Depository Shares,Technology,Computer Software: Programming Data Processing,462805702.9781602,6992.994172,2026-10-08
BZAI,Blaize Holdings Inc.,Technology,Semiconductors,144832039.9724328,42.030258,2026-10-08
BZAIW,Blaize Holdings Inc. Warrants,Technology,Semiconductors,144832040.81632653,5.677416,2026-10-08
BZFD,BuzzFeed Inc.,Consumer Discretionary,Telecommunications Equipment,89334733.33333334,104.521638,2026-10-08
BZFDW,BuzzFeed Inc. Warrant,Consumer Discretionary,Telecommunications Equipment,89334767.44186047,0.768279,2026-10-08
BZH,Beazer Homes USA Inc.,Consumer Discretionary,Homebuilding,26679622.987129606,891.366204,2026-10-08
BZUN,Baozun Inc.,Consumer Discretionary,Catalog/Specialty Distribution,58128389.04899135,201.70551,2026-10-08
C,Citigroup Inc.,Finance,Major Banks,1677436782.998755,215584.175351,2026-10-08
CAAP,Corporacion America Airports SA,Consumer Discretionary,Aerospace,165219145.99524188,4166.826862,2026-10-08
CAAS,China Automotive Systems Inc. Ordinary Share,Consumer Discretionary,Auto Parts:O.E.M.,30170701.93548387,140.293764,2026-10-08
CABA,Cabaletta Bio Inc.,Health Care,Biotechnology: Biological Products (No Diagnostic Substances),169545445.04950494,342.481799,2026-10-08
CABO,Cable One Inc.,Telecommunications,Cable & Other Pay Television Services,5673924.980724749,73.590807,2026-10-08
CABR,Caring Brands Inc.,Consumer Discretionary,Package Goods/Cosmetics,10368226.4,12.960283,2026-10-08
CAC,Camden National Corporation,Finance,Major Banks,16897048.995771673,959.076501,2026-10-08
CACC,Credit Acceptance Corporation,Finance,Finance: Consumer Services,10380579.999254538,5570.011616,2026-10-08
CACI,CACI International Inc.,Technology,EDP Services,22099596.999866586,13251.802345,2026-10-08
CADL,Candel Therapeutics Inc.,Health Care,Biotechnology: Biological Products (No Diagnostic Substances),76518565.04559271,755.238237,2026-10-08
CAE,CAE Inc.,Miscellaneous,Industrial Machinery/Components,321508660.00842816,7629.400502,2026-10-08
CAES,Cantor Equity Partners VII Inc.,Finance,Blank Checks,0.0,0.0,2026-10-08
CAF,Morgan Stanley China A Share Fund Inc.,Finance,Investment Managers,0.0,0.0,2026-10-08
CAG,ConAgra Brands Inc.,Consumer Staples,Packaged Foods,477411517.0260223,6421.184904,2026-10-08
CAH,Cardinal Health Inc.,Health Care,Other Pharmaceuticals,231559345.00085676,54055.213497,2026-10-08
CAI,Caris Life Sciences Inc.,Health Care,Medical Specialities,282595186.0134766,7758.650832,2026-10-08
CAII,Collective Acquisition Corp. II,Finance,Blank Checks,0.0,0.0,2026-10-08
CAKE,Cheesecake Factory Incorporated (The),Consumer Discretionary,Restaurants,49760634.001663126,5385.593418,2026-10-08
CAL,Caleres Inc.,Consumer Discretionary,Shoe Manufacturing,34504976.966292135,429.932013,2026-10-08
CALC,CalciMedica Inc.,Health Care,Biotechnology: Pharmaceutical Preparations,6828291.946308725,10.174155,2026-10-08
CALM,Cal-Maine Foods Inc.,Consumer Staples,Farming/Seeds/Milling,46710612.996845424,2961.452864,2026-10-08
CALX,Calix Inc,Consumer Discretionary,Telecommunications Equipment,62963989.00538396,2221.999172,2026-10-08
CALY,Callaway Golf Company,Consumer Discretionary,Recreational Games/Products/Toys,178510521.00840336,2549.13024,2026-10-08
CAMP,CAMP4 Therapeutics Corporation,Health Care,Biotechnology: Pharmaceutical Preparations,62753200.0,248.502672,2026-10-08
CAMT,Camtek Ltd.,Technology,Electronic Components,46548607.00097056,7194.087212,2026-10-08
CAN,Canaan Inc.,Finance,Finance: Consumer Services,711369154.8426898,230.62588,2026-10-08
CANF,Can-Fite Biopharma Ltd,Health Care,Biotechnology: Pharmaceutical Preparations,3031547.196261682,6.487511,2026-10-08
CANG,Cango Inc.,Finance,Finance: Consumer Services,41021966.88741722,123.88634,2026-10-08
CAPL,CrossAmerica Partners LP Common Units representing limited partner interests,Energy,Oil Refining/Marketing,38173255.00692201,827.214436,2026-10-08
CAPN,Cayson Acquisition Corp,,,0.0,0.0,2026-10-08
CAPNR,Cayson Acquisition Corp Right,Finance,Blank Checks,0.0,0.0,2026-10-08
CAPNU,Cayson Acquisition Corp Unit,,,0.0,0.0,2026-10-08
CAPR,Capricor Therapeutics Inc.,Health Care,Biotechnology: Pharmaceutical Preparations,58138989.03225806,450.577165,2026-10-08
CAPS,Capstone Holding Corp.,Consumer Discretionary,RETAIL: Building Materials,26384120.56737589,3.720161,2026-10-08
CAQ,Cambridge Acquisition Corp.,,,0.0,0.0,2026-10-08
CAR,Avis Budget Group Inc.,Consumer Discretionary,Rental/Leasing Companies,35325753.99911229,3979.446188,2026-10-08
CARE,Carter Bankshares Inc.,Finance,Major Banks,22163930.991464216,675.113338,2026-10-08
CARG,CarGurus Inc.,Technology,EDP Services,89073478.00208841,2559.081023,2026-10-08
CARL,Carlsmed Inc.,Health Care,Medical/Dental Instruments,27302743.032786883,399.712158,2026-10-08
CARR,Carrier Global Corporation,Industrials,Industrial Machinery/Components,824325057.0053476,46244.635698,2026-10-08
CARS,Cars.com Inc.,Technology,EDP Services,53532713.96825397,505.884147,2026-10-08
CART,Maplebear Inc.,Consumer Discretionary,Business Services,237333400.0,10791.549698,2026-10-08
CASH,Pathward Financial Inc.,Finance,Major Banks,20773362.003832467,1517.701828,2026-10-08
CASS,Cass Information Systems Inc,Consumer Discretionary,Business Services,12806148.998144712,690.251431,2026-10-08
CAST,FreeCast Inc.,Technology,EDP Services,50787414.15929204,57.389778,2026-10-08
CASY,Casey's General Stores Inc.,Consumer Discretionary,Retail-Auto Dealers and Gas Stations,36960167.00064433,22944.871674,2026-10-08
CAT,Caterpillar Inc.,Industrials,Construction/Ag Equipment/Trucks,459674888.9998147,396901.686158,2026-10-08
CATL,Catalyst Acquisition Corp. Class A Ordinary Share,Finance,Blank Checks,0.0,0.0,2026-10-08
CATLR,Catalyst Acquisition Corp. Rights,Finance,Blank Checks,0.0,0.0,2026-10-08
CATLU,Catalyst Acquisition Corp. Units,Finance,Blank Checks,0.0,0.0,2026-10-08
CATO,Cato Corporation (The),Consumer Discretionary,Clothing/Shoe/Accessory Stores,19911948.953974895,47.589558,2026-10-08
CATX,Perspective Therapeutics Inc.,Health Care,Biotechnology: Pharmaceutical Preparations,114151663.13559322,269.397925,2026-10-08
CATY,Cathay General Bancorp,Finance,Major Banks,66713819.996675536,4013.503411,2026-10-08
CAVA,CAVA Group Inc.,Consumer Discretionary,Restaurants,116806198.00531915,6148.678263,2026-10-08
CB,Chubb Limited,Finance,Property-Casualty Insurers,385799858.9988331,128938.170876,2026-10-08
CBAN,Colony Bankcorp Inc.,Finance,Major Banks,21220965.00244738,433.544315,2026-10-08
CBAT,CBAK Energy Technology Limited,Miscellaneous,Industrial Machinery/Components,88645836.13445379,105.488545,2026-10-08
CBC,Central Bancompany Inc.,Finance,Major Banks,239505133.01182327,7697.694975,2026-10-08
CBFV,CB Financial Services Inc.,Finance,Major Banks,5081584.012875536,189.441452,2026-10-08
CBIO,Crescent Biopharma Inc.,Health Care,Biotechnology: Pharmaceutical Preparations,37143940.014738396,504.043266,2026-10-08
CBK,Commercial Bancgroup Inc.,Finance,Major Banks,13701269.996818326,430.630916,2026-10-08
CBL,CBL & Associates Properties Inc.,Real Estate,Real Estate Investment Trusts,30942757.0,1547.13785,2026-10-08
CBLL,CeriBell Inc.,Health Care,Biotechnology: Electromedical & Electrotherapeutic Apparatus,38378100.98603123,934.122978,2026-10-08
CBNA,Chain Bridge Bancorp Inc.,Finance,Major Banks,6561816.997167138,324.284996,2026-10-08
CBNK,Capital Bancorp Inc.,Finance,Major Banks,16290455.998989642,644.939153,2026-10-08
CBOE,Cboe Global Markets Inc.,Finance,Investment Bankers/Brokers/Service,111818750.0,31107.97625,2026-10-08
CBRE,CBRE Group Inc,Finance,Real Estate,289575298.0024491,37835.908437,2026-10-08
CBRL,Cracker Barrel Old Country Store Inc,Consumer Discretionary,Restaurants,22352430.007102273,1258.888858,2026-10-08
CBRS,Cerebras Systems Inc.,Technology,Semiconductors,237564040.99943537,42072.591661,2026-10-08
CBSH,Commerce Bancshares Inc.,Finance,Major Banks,143432178.00292078,7857.214711,2026-10-08
CBT,Cabot Corporation,Industrials,Major Chemicals,51631007.00298275,3981.26695,2026-10-08
CBU,Community Financial System Inc.,Finance,Major Banks,52615905.001678415,3134.85562,2026-10-08
CBUS,Cibus Inc.,Industrials,Agricultural Chemicals,76428963.69426751,119.993473,2026-10-08
CBZ,CBIZ Inc.,Consumer Discretionary,Business Services,54263878.99159664,2970.404736,2026-10-08
CC,Chemours Company (The),Industrials,Major Chemicals,150498995.0284091,2119.02585,2026-10-08
CCAP,Crescent Capital BDC Inc.,Finance,Finance: Consumer Services,36845951.955922864,334.377014,2026-10-08
CCAQ,Collective Acquisition Corp.,Finance,Blank Checks,0.0,0.0,2026-10-08
CCAQW,Collective Acquisition Corp. Warrants,Finance,Blank Checks,0.0,0.0,2026-10-08
CCB,Coastal Financial Corporation,Finance,Major Banks,15286327.011776252,623.070689,2026-10-08
CCBG,Capital City Bank Group,Finance,Major Banks,17113296.995533902,843.00101,2026-10-08
CCC,CCC Intelligent Solutions Holdings Inc.,Technology,Computer Software: Prepackaged Software,588994704.0601504,3916.814782,2026-10-08
CCCC,C4 Therapeutics Inc.,Health Care,Biotechnology: Biological Products (No Diagnostic Substances),123025136.11111112,354.312392,2026-10-08
CCCT,Columbus Circle Capital Corp III,,,0.0,0.0,2026-10-08
CCD,Calamos Dynamic Convertible & Income Fund,Finance,Trusts Except Educational Religious and Charitable,0.0,0.0,2026-10-08
CCEC,Capital Clean Energy Carriers Corp. Common Share,Consumer Discretionary,Marine Transportation,60289778.01827802,1253.424485,2026-10-08
CCEL,Cryo-Cell International Inc.,Health Care,Misc Health and Biotechnology Services,8062650.0,31.283082,2026-10-08
CCEP,Coca-Cola Europacific Partners plc,Consumer Staples,Beverages (Production/Distribution),453982432.9957723,46174.55326,2026-10-08
CCG,Cheche Group Inc.,Finance,Specialty Insurers,2505425.9557344066,12.451967,2026-10-08
CCGWW,Cheche Group Inc. Warrant,Finance,Specialty Insurers,2505454.5454545454,0.030316,2026-10-08
CCHH,CCH Holdings Ltd,Consumer Discretionary,Restaurants,19815727.131782945,19.171716,2026-10-08
CCI,Crown Castle Inc.,Real Estate,Real Estate Investment Trusts,425455439.00117165,29050.097375,2026-10-08
CCID,Carlyle Credit Income Fund 7.375% Series D Term Preferred Shares due 2028,,,0.0,0.0,2026-10-08
CCIF,Carlyle Credit Income Fund Shares of Beneficial Interest,Finance,Finance/Investors Services,0.0,0.0,2026-10-08
CCII,Cohen Circle Acquisition Corp. II,,,0.0,0.0,2026-10-08
CCIIU,Cohen Circle Acquisition Corp. II Unit,,,0.0,0.0,2026-10-08
CCJ,Cameco Corporation,Basic Materials,Other Metals and Minerals,435532978.00473017,40513.277614,2026-10-08
CCK,Crown Holdings Inc.,Industrials,Containers/Packaging,108760511.00380723,11712.41943,2026-10-08
CCL,Carnival Corporation Ltd.,Consumer Discretionary,Marine Transportation,1344610129.006772,35739.737229,2026-10-08
CCLD,CareCloud Inc.,Technology,Computer Software: Prepackaged Software,42493858.93719807,87.962288,2026-10-08
CCM,Concord Medical Services Holdings Limited,Health Care,Medical/Nursing Services,4341723.004694836,13.871805,2026-10-08
CCNE,CNB Financial Corporation,Finance,Major Banks,29620885.013301805,1002.07454,2026-10-08
CCNEP,CNB Financial Corporation,Finance,Major Banks,29620885.007619273,732.817733,2026-10-08
CCO,Clear Channel Outdoor Holdings Inc.,Consumer Discretionary,Advertising,509093845.0,1221.825228,2026-10-08
CCOI,Cogent Communications Holdings Inc.,Consumer Discretionary,Telecommunications Equipment,51215735.98281418,476.818502,2026-10-08
CCS,Century Communities Inc.,Consumer Discretionary,Homebuilding,28432900.0,1674.413481,2026-10-08
CCSI,Consensus Cloud Solutions Inc.,Technology,Computer Software: Prepackaged Software,18324922.008253094,666.110915,2026-10-08
CCTG,CCSC Technology International Holdings Limited,Consumer Discretionary,Building Products,13580186.770428015,6.980216,2026-10-08
CCU,Compania Cervecerias Unidas S.A.,Consumer Staples,Beverages (Production/Distribution),184751435.9783589,2048.893425,2026-10-08
CCXI,Churchill Capital Corp XI,Finance,Blank Checks,0.0,0.0,2026-10-08
CCXIU,Churchill Capital Corp XI Units,Finance,Blank Checks,0.0,0.0,2026-10-08
CCXIW,Churchill Capital Corp XI Warrants,,,0.0,0.0,2026-10-08
CCZ,Comcast Holdings ZONES,Telecommunications,Cable & Other Pay Television Services,3548636573.0047693,223209.240442,2026-10-08
CD,Chaince Digital Holdings Inc.,Finance,Finance: Consumer Services,110003800.0,915.231616,2026-10-08
CDE,Coeur Mining Inc.,Basic Materials,Precious Metals,1027934998.0198019,17649.643916,2026-10-08
CDIO,Cardio Diagnostics Holdings Inc.,Health Care,Biotechnology: In Vitro & In Vivo Diagnostic Substances,2959469.0,5.918938,2026-10-08
CDIOW,Cardio Diagnostics Holdings Inc. Warrant,Health Care,Biotechnology: In Vitro & In Vivo Diagnostic Substances,2959495.7983193276,0.035218,2026-10-08
CDLR,Cadeler A/S,Consumer Discretionary,Marine Transportation,96490836.97822142,2126.658047,2026-10-08
CDLX,Cardlytics Inc.,Technology,Computer Software: Programming Data Processing,5888716.153846154,15.310662,2026-10-08
CDNA,CareDx Inc.,Health Care,Medical Specialities,51734222.99733501,3300.126085,2026-10-08
CDNL,Cardinal Infrastructure Group Inc.,Industrials,Military/Government/Technical,48479855.01392758,1392.341436,2026-10-08
CDNS,Cadence Design Systems Inc.,Technology,Computer Software: Prepackaged Software,275393000.0,99017.55315,2026-10-08
CDP,COPT Defense Properties,Real Estate,Real Estate Investment Trusts,113410457.98693587,3819.664225,2026-10-08
CDRE,Cadre Holdings Inc.,Health Care,Industrial Specialties,42820734.0,1091.928717,2026-10-08
CDRO,Codere Online Luxembourg S.A.,Consumer Discretionary,Services-Misc. Amusement & Recreation,45469915.03759398,423.324909,2026-10-08
CDROW,Codere Online Luxembourg S.A. Warrants,Consumer Discretionary,Services-Misc. Amusement & Recreation,45469913.86496249,16.364622,2026-10-08
CDT,CDT Equity Inc.,Health Care,Biotechnology: Pharmaceutical Preparations,1124514.5683259864,1.045911,2026-10-08
CDTG,CDT Environmental Technology Investment Holdings Limited,Industrials,Miscellaneous,3020999.9999999995,3.3231,2026-10-08
CDTTW,CDT Equity Inc. Warrant,Health Care,Biotechnology: Pharmaceutical Preparations,1124529.9145299145,0.013157,2026-10-08
CDW,CDW Corporation,Consumer Discretionary,Catalog/Specialty Distribution,125017425.99690427,16961.114185,2026-10-08
CDXS,Codexis Inc.,Industrials,Major Chemicals,109505764.70588234,148.92784,2026-10-08
CDZI,CADIZ Inc.,Utilities,Water Supply,84677075.14285715,296.369763,2026-10-08
CDZIP,Cadiz Inc.,Utilities,Water Supply,84677075.02093269,1860.795659,2026-10-08
CE,Celanese Corporation,Industrials,Major Chemicals,109748925.99777034,4922.239331,2026-10-08
CECO,CECO Environmental Corp.,Industrials,Pollution Control Equipment,58569830.006626904,4419.093674,2026-10-08
CEE,The Central and Eastern Europe Fund Inc. (The),Finance,Finance Companies,0.0,0.0,2026-10-08
CEG,Constellation Energy Corporation,Utilities,Electric Utilities: Central,354307379.00133157,106433.936652,2026-10-08
CELC,Celcuity Inc.,Health Care,Medical Specialities,48931908.0,3486.398445,2026-10-08
CELH,Celsius Holdings Inc.,Consumer Staples,Beverages (Production/Distribution),253035047.0135581,6905.326433,2026-10-08
CELU,Celularity Inc.,Health Care,Biotechnology: Pharmaceutical Preparations,32449767.088607594,51.270632,2026-10-08
CELZ,Creative Medical Technology Holdings Inc.,Health Care,Biotechnology: Biological Products (No Diagnostic Substances),7592556.64149267,6.836338,2026-10-08
CENN,Cenntro Inc.,Industrials,Auto Manufacturing,17585452.066115703,63.835191,2026-10-08
CENT,Central Garden & Pet Company,Consumer Discretionary,Consumer Specialties,62592598.000999495,2504.955772,2026-10-08
CENTA,Central Garden & Pet Company,Consumer Discretionary,Consumer Specialties,62592598.006356545,2166.329817,2026-10-08
CENX,Century Aluminum Company,Industrials,Aluminum,98993294.99731039,3680.570708,2026-10-08
CEPF,Cantor Equity Partners IV Inc.,Finance,Blank Checks,0.0,0.0,2026-10-08
CEPL,Capstone Energy Plus Inc.,Industrials,Industrial Machinery/Components,32611588.965517245,141.860412,2026-10-08
CEPO,Cantor Equity Partners I Inc.,Finance,Blank Checks,0.0,0.0,2026-10-08
CEPS,Cantor Equity Partners VI Inc.,Finance,Blank Checks,0.0,0.0,2026-10-08
CEPU,Central Puerto S.A.,Utilities,Electric Utilities: Central,151377022.0125786,1925.51572,2026-10-08
CEPV,Cantor Equity Partners V Inc.,,,0.0,0.0,2026-10-08
CERS,Cerus Corporation,Health Care,Medical/Dental Instruments,201524897.86324787,471.568261,2026-10-08
CERT,Certara Inc.,Technology,Computer Software: Prepackaged Software,152538780.04314995,1414.034491,2026-10-08
CET,Central Securities Corporation,Finance,Finance/Investors Services,242025200.0,13652.641532,2026-10-08
CETX,Cemtrex Inc.,Technology,Electrical Products,1807197.9591836736,3.542108,2026-10-08
CETY,Clean Energy Technologies Inc.,Utilities,Oil/Gas Transmission,12166106.342893029,11.623498,2026-10-08
CEV,Eaton Vance California Municipal Income Trust Shares of Beneficial Interest,Finance,Finance/Investors Services,7033575.0,72.023808,2026-10-08
CEVA,CEVA Inc.,Technology,Computer Software: Programming Data Processing,28154071.993364666,1018.332784,2026-10-08
CF,CF Industries Holdings Inc.,Industrials,Agricultural Chemicals,151338130.00344768,17558.249843,2026-10-08
CFBK,CF Bankshares Inc.,Finance,Major Banks,6415511.994219653,221.976715,2026-10-08
CFFI,C&F Financial Corporation,Finance,Major Banks,3251690.9989237846,332.355337,2026-10-08
CFFN,Capitol Federal Financial Inc.,Finance,Savings Institutions,125698282.98122066,1070.949371,2026-10-08
CFG,Citizens Financial Group Inc.,Finance,Major Banks,421176788.00124824,26993.220343,2026-10-08
CFND,C1 Fund Inc.,,,0.0,0.0,2026-10-08
CFR,Cullen/Frost Bankers Inc.,Finance,Major Banks,62148785.00261506,9506.278154,2026-10-08
CG,The Carlyle Group Inc.,Finance,Investment Managers,356332797.99382716,13854.219186,2026-10-08
CGABL,The Carlyle Group Inc. 4.625% Subordinated Notes due 2061,Finance,Investment Managers,361704907.0096463,5624.511304,2026-10-08
CGAU,Centerra Gold Inc.,Basic Materials,Precious Metals,199710320.97740895,4331.716862,2026-10-08
CGBD,Carlyle Secured Lending Inc.,Finance,Finance: Consumer Services,68804581.04761904,722.448101,2026-10-08
CGC,Canopy Growth Corporation,Health Care, Medicinal Chemicals and Botanical Products ,423037674.8624677,376.799657,2026-10-08
CGCF,Cartesian Growth Corporation IV,Finance,Blank Checks,0.0,0.0,2026-10-08
CGCFU,Cartesian Growth Corporation IV Unit,Finance,Blank Checks,0.0,0.0,2026-10-08
CGEM,Cullinan Therapeutics Inc.,Health Care,Biotechnology: Biological Products (No Diagnostic Substances),64354694.03076923,1045.763778,2026-10-08
CGEN,Compugen Ltd.,Health Care,Biotechnology: Biological Products (No Diagnostic Substances),94584636.03603603,209.977892,2026-10-08
CGNT,Cognyte Software Ltd.,Technology,Computer Software: Prepackaged Software,73900380.97395243,652.540364,2026-10-08
CGNX,Cognex Corporation,Industrials,Industrial Machinery/Components,168223842.0045215,11161.651917,2026-10-08
CGO,Calamos Global Total Return Fund,Finance,Investment Managers,0.0,0.0,2026-10-08
CGON,CG Oncology Inc.,Health Care,Biotechnology: Biological Products (No Diagnostic Substances),88640375.0,5641.073465,2026-10-08
CGTL,Creative Global Technology Holdings Limited,Technology,Retail: Computer Software & Peripheral Equipment,1719254.9180327868,6.292473,2026-10-08
CGTX,Cognition Therapeutics Inc.,Health Care,Biotechnology: Biological Products (No Diagnostic Substances),95093745.74468085,89.388121,2026-10-08
CHA,Chagee Holdings Limited,Consumer Discretionary,Restaurants,190763326.00700524,2178.517183,2026-10-08
CHAD,DeFi Development Corp. Variable Rate Series C Perpetual Preferred Stock,Finance,Finance: Consumer Services,32620790.000000004,316.421663,2026-10-08
CHAI,Core AI Holdings Inc.,Telecommunications,Telecommunications Equipment,25866846.06699285,6.872821,2026-10-08
CHAR,Charlton Aria Acquisition Corporation,,,0.0,0.0,2026-10-08
CHCI,Comstock Holding Companies Inc.,Finance,Real Estate,10281952.0,192.7866,2026-10-08
CHCO,City Holding Company,Finance,Major Banks,14045159.998587271,1988.373301,2026-10-08
CHCT,Community Healthcare Trust Incorporated,Real Estate,Real Estate Investment Trusts,28653841.966250915,390.551866,2026-10-08
CHD,Church & Dwight Company Inc.,Consumer Discretionary,Package Goods/Cosmetics,237203907.00227883,22899.665182,2026-10-08
CHDN,Churchill Downs Incorporated,Consumer Discretionary,Services-Misc. Amusement & Recreation,69700242.99961643,5451.256005,2026-10-08
CHE,Chemed Corp,Health Care,Medical/Nursing Services,13069960.999529265,6663.588916,2026-10-08
CHEC,Chenghe Acquisition III Co. Class A Ordinary Share,,,0.0,0.0,2026-10-08
CHECU,Chenghe Acquisition III Co. Units,Finance,Blank Checks,0.0,0.0,2026-10-08
CHECW,Chenghe Acquisition III Co. Warrants,,,0.0,0.0,2026-10-08
CHEF,The Chefs' Warehouse Inc.,Consumer Discretionary,Food Distributors,40796082.99613345,4536.93239,2026-10-08
CHGA,Change Agents Corporation,Technology,EDP Services,1120216.0337552743,2.654912,2026-10-08
CHGG,Chegg Inc.,Real Estate,Other Consumer Services,111027481.69014084,78.829512,2026-10-08
CHH,Choice Hotels International Inc.,Consumer Discretionary,Hotels/Resorts,45179439.99611876,4656.193086,2026-10-08
CHI,Calamos Convertible Opportunities and Income Fund,Finance,Investment Managers,0.0,0.0,2026-10-08
CHKP,Check Point Software Technologies Ltd.,Technology,Computer Software: Prepackaged Software,102100633.9975754,13475.241675,2026-10-08
CHMG,Chemung Financial Corp,Finance,Major Banks,4821472.004410683,393.528545,2026-10-08
CHMI,Cherry Hill Mortgage Investment Corporation,Real Estate,Real Estate Investment Trusts,36947393.893129766,96.802172,2026-10-08
CHNR,China Natural Resources Inc.,Basic Materials,Precious Metals,1233221.035962403,4.828307,2026-10-08
CHOW,ChowChow Cloud International Holdings Limited,Technology,Computer Software: Prepackaged Software,35490000.0,20.190261,2026-10-08
CHPG,ChampionsGate Acquisition Corporation Class A Ordinary Share,,,0.0,0.0,2026-10-08
CHPGR,ChampionsGate Acquisition Corporation Rights,,,0.0,0.0,2026-10-08
CHPT,ChargePoint Holdings Inc.,Miscellaneous,Industrial Machinery/Components,26850323.99077278,232.792309,2026-10-08
CHR,Cheer Holding Inc. Class A Ordinary Share,Technology,EDP Services,2345453.06122449,3.447816,2026-10-08
CHRD,Chord Energy Corporation,Energy,Oil & Gas Production,54697871.998836614,7522.598336,2026-10-08
CHRN,ChronoScale Holdings Corporation,Industrials,Industrial Machinery/Components,145637452.02282158,2807.890075,2026-10-08
CHRS,Coherus Oncology Inc.,Health Care,Biotechnology: Biological Products (No Diagnostic Substances),154500966.01941746,159.135995,2026-10-08
CHRW,C.H. Robinson Worldwide Inc.,Industrials,Integrated Freight & Logistics,116851258.00074045,15780.762393,2026-10-08
CHSCL,CHS Inc Class B Cumulative Redeemable Preferred Stock Series 4,Industrials,Farming/Seeds/Milling,12272003.013904518,308.642103,2026-10-08
CHSCM,CHS Inc Class B Reset Rate Cumulative Redeemable Preferred Stock Series 3,Industrials,Farming/Seeds/Milling,12272002.991993258,291.214631,2026-10-08
CHSCN,CHS Inc Preferred Class B Series 2 Reset Rate,Industrials,Farming/Seeds/Milling,12272003.001644736,298.455113,2026-10-08
CHSCO,CHS Inc. Class B Cumulative Redeemable Preferred Stock,Industrials,Farming/Seeds/Milling,12272003.001949318,314.776877,2026-10-08
CHSCP,CHS Inc. 8%  Cumulative Redeemable Preferred Stock,Industrials,Farming/Seeds/Milling,12272002.99654245,319.440238,2026-10-08
CHSN,Chanson International Holding,Consumer Staples,Packaged Foods,3709786.9158878503,3.969472,2026-10-08
CHT,Chunghwa Telecom Co. Ltd.,Telecommunications,Telecommunications Equipment,775744653.9930556,35746.313656,2026-10-08
CHTR,Charter Communications Inc.,Telecommunications,Cable & Other Pay Television Services,114577492.00110456,12447.698731,2026-10-08
CHTRP,Charter Communications Inc. Series A Cumulative Redeemable Preferred Stock,Telecommunications,Cable & Other Pay Television Services,114577492.0,2549.349197,2026-10-08
CHW,Calamos Global Dynamic Income Fund,Finance,Investment Managers,0.0,0.0,2026-10-08
CHWM,Chilwa Minerals Limited American Depository Shares,,,10600608.952380951,55.653197,2026-10-08
CHWY,Chewy Inc.,Consumer Discretionary,Catalog/Specialty Distribution,401927249.0077177,7290.960297,2026-10-08
CHY,Calamos Convertible and High Income Fund,Finance,Investment Managers,0.0,0.0,2026-10-08
CHYM,Chime Financial Inc.,Finance,Finance: Consumer Services,378585110.9945751,10467.878319,2026-10-08
CI,The Cigna Group,Health Care,Medical Specialities,264240486.00065604,72499.662144,2026-10-08
CIA,Citizens Inc.,Finance,Life Insurance,50643107.95454545,178.26374,2026-10-08
CIB,Grupo Cibest S.A.,Finance,Commercial Banks,238303666.00372902,23005.835916,2026-10-08
CICB,CION Investment Corporation 7.50% Notes due 2029,Finance,Finance/Investors Services,0.0,0.0,2026-10-08
CICC,CION Investment Corporation 7.50% Notes due 2031,Finance,Finance/Investors Services,0.0,0.0,2026-10-08
CIEN,Ciena Corporation,Utilities,Telecommunications Equipment,141808524.9994365,62913.352116,2026-10-08
CIFR,Cipher Digital Inc.,Finance,Finance: Consumer Services,415030722.0,6432.976191,2026-10-08
CIG,Comp En De Mn Cemig,Utilities,Electric Utilities: Central,2861781894.9152546,6753.805272,2026-10-08
CIGI,Colliers International Group Inc.,Finance,Real Estate,51103821.0021687,4477.205758,2026-10-08
CIGL,Concorde International Group Ltd,Consumer Discretionary,Diversified Commercial Services,247070562.02100483,87.042959,2026-10-08
CII,BlackRock Enhanced Large Cap Core Fund Inc.,Finance,Investment Bankers/Brokers/Service,148762471.00494233,3611.952796,2026-10-08
CIIT,Tianci International Inc.,Telecommunications,Computer Communications Equipment,967390.9090909091,2.234673,2026-10-08
CIK,UBS Asset Management Income Fund Inc.,Finance,Finance/Investors Services,0.0,0.0,2026-10-08
CIM,Chimera Investment Corporation,Real Estate,Real Estate Investment Trusts,83711818.04347827,770.148726,2026-10-08
CIMN,Chimera Investment Corporation 9.000% Senior Notes due 2029,Real Estate,Real Estate Investment Trusts,80530696.00798403,2017.293935,2026-10-08
CIMO,Chimera Investment Corporation 9.250% Senior Notes due 2029,Real Estate,Real Estate Investment Trusts,0.0,0.0,2026-10-08
CIMP,Chimera Investment Corporation 8.875% Senior Notes due 2030,Real Estate,Real Estate Investment Trusts,0.0,0.0,2026-10-08
CINF,Cincinnati Financial Corporation,Finance,Property-Casualty Insurers,153478045.00245276,25029.199579,2026-10-08
CING,Cingulate Inc.,Health Care,Biotechnology: Pharmaceutical Preparations,14541825.971370144,71.109529,2026-10-08
CINGW,Cingulate Inc. Warrants,Health Care,Biotechnology: Pharmaceutical Preparations,14541846.153846154,0.094522,2026-10-08
CINT,CI&T Inc,Technology,EDP Services,128889752.84810126,407.291619,2026-10-08
CION,CION Investment Corporation,Finance,Finance/Investors Services,49202704.02877697,341.958793,2026-10-08
CIRC,Circle8 Group Inc.,Industrials,Biotechnology: Laboratory Analytical Instruments,114406923.38709678,56.745834,2026-10-08
CISO,CISO Global Inc.,Consumer Discretionary,Professional Services,45525657.38963532,9.487547,2026-10-08
CISS,C3is Inc.,Consumer Discretionary,Marine Transportation,1487969.6287964005,1.322805,2026-10-08
CITR,CitroTech Inc.,Industrials,Major Chemicals,22718180.06993007,64.973995,2026-10-08
CIVB,Civista Bancshares Inc.,Finance,Major Banks,20794238.000748783,555.414097,2026-10-08
CIX,CompX International Inc.,Consumer Discretionary,Industrial Machinery/Components,12336657.0,481.129623,2026-10-08
CJMB,Callan JMB Inc.,Consumer Discretionary,Business Services,5664867.811158798,13.199142,2026-10-08
CKX,CKX Lands Inc.,Energy,Oil & Gas Production,2053128.978068129,21.999277,2026-10-08
CL,Colgate-Palmolive Company,Consumer Discretionary,Package Goods/Cosmetics,797172828.9971347,69553.32933,2026-10-08
CLAR,Clarus Corporation,Consumer Discretionary,Recreational Games/Products/Toys,38288155.10204081,131.328372,2026-10-08
CLB,Core Laboratories Inc.,Energy,Oilfield Services/Equipment,45884542.03883495,472.610783,2026-10-08
CLBK,Columbia Financial Inc.,Finance,Savings Institutions,269545135.04043126,3000.037353,2026-10-08
CLBR,Colombier Acquisition Corp. III,,,0.0,0.0,2026-10-08
CLBT,Cellebrite DI Ltd.,Technology,Computer Software: Prepackaged Software,251341059.98240986,2857.747852,2026-10-08
CLDI,Calidi Biotherapeutics Inc.,Health Care,Biotechnology: Biological Products (No Diagnostic Substances),3685849.019607843,3.759566,2026-10-08
CLDT,Chatham Lodging Trust (REIT),Real Estate,Real Estate Investment Trusts,46565614.00437637,638.414568,2026-10-08
CLDX,Celldex Therapeutics Inc.,Health Care,Biotechnology: In Vitro & In Vivo Diagnostic Substances,78529532.01096597,2434.80814,2026-10-08
CLF,Cleveland-Cliffs Inc.,Basic Materials,Metal Mining,570540047.0204082,6989.115576,2026-10-08
CLFD,Clearfield Inc.,Utilities,Telecommunications Equipment,13583955.008891523,458.322642,2026-10-08
CLGN,CollPlant Biotechnologies Ltd,Health Care,Industrial Specialties,1890820.9439528023,6.409883,2026-10-08
CLH,Clean Harbors Inc.,Industrials,Environmental Services,52787248.00037729,16789.512099,2026-10-08
CLIK,Click Holdings Limited Class A Ordinary Share,Consumer Discretionary,Diversified Commercial Services,8563033.027522935,9.333706,2026-10-08
CLIR,ClearSign Technologies Corporation,Industrials,Industrial Machinery/Components,6807455.151515152,22.464602,2026-10-08
CLLS,Cellectis S.A.,Health Care,Biotechnology: Pharmaceutical Preparations,100527275.71428572,140.738186,2026-10-08
CLM,Cornerstone Strategic Investment Fund Inc.,Finance,Finance/Investors Services,0.0,0.0,2026-10-08
CLMB,Climb Global Solutions Inc.,Technology,Retail: Computer Software & Peripheral Equipment,18660638.99390244,612.068959,2026-10-08
CLMT,Calumet Inc.,Energy,Integrated oil Companies,87898233.99750935,4940.759733,2026-10-08
CLNE,Clean Energy Fuels Corp.,Utilities,Natural Gas Distribution,220445014.74358973,343.894223,2026-10-08
CLNN,Clene Inc.,Health Care,Biotechnology: Pharmaceutical Preparations,14213980.878552971,55.008106,2026-10-08
CLOV,Clover Health Investments Corp.,Health Care,Medical Specialities,531156263.0434783,2443.31881,2026-10-08
CLPR,Clipper Realty Inc.,Real Estate,Real Estate Investment Trusts,16157566.031746032,50.896333,2026-10-08
CLPS,CLPS Incorporation,Technology,Computer Software: Prepackaged Software,29743451.807228915,29.624478,2026-10-08
CLPT,ClearPoint Neuro Inc.,Health Care,Medical/Dental Instruments,30504226.97547684,335.851539,2026-10-08
CLRB,Cellectar Biosciences Inc.,Health Care,Biotechnology: Pharmaceutical Preparations,9452107.947019868,14.272683,2026-10-08
CLRO,ClearOne Inc.,Utilities,Telecommunications Equipment,2675412.0987654324,10.835419,2026-10-08
CLS,Celestica Inc.,Technology,Electrical Products,114973107.00082423,44637.159062,2026-10-08
CLSK,CleanSpark Inc.,Finance,Finance: Consumer Services,256817072.98616764,3156.281827,2026-10-08
CLSKW,CleanSpark Inc. Warrant,Finance,Finance: Consumer Services,256817072.34042555,60.352012,2026-10-08
CLST,Catalyst Bancorp Inc.,Finance,Savings Institutions,4033790.9742872138,69.183549,2026-10-08
CLVT,Clarivate Plc,Technology,EDP Services,639664002.7210884,940.306084,2026-10-08
CLW,Clearwater Paper Corporation,Basic Materials,Paper,16127763.975782039,319.652282,2026-10-08
CLWT,Euro Tech Holdings Company Limited,Consumer Discretionary,Professional and commerical equipment,7411464.0625,9.486674,2026-10-08
CLX,Clorox Company (The),Consumer Discretionary,Specialty Chemicals,120931005.00478928,10100.157538,2026-10-08
CLYM,Climb Bio Inc.,Health Care,Biotechnology: Pharmaceutical Preparations,57436254.96254682,613.419203,2026-10-08
CM,Canadian Imperial Bank of Commerce,Finance,Commercial Banks,907956137.9962362,101318.825439,2026-10-08
CMBT,CMB.TECH NV,Consumer Discretionary,Marine Transportation,290169769.00406504,5710.541054,2026-10-08
CMC,Commercial Metals Company,Industrials,Steel/Iron Ore,110624335.0023109,7180.625585,2026-10-08
CMCL,Caledonia Mining Corporation Plc,Basic Materials,Precious Metals,19335078.985507246,480.283362,2026-10-08
CMCM,Cheetah Mobile Inc.,Technology,Computer Software: Prepackaged Software,31175838.095238093,78.563112,2026-10-08
CMCO,Columbus McKinnon Corporation,Industrials,Construction/Ag Equipment/Trucks,28864244.00705053,491.269433,2026-10-08
CMCSA,Comcast Corporation,Telecommunications,Cable & Other Pay Television Services,3548636573.005566,76508.604514,2026-10-08
CMCT,Creative Media & Community Trust Corporation,Real Estate,Real Estate Investment Trusts,3217195.0953678475,11.807106,2026-10-08
CMDB,Costamare Bulkers Holdings Limited,Consumer Discretionary,Marine Transportation,24180472.009132423,529.552337,2026-10-08
CME,CME Group Inc.,Finance,Investment Bankers/Brokers/Service,359579262.99874157,97151.125277,2026-10-08
CMG,Chipotle Mexican Grill Inc.,Consumer Discretionary,Restaurants,1265418000.0,39101.4162,2026-10-08
CMI,Cummins Inc.,Industrials,Industrial Machinery/Components,137664487.00005606,73693.176536,2026-10-08
CMMB,Chemomab Therapeutics Ltd.,Health Care,Biotechnology: Pharmaceutical Preparations,7245607.857142857,10.143851,2026-10-08
CMND,Clearmind Medicine Inc.,Health Care,Biotechnology: Pharmaceutical Preparations,507403.9383561644,2.963239,2026-10-08
CMP,Compass Minerals Intl Inc,Industrials,Mining & Quarrying of Nonmetallic Minerals (No Fuels),41980874.00881057,952.96584,2026-10-08
CMPR,Cimpress plc,Consumer Discretionary,Publishing,24349475.994568907,1793.338907,2026-10-08
CMPS,COMPASS Pathways Plc American Depository Shares,Health Care,Biotechnology: Pharmaceutical Preparations,138476821.97231832,1600.792062,2026-10-08
CMPX,Compass Therapeutics Inc.,Health Care,Biotechnology: Biological Products (No Diagnostic Substances),180087915.0385733,179.745748,2026-10-08
CMRC,Commerce.com Inc. Series 1,Technology,Computer Software: Prepackaged Software,82858990.96573208,265.977361,2026-10-08
CMRE,Costamare Inc.,Consumer Discretionary,Marine Transportation,120588759.00662252,1820.890261,2026-10-08
CMS,CMS Energy Corporation,Utilities,Power Generation,313577136.00737673,20404.46424,2026-10-08
CMSA,CMS Energy Corporation 5.625% Junior Subordinated Notes due 2078,Utilities,Power Generation,299335461.0248447,5783.161107,2026-10-08
CMSC,CMS Energy Corporation 5.875% Junior Subordinated Notes due 2078,Utilities,Power Generation,299335460.9840954,6022.629475,2026-10-08
CMSD,CMS Energy Corporation 5.875% Junior Subordinated Notes due 2079,Utilities,Power Generation,299335460.99360555,6085.489922,2026-10-08
CMT,Core Molding Technologies Inc,Industrials,Plastic Products,8849034.013605442,208.12928,2026-10-08
CMTG,Claros Mortgage Trust Inc.,Finance,Real Estate,141084205.78512397,170.711889,2026-10-08
CMTL,Comtech Telecommunications Corp.,Technology,Radio And Television Broadcasting And Communications Equipment,29961431.2,37.451789,2026-10-08
CMTV,Community Bancorp.,Finance,Major Banks,5600901.98923473,239.326542,2026-10-08
CNA,CNA Financial Corporation,Finance,Property-Casualty Insurers,270600928.00259686,12504.468883,2026-10-08
CNC,Centene Corporation,Health Care,Medical Specialities,493995000.0,31917.01695,2026-10-08
CNCK,Coincheck Group N.V.,Finance,Finance: Consumer Services,191797972.85714287,268.517162,2026-10-08
CNCKW,Coincheck Group N.V. Warrants,Finance,Finance: Consumer Services,191797972.72727272,42.195554,2026-10-08
CNDT,Conduent Incorporated,Consumer Discretionary,Business Services,155520800.0,251.943696,2026-10-08
CNET,ZW Data Action Technologies Inc.,Technology,Computer Software: Programming Data Processing,3668429.0322580645,5.686065,2026-10-08
CNEY,CN Energy Group Inc.,Industrials,Major Chemicals,5623756.531836655,2.905795,2026-10-08
CNF,CNFinance Holdings Limited,Finance,Finance: Consumer Services,17797885.102342267,33.737671,2026-10-08
CNH,CNH Industrial N.V.,Industrials,Construction/Ag Equipment/Trucks,1237725958.0256217,16424.623463,2026-10-08
CNI,Canadian National Railway Company,Industrials,Railroads,604100000.0,71531.481,2026-10-08
CNK,Cinemark Holdings Inc Cinemark Holdings Inc.,Consumer Discretionary,Movies/Entertainment,115911854.98866212,4089.370244,2026-10-08
CNL,Collective Mining Ltd.,,,92742707.03764321,1133.31588,2026-10-08
CNM,Core & Main Inc.,Consumer Discretionary,Durable Goods,190494050.0,8019.799505,2026-10-08
CNMD,CONMED Corporation,Health Care,Biotechnology: Electromedical & Electrotherapeutic Apparatus,29951247.999100722,1332.231511,2026-10-08
CNNE,Cannae Holdings Inc.,Consumer Discretionary,Restaurants,43374227.03225806,672.300519,2026-10-08
CNO,CNO Financial Group Inc.,Finance,Accident &Health Insurance,92521371.00296077,4999.854889,2026-10-08
CNOB,ConnectOne Bancorp Inc.,Finance,Major Banks,54295380.0,1650.579552,2026-10-08
CNOBP,ConnectOne Bancorp Inc.,Finance,Major Banks,54295380.007933356,1368.78653,2026-10-08
CNP,CenterPoint Energy Inc (Holding Co),Utilities,Electric Utilities: Central,658720287.9927386,25400.254305,2026-10-08
CNQ,Canadian Natural Resources Limited,Energy,Oil & Gas Production,2068840000.0,99511.204,2026-10-08
CNR,Core Natural Resources Inc.,Energy,Coal Mining,49636257.000332564,4477.686744,2026-10-08
CNS,Cohen & Steers Inc,Finance,Investment Managers,51421532.993384786,3731.146434,2026-10-08
CNSP,CNS Pharmaceuticals Inc.,Health Care,Biotechnology: Pharmaceutical Preparations,1461448.9418687993,7.74831,2026-10-08
CNSY,Cerenome Inc.,Health Care,Medical/Dental Instruments,7589625.157232704,12.067504,2026-10-08
CNTB,Connect Biopharma Holdings Limited,Health Care,Biotechnology: Pharmaceutical Preparations,62974308.592887126,57.016939,2026-10-08
CNTN,Canton Strategic Holdings Inc.,Health Care,Biotechnology: Pharmaceutical Preparations,79681361.11111112,186.454385,2026-10-08
CNTX,Context Therapeutics Inc.,Health Care,Biotechnology: Pharmaceutical Preparations,91879176.5071473,29.566719,2026-10-08
CNTY,Century Casinos Inc.,Consumer Discretionary,Hotels/Resorts,28137692.156862743,28.700446,2026-10-08
CNVS,Cineverse Corp.,Consumer Discretionary,Consumer Electronics/Video Chains,23771387.046632126,45.878777,2026-10-08
CNX,CNX Resources Corporation,Energy,Oil & Gas Production,147943637.0036101,4917.646494,2026-10-08
CNXC,Concentrix Corporation,Technology,Computer Software: Prepackaged Software,61018350.0,1515.695814,2026-10-08
CNXN,PC Connection Inc.,Consumer Discretionary,Catalog/Specialty Distribution,25238099.004221234,2331.747967,2026-10-08
CNXU,Conexeu Sciences Inc.,Health Care,Industrial Specialties,28206698.08743169,103.236515,2026-10-08
COAG,Hemab Therapeutics Holdings Inc.,Health Care,Biotechnology: Biological Products (No Diagnostic Substances),46712116.98977793,1325.222759,2026-10-08
COCH,Envoy Medical Inc.,Health Care,Industrial Specialties,77194594.5945946,50.26912,2026-10-08
COCHW,Envoy Medical Inc Warrant,Health Care,Industrial Specialties,77194590.16393442,3.296209,2026-10-08
COCO,The Vita Coco Company Inc.,Consumer Staples,Beverages (Production/Distribution),58694197.99926579,3197.659907,2026-10-08
COCP,Cocrystal Pharma Inc.,Health Care,Biotechnology: Pharmaceutical Preparations,19263200.0,21.382152,2026-10-08
CODA,Coda Octopus Group Inc.,Industrials,Industrial Machinery/Components,11283101.012891345,122.534477,2026-10-08
CODI,D/B/A Compass Diversified Holdings Shares of Beneficial Interest,Consumer Discretionary,Home Furnishings,75235965.97096188,829.100345,2026-10-08
CODX,Co-Diagnostics Inc.,Health Care,Medical/Dental Instruments,7010298.260869565,8.061843,2026-10-08
COE,51Talk Online Education Group,Real Estate,Other Consumer Services,6007315.048543689,61.875345,2026-10-08
COF,Capital One Financial Corporation,Finance,Major Banks,613484836.0024513,120132.600586,2026-10-08
COFS,ChoiceOne Financial Services Inc.,Finance,Major Banks,14955519.987886129,493.83127,2026-10-08
COGT,Cogent Biosciences Inc.,Health Care,Biotechnology: Pharmaceutical Preparations,173524981.9947334,5271.688953,2026-10-08
COHN,Cohen & Company Inc.,Finance,Investment Bankers/Brokers/Service,3228969.962686567,34.614558,2026-10-08
COHR,Coherent Corp.,Technology,Electronic Components,195832246.0013004,66261.798757,2026-10-08
COHU,Cohu Inc.,Industrials,Electrical Products,47338432.995896034,3460.439452,2026-10-08
COIN,Coinbase Global Inc.,Finance,Finance: Consumer Services,263836922.99989232,49005.070078,2026-10-08
COKE,Coca-Cola Consolidated Inc.,Consumer Staples,Beverages (Production/Distribution),66564293.99825291,12954.077255,2026-10-08
COLB,Columbia Banking System Inc.,Finance,Major Banks,282902268.01661474,8173.046523,2026-10-08
COLD,Americold Realty Trust Inc.,Real Estate,Real Estate Investment Trusts,285480551.010101,3956.760437,2026-10-08
COLL,Collegium Pharmaceutical Inc.,Health Care,Biotechnology: Pharmaceutical Preparations,32555612.979890313,712.316812,2026-10-08
COLM,Columbia Sportswear Company,Consumer Discretionary,Apparel,51193193.99477807,2941.048995,2026-10-08
COMP,Compass Inc.,Finance,Real Estate,757522196.9860065,7037.38121,2026-10-08
CON,Concentra Group Holdings Parent Inc.,Health Care,Medical Specialities,127517735.98901099,4641.64559,2026-10-08
COO,The Cooper Companies Inc.,Health Care,Ophthalmic Goods,190155293.99255714,10730.46324,2026-10-08
COOK,Traeger Inc.,Consumer Discretionary,Consumer Electronics/Appliances,2798223.991382687,142.877317,2026-10-08
COOT,Australian Oilseeds Holdings Limited,Consumer Staples,Packaged Foods,30068603.174603175,13.260254,2026-10-08
COOTW,Australian Oilseeds Holdings Limited Warrant,Consumer Staples,Packaged Foods,30068630.952380955,0.505153,2026-10-08
COP,ConocoPhillips,Energy,Integrated oil Companies,1201337479.0027058,155393.002909,2026-10-08
COPL,Copley Acquisition Corp,,,0.0,0.0,2026-10-08
COPR,Idaho Copper Corporation,Basic Materials,Metal Mining,18778603.86904762,63.096109,2026-10-08
COR,Cencora Inc.,Health Care,Other Pharmaceuticals,190827164.99984196,60371.990191,2026-10-08
CORT,Corcept Therapeutics Incorporated,Health Care,Biotechnology: Pharmaceutical Preparations,108098396.99757464,12925.325329,2026-10-08
CORZ,Core Scientific Inc.,Finance,Finance: Consumer Services,321340441.0071942,5359.958556,2026-10-08
CORZW,Core Scientific Inc. Tranche 1 Warrants,Finance,Finance: Consumer Services,321340441.041041,3210.191006,2026-10-08
CORZZ,Core Scientific Inc. Tranche 2 Warrants,Finance,Finance: Consumer Services,321340441.02870816,5372.812174,2026-10-08
COSM,Cosmos Health Inc.,Health Care,Other Pharmaceuticals,100633771.51799686,32.15249,2026-10-08
COSO,CoastalSouth Bancshares Inc.,Finance,Major Banks,11954446.0,322.770042,2026-10-08
COST,Costco Wholesale Corporation,Consumer Discretionary,Department/Specialty Retail Stores,443478804.0002993,414954.247327,2026-10-08
COTY,Coty Inc.,Consumer Discretionary,Package Goods/Cosmetics,880686464.1577061,2457.115235,2026-10-08
COUR,Coursera Inc.,Technology,Computer Software: Prepackaged Software,264400000.0,1353.728,2026-10-08
COYA,Coya Therapeutics Inc.,Health Care,Biotechnology: Pharmaceutical Preparations,23457849.07216495,113.770568,2026-10-08
CP,Canadian Pacific Kansas City Limited,Industrials,Railroads,892263897.0033945,76226.104721,2026-10-08
CPA,Copa Holdings S.A.,Consumer Discretionary,Air Freight/Delivery Services,41138552.996891044,5689.873265,2026-10-08
CPAC,Cementos Pacasmayo S.A.A.,Industrials,Building Materials,84773689.99186331,1041.86865,2026-10-08
CPAY,Corpay Inc.,Consumer Discretionary,Business Services,65659598.99948376,26709.668277,2026-10-08
CPB,The Campbell's Company,Consumer Staples,Packaged Foods,298234693.0,5666.459167,2026-10-08
CPBI,Central Plains Bancshares Inc.,Finance,Savings Institutions,4172235.9882005895,83.448892,2026-10-08
CPF,Central Pacific Financial Corp New,Finance,Major Banks,25747432.001102533,934.116833,2026-10-08
CPHC,Canterbury Park Holding Corporation 'New',Consumer Discretionary,Services-Misc. Amusement & Recreation,5183394.031746032,81.638456,2026-10-08
CPHI,China Pharma Holdings Inc.,Health Care,Biotechnology: Pharmaceutical Preparations,43022001.247855246,27.581405,2026-10-08
CPIX,Cumberland Pharmaceuticals Inc.,Health Care,Biotechnology: Pharmaceutical Preparations,14983107.00280112,106.979384,2026-10-08
CPK,Chesapeake Utilities Corporation,Utilities,Oil & Gas Production,24106454.99687695,3087.554756,2026-10-08
CPNG,Coupang Inc.,Consumer Discretionary,Catalog/Specialty Distribution,1797511702.0110958,25920.118743,2026-10-08
CPOP,Pop Culture Group Co. Ltd,Consumer Discretionary,Services-Misc. Amusement & Recreation,1707953.1690140846,4.850587,2026-10-08
CPRI,Capri Holdings Limited,Consumer Discretionary,Apparel,113651617.99591002,1667.269236,2026-10-08
CPRT,Copart Inc. (DE),Consumer Discretionary,Retail-Auto Dealers and Gas Stations,926330452.0134228,24844.182723,2026-10-08
CPS,Cooper-Standard Holdings Inc.,Consumer Discretionary,Auto Parts:O.E.M.,17769208.021631364,394.298726,2026-10-08
CPSH,CPS Technologies Corp.,Consumer Discretionary,Building Materials,19387942.040816326,71.250687,2026-10-08
CPSS,Consumer Portfolio Services Inc.,Finance,Finance: Consumer Services,21905185.01664817,197.365717,2026-10-08
CPT,Camden Property Trust,Real Estate,Real Estate Investment Trusts,100539350.00512032,9817.667528,2026-10-08
CPZ,Calamos Long/Short Equity & Dynamic Income Trust,Finance,Trusts Except Educational Religious and Charitable,19632194.0,245.402425,2026-10-08
CQP,Cheniere Energy Partners LP Common Units,Utilities,Oil/Gas Transmission,484057704.0018759,30965.171325,2026-10-08
CR,Crane Company,Industrials,Metal Fabrications,57800356.002297536,12075.650376,2026-10-08
CRAC,Crown Reserve Acquisition Corp. I,,,0.0,0.0,2026-10-08
CRACW,Crown Reserve Acquisition Corp. I Warrant,,,0.0,0.0,2026-10-08
CRAI,CRA International Inc.,Consumer Discretionary,Other Consumer Services,6276860.001166657,1076.04211,2026-10-08
CRAN,Crane Harbor Acquisition Corp. II,Finance,Blank Checks,0.0,0.0,2026-10-08
CRANR,Crane Harbor Acquisition Corp. II Rights,Finance,Blank Checks,0.0,0.0,2026-10-08
CRAQ,Cal Redwood Acquisition Corp.,Finance,Blank Checks,0.0,0.0,2026-10-08
CRAQR,Cal Redwood Acquisition Corp. Right,Finance,Blank Checks,0.0,0.0,2026-10-08
CRBD,Corebridge Financial Inc. 6.375% Junior Subordinated Notes due 2064,Finance,Life Insurance,0.0,0.0,2026-10-08
CRBG,Corebridge Financial Inc.,Finance,Life Insurance,445772522.00739264,15677.819599,2026-10-08
CRBP,Corbus Pharmaceuticals Holdings Inc.,Health Care,Biotechnology: Pharmaceutical Preparations,19341293.079584774,111.792674,2026-10-08
CRBU,Caribou Biosciences Inc.,Health Care,Biotechnology: Biological Products (No Diagnostic Substances),107207512.7753304,121.680527,2026-10-08
CRC,California Resources Corporation,Energy,Oil & Gas Production,88819893.00552697,4660.379786,2026-10-08
CRCL,Circle Internet Group Inc.,Finance,Finance: Consumer Services,253875881.0055866,21358.577869,2026-10-08
CRCT,Cricut Inc.,Technology,Industrial Machinery/Components,209444415.98746082,1336.255374,2026-10-08
CRD-A,Crawford & Company,,,,,2026-10-08
CRD-B,Crawford & Company,,,,,2026-10-08
CRDF,Cardiff Oncology Inc.,Health Care,Biotechnology: Biological Products (No Diagnostic Substances),77795248.59813084,83.240916,2026-10-08
CRDL,Cardiol Therapeutics Inc.,Health Care,Biotechnology: Biological Products (No Diagnostic Substances),120660445.03816794,158.065183,2026-10-08
CRDO,Credo Technology Group Holding Ltd,Technology,Semiconductors,187951918.00027168,41505.422052,2026-10-08
CRE,Cre8 Enterprise Limited,Consumer Discretionary,Publishing,2013985.0,5.236361,2026-10-08
CRESY,Cresud S.A.C.I.F. y A.,Finance,Real Estate,70925195.96042868,860.322627,2026-10-08
CREX,Creative Realities Inc.,Technology,EDP Services,13526506.024096385,33.681,2026-10-08
CRF,Cornerstone Total Return Fund Inc. (The),Finance,Finance/Investors Services,0.0,0.0,2026-10-08
CRGO,Freightos Limited,Industrials,Integrated Freight & Logistics,52073485.05747127,45.303932,2026-10-08
CRGOW,Freightos Limited Warrants,Industrials,Integrated Freight & Logistics,52073478.26086956,1.19769,2026-10-08
CRGY,Crescent Energy Company,Energy,Oil & Gas Production,330403696.0352423,4500.09834,2026-10-08
CRH,CRH PLC,Industrials,Building Materials,669339431.9976077,55956.776515,2026-10-08
CRI,Carter's Inc.,Consumer Discretionary,Apparel,36711185.013301805,1241.939389,2026-10-08
CRIS,Curis Inc.,Health Care,Biotechnology: Biological Products (No Diagnostic Substances),2090077.4365821094,1.565468,2026-10-08
CRK,Comstock Resources Inc.,Energy,Oil & Gas Production,293620547.985348,4007.92048,2026-10-08
CRL,Charles River Laboratories International Inc.,Health Care,Biotechnology: Commercial Physical & Biological Resarch,47738871.99960651,14558.446405,2026-10-08
CRM,Salesforce Inc.,Technology,Computer Software: Prepackaged Software,823000000.0,185166.77,2026-10-08
CRMD,CorMedix Inc.,Health Care,Biotechnology: Pharmaceutical Preparations,77944324.03846154,567.434679,2026-10-08
CRML,Critical Metals Corp.,Basic Materials,Metal Mining,146993752.98913044,1081.874022,2026-10-08
CRMLW,Critical Metals Corp. Warrants,Basic Materials,Metal Mining,146993753.04764658,355.710183,2026-10-08
CRMT,America's Car-Mart Inc,Consumer Discretionary,Retail-Auto Dealers and Gas Stations,8338477.570093458,8.922171,2026-10-08
CRNC,Cerence Inc.,Technology,Computer Software: Prepackaged Software,45230257.00123916,365.008174,2026-10-08
CRNT,Ceragon Networks Ltd.,Technology,Radio And Television Broadcasting And Communications Equipment,91280512.20657277,194.427491,2026-10-08
CRON,Cronos Group Inc. Common Share,Health Care, Medicinal Chemicals and Botanical Products ,368412863.9269406,1210.236258,2026-10-08
CROX,Crocs Inc.,Consumer Discretionary,Shoe Manufacturing,47945075.00415904,5763.956917,2026-10-08
CRS,Carpenter Technology Corporation,Industrials,Steel/Iron Ore,49558566.0003538,19610.820152,2026-10-08
CRSP,CRISPR Therapeutics AG,Health Care,Biotechnology: Biological Products (No Diagnostic Substances),96692653.0,5221.403262,2026-10-08
CRSR,Corsair Gaming Inc.,Technology,Computer peripheral equipment,108176959.0175953,1475.533721,2026-10-08
CRT,Cross Timbers Royalty Trust,Energy,Oil & Gas Production,6000000.0,68.16,2026-10-08
CRTO,Criteo S.A.,Consumer Discretionary,Advertising,48997558.98648649,725.163873,2026-10-08
CRUS,Cirrus Logic Inc.,Technology,Semiconductors,50117560.99941112,5957.474476,2026-10-08
CRVL,CorVel Corp.,Finance,Specialty Insurers,50516571.00092312,3830.671579,2026-10-08
CRVO,CervoMed Inc.,Health Care,Biotechnology: Pharmaceutical Preparations,15119096.107784431,50.497781,2026-10-08
CRVS,Corvus Pharmaceuticals Inc.,Health Care,Biotechnology: Pharmaceutical Preparations,84120944.0340909,888.317169,2026-10-08
CRWD,CrowdStrike Holdings Inc.,Technology,Computer Software: Prepackaged Software,1023934841.9995697,285534.47004,2026-10-08
CRWS,Crown Crafts Inc,Consumer Discretionary,Textiles,10760287.044534411,26.577909,2026-10-08
CRWV,CoreWeave Inc.,Technology,Computer Software: Prepackaged Software,551536601.9952028,50586.937135,2026-10-08
CSAI,Cloudastructure Inc.,Technology,Computer Software: Programming Data Processing,885718.0769230769,2.302867,2026-10-08
CSBR,Champions Oncology Inc.,Health Care,Biotechnology: Biological Products (No Diagnostic Substances),13918569.061876249,69.732031,2026-10-08
CSCO,Cisco Systems Inc.,Telecommunications,Computer Communications Equipment,3942586873.003222,464988.695802,2026-10-08
CSGP,CoStar Group Inc.,Finance,Real Estate,405197587.9840753,11195.609356,2026-10-08
CSHR,CoinShares PLC,Finance,Investment Bankers/Brokers/Service,131780209.07258065,653.629837,2026-10-08
CSHRW,CoinShares PLC Warrants,Finance,Investment Bankers/Brokers/Service,131780208.86075948,104.106365,2026-10-08
CSIQ,Canadian Solar Inc.,Technology,Semiconductors,67816724.0034662,782.604995,2026-10-08
CSL,Carlisle Companies Incorporated,Industrials,Specialty Chemicals,39714132.998710625,12936.481683,2026-10-08
CSPI,CSP Inc.,Technology,EDP Services,10080645.012787724,78.830644,2026-10-08
CSQ,Calamos Strategic Total Return,Finance,Finance Companies,158887621.99029124,3273.085013,2026-10-08
CSQR,Csquare Inc.,Technology,Computer Software: Programming Data Processing,166633983.98004436,3006.077071,2026-10-08
CSR,D/B/A Centerspace,Real Estate,Real Estate Investment Trusts,16794151.000901714,931.235673,2026-10-08
CSTE,Caesarstone Ltd.,Industrials,Building Materials,34577075.179856114,96.124269,2026-10-08
CSTL,Castle Biosciences Inc.,Health Care,Medical Specialities,30549507.01438849,1019.131554,2026-10-08
CSTM,Constellium SE,Industrials,Metal Fabrications,135527728.0,3455.957064,2026-10-08
CSV,Carriage Services Inc.,Consumer Discretionary,Other Consumer Services,15882295.986622073,522.368715,2026-10-08
CSW,CSW Industrials Inc.,Industrials,Home Furnishings,16293486.998551654,4837.373355,2026-10-08
CSWC,Capital Southwest Corporation,Consumer Discretionary,Textiles,62140725.98225602,1470.870984,2026-10-08
CSX,CSX Corporation,Industrials,Railroads,1852474917.0105264,87992.558558,2026-10-08
CTAA,ClearThink 1 Acquisition Corp.,Finance,Blank Checks,0.0,0.0,2026-10-08
CTAS,Cintas Corporation,Industrials,Garments and Clothing,399516766.998367,78289.305661,2026-10-08
CTBI,Community Trust Bancorp Inc.,Finance,Major Banks,18167954.00078833,1382.762979,2026-10-08
CTEV,Claritev Corporation,Consumer Discretionary,Business Services,16947463.01369863,408.264384,2026-10-08
CTGG,Qwest Corporation 6.500% Senior Notes due 2051,Telecommunications,Telecommunications Equipment,0.0,0.0,2026-10-08
CTGO,Contango Silver & Gold Inc.,Basic Materials,Precious Metals,33440691.025641024,573.842258,2026-10-08
CTHH,Qwest Corporation 6.750% Senior Notes due 2052,Telecommunications,Telecommunications Equipment,0.0,0.0,2026-10-08
CTKB,Cytek Biosciences Inc.,Industrials,Biotechnology: Laboratory Analytical Instruments,129983252.9739777,699.309901,2026-10-08
CTM,Castellum Inc.,Consumer Discretionary,Professional Services,94781285.64676224,60.157682,2026-10-08
CTMX,CytomX Therapeutics Inc.,Health Care,Biotechnology: Pharmaceutical Preparations,217899283.984375,557.822167,2026-10-08
CTNM,Contineum Therapeutics Inc.,Health Care,Biotechnology: Pharmaceutical Preparations,37621132.01581027,475.90732,2026-10-08
CTNT,Cheetah Net Supply Chain Service Inc,Consumer Discretionary,Motor Vehicles,1333396.9491525423,3.933521,2026-10-08
CTO,CTO Realty Growth Inc.,Real Estate,Real Estate Investment Trusts,37485454.0185095,769.576371,2026-10-08
CTOR,Citius Oncology Inc.,Health Care,Biotechnology: Pharmaceutical Preparations,92981203.52941176,79.034023,2026-10-08
CTOS,Custom Truck One Source Inc.,Consumer Discretionary,Diversified Commercial Services,227505535.04016063,2265.955129,2026-10-08
CTRE,CareTrust REIT Inc.,Real Estate,Real Estate Investment Trusts,236293198.98768812,8636.516423,2026-10-08
CTRI,Centuri Holdings Inc.,Utilities,Oil & Gas Production,100963053.01886792,2140.416724,2026-10-08
CTRM,Castor Maritime Inc.,Consumer Discretionary,Marine Transportation,9662353.846153846,18.84159,2026-10-08
CTRN,Citi Trends Inc.,Consumer Discretionary,Clothing/Shoe/Accessory Stores,8339447.001423053,410.217398,2026-10-08
CTS,CTS Corporation,Technology,Electrical Products,28556195.008183304,1744.783515,2026-10-08
CTSH,Cognizant Technology Solutions Corporation,Technology,EDP Services,450444209.0003495,25774.417639,2026-10-08
CTSO,Cytosorbents Corporation,Health Care,Medical/Dental Instruments,3151101.01010101,12.47836,2026-10-08
CTVA,Corteva Inc.,Consumer Staples,Farming/Seeds/Milling,667196000.0,9280.69636,2026-10-08
CTW,CTW,Technology,EDP Services,62400000.0,131.04,2026-10-08
CTXR,Citius Pharmaceuticals Inc.,Health Care,Biotechnology: Pharmaceutical Preparations,27452569.169960473,13.19645,2026-10-08
CUB,Lionheart Holdings,Industrials,Industrial Machinery/Components,31768575.96330275,346.277478,2026-10-08
CUBB,Customers Bancorp Inc 5.375% Subordinated Notes Due 2034,Finance,Major Banks,31623489.990751803,656.528951,2026-10-08
CUBE,CubeSmart,Real Estate,Real Estate Investment Trusts,225162252.99258476,8502.126673,2026-10-08
CUBI,Customers Bancorp Inc,Finance,Major Banks,33783799.0,2533.784925,2026-10-08
CUBWU,Lionheart Holdings Unit,Finance,Blank Checks,0.0,0.0,2026-10-08
CUBWW,Lionheart Holdings Warrant,Industrials,Industrial Machinery/Components,0.0,0.0,2026-10-08
CUE,Cue Biopharma Inc.,Health Care,Biotechnology: Pharmaceutical Preparations,7264414.001728608,168.09854,2026-10-08
CULP,Culp Inc.,Consumer Discretionary,Textiles,12735324.109589042,46.483933,2026-10-08
CUPR,Cuprina Holdings (Cayman) Limited,Health Care,Industrial Specialties,7652130.875576037,16.605124,2026-10-08
CURB,Curbline Properties Corp.,Finance,Real Estate,115038024.9910362,3208.410517,2026-10-08
CURI,CuriosityStream Inc.,Consumer Discretionary,Movies/Entertainment,59338027.891156465,174.453802,2026-10-08
CURR,Currenc Group Inc.,Consumer Discretionary,Business Services,112281885.05338079,315.512097,2026-10-08
CURV,Torrid Holdings Inc.,Consumer Discretionary,Clothing/Shoe/Accessory Stores,99719434.93975903,248.301393,2026-10-08
CURX,Curanex Pharmaceuticals Inc,Health Care,Biotechnology: Pharmaceutical Preparations,1568241.0821643285,7.825523,2026-10-08
CUVL,Clinuvel Pharmaceuticals Limited,Miscellaneous,Miscellaneous,50060700.0,283.844169,2026-10-08
CUZ,Cousins Properties Incorporated,Real Estate,Real Estate Investment Trusts,164602057.98987707,4552.892924,2026-10-08
CV,CapsoVision Inc.,Health Care,Biotechnology: Electromedical & Electrotherapeutic Apparatus,53195592.0,345.771348,2026-10-08
CVBF,CVB Financial Corporation,Finance,Major Banks,175997434.99314755,3852.583852,2026-10-08
CVCO,Cavco Industries Inc.,Consumer Discretionary,Homebuilding,7689402.000698324,4404.489466,2026-10-08
CVE,Cenovus Energy Inc,Energy,Oil & Gas Production,1875000000.0,58575.0,2026-10-08
CVEO,Civeo Corporation (Canada),Consumer Discretionary,Hotels/Resorts,10336859.014386287,337.705184,2026-10-08
CVGI,Commercial Vehicle Group Inc.,Consumer Discretionary,Auto Parts:O.E.M.,40632681.8336163,119.663248,2026-10-08
CVI,CVR Energy Inc.,Energy,Integrated oil Companies,100530599.00731452,5772.466995,2026-10-08
CVKD,Cadrenal Therapeutics Inc.,Health Care,Biotechnology: Pharmaceutical Preparations,3567591.9191919193,3.531916,2026-10-08
CVLG,Covenant Logistics Group Inc.,Industrials,Trucking Freight/Courier Services,25377777.999395587,839.750674,2026-10-08
CVLT,Commvault Systems Inc.,Technology,Computer Software: Prepackaged Software,41444564.001806684,6423.078529,2026-10-08
CVM,Cel-Sci Corporation,Health Care,Biotechnology: Biological Products (No Diagnostic Substances),17588986.86131387,48.193824,2026-10-08
CVNA,Carvana Co.,Consumer Discretionary,Retail-Auto Dealers and Gas Stations,1100463770.0062616,70297.625628,2026-10-08
CVR,Chicago Rivet & Machine Co.,Industrials,Industrial Machinery/Components,966132.007233273,10.68542,2026-10-08
CVRX,CVRx Inc.,Health Care,Medical/Dental Instruments,26641596.913580246,43.159387,2026-10-08
CVS,CVS Health Corporation,Consumer Staples,Retail-Drug Stores and Proprietary Stores,1278970369.003818,110541.408993,2026-10-08
CVSA,Covista Inc.,Real Estate,Other Consumer Services,33860208.00031404,4312.774693,2026-10-08
CVU,CPI Aerostructures Inc.,Industrials,Military/Government/Technical,13249733.976833977,68.633622,2026-10-08
CVV,CVD Equipment Corporation,Technology,Industrial Machinery/Components,6951203.0162413,29.959685,2026-10-08
CVX,Chevron Corporation,Energy,Integrated oil Companies,1975771274.0003853,410130.601057,2026-10-08
CW,Curtiss-Wright Corporation,Technology,Industrial Machinery/Components,36934443.99927713,20437.674587,2026-10-08
CWBC,Community West Bancshares,Finance,Major Banks,27131077.988614798,714.903905,2026-10-08
CWCO,Consolidated Water Co. Ltd.,Utilities,Water Supply,16012865.009874918,486.470839,2026-10-08
CWD,CaliberCos Inc.,Finance,Real Estate,10384652.375434529,5.377173,2026-10-08
CWEN,Clearway Energy Inc.,Utilities,Electric Utilities: Central,163913709.99023756,5037.068308,2026-10-08
CWH,Camping World Holdings Inc.,Consumer Discretionary,Retail-Auto Dealers and Gas Stations,103294915.89403974,467.925969,2026-10-08
CWK,Cushman & Wakefield Ltd.,Finance,Real Estate,234713708.040201,2802.481674,2026-10-08
CWST,Casella Waste Systems Inc.,Utilities,Environmental Services,63640046.00292469,5222.302175,2026-10-08
CWT,California Water Service Group,Utilities,Water Supply,61839101.009879254,2816.771051,2026-10-08
CX,Cemex S.A.B. de C.V.,Industrials,Building Materials,1515916115.0201614,15037.887861,2026-10-08
CXAI,CXApp Inc.,Technology,EDP Services,2337405.9139784947,4.347575,2026-10-08
CXAIW,CXApp Inc. Warrant,Technology,EDP Services,2337420.382165605,0.073395,2026-10-08
CXDO,Crexendo Inc.,Telecommunications,Telecommunications Equipment,33253789.932885908,198.192588,2026-10-08
CXII,Churchill Capital Corp XII,Finance,Blank Checks,0.0,0.0,2026-10-08
CXIIU,Churchill Capital Corp XII Units,Finance,Blank Checks,0.0,0.0,2026-10-08
CXIIW,Churchill Capital Corp XII Warrants,Finance,Blank Checks,0.0,0.0,2026-10-08
CXM,Sprinklr Inc.,Technology,Computer Software: Prepackaged Software,232171339.9224806,1198.004114,2026-10-08
CXT,Crane NXT Co.,Industrials,Metal Fabrications,57561303.998392604,2864.8261,2026-10-08
CXW,CoreCivic Inc.,Real Estate,Real Estate Investment Trusts,98893488.98678413,3142.83508,2026-10-08
CYAB,Cyabra Inc.,Technology,Computer Software: Prepackaged Software,27353394.58907606,5.35853,2026-10-08
CYCU,Cycurion Inc.,Technology,EDP Services,3230041.8960244646,10.562237,2026-10-08
CYCUW,Cycurion Inc. Warrant,Technology,EDP Services,3230052.6315789474,0.061371,2026-10-08
CYD,China Yuchai International Limited,Industrials,Industrial Machinery/Components,37518321.994408205,1207.714785,2026-10-08
CYH,Community Health Systems Inc.,Health Care,Hospital/Nursing Management,141009356.93430656,386.365638,2026-10-08
CYN,Cyngn Inc.,Technology,EDP Services,15348280.202713748,9.388543,2026-10-08
CYPH,Cypherpunk Technologies Inc.,Health Care,Biotechnology: Pharmaceutical Preparations,107764381.9018405,351.311885,2026-10-08
CYRX,CryoPort Inc.,Health Care,Biotechnology: Pharmaceutical Preparations,50649100.0,901.55398,2026-10-08
CYTK,Cytokinetics Incorporated,Health Care,Biotechnology: Pharmaceutical Preparations,139023417.99511003,8529.086694,2026-10-08
CZFS,Citizens Financial Services Inc.,Finance,Major Banks,4809855.003138731,383.104951,2026-10-08
CZNC,Citizens & Northern Corp,Finance,Major Banks,17934867.00747149,456.083668,2026-10-08
CZR,Caesars Entertainment Inc.,Consumer Discretionary,Hotels/Resorts,203720372.00674537,6040.30903,2026-10-08
CZWI,Citizens Community Bancorp Inc.,Finance,Savings Institutions,9650230.987884436,207.093957,2026-10-08
D,Dominion Energy Inc.,Utilities,Electric Utilities: Central,879525949.0,54530.608838,2026-10-08
DAAQ,Digital Asset Acquisition Corp.,Finance,Blank Checks,0.0,0.0,2026-10-08
DAAQU,Digital Asset Acquisition Corp. Units,Finance,Blank Checks,0.0,0.0,2026-10-08
DAAQW,Digital Asset Acquisition Corp. Warrant,Finance,Blank Checks,0.0,0.0,2026-10-08
DAC,Danaos Corporation,Consumer Discretionary,Marine Transportation,18203475.003013138,3020.684642,2026-10-08
DAIC,CID HoldCo Inc.,Technology,EDP Services,2337766.9322709166,5.867795,2026-10-08
DAICW,CID HoldCo Inc. Warrants,Technology,EDP Services,2337788.4615384615,0.024313,2026-10-08
DAIO,Data I/O Corporation,Industrials,Electrical Products,10395626.962457336,30.459187,2026-10-08
DAKT,Daktronics Inc.,Consumer Discretionary,Miscellaneous manufacturing industries,48092650.0280112,858.453803,2026-10-08
DAL,Delta Air Lines Inc.,Consumer Discretionary,Air Freight/Delivery Services,657623030.0023906,55016.74269,2026-10-08
DAN,Dana Incorporated,Consumer Discretionary,Auto Parts:O.E.M.,107576679.00105523,3058.404984,2026-10-08
DAO,Youdao Inc.,Real Estate,Other Consumer Services,120634631.0017783,2035.106225,2026-10-08
DAR,Darling Ingredients Inc.,Consumer Staples,Packaged Foods,157802916.0045774,9652.804372,2026-10-08
DARE,Dare Bioscience Inc.,Health Care,Biotechnology: Pharmaceutical Preparations,19669082.943224102,16.386313,2026-10-08
DASH,DoorDash Inc.,Consumer Discretionary,Business Services,433297937.0003099,83895.146562,2026-10-08
DAVA,Endava plc,Technology,EDP Services,54327603.19148936,102.135894,2026-10-08
DAVE,Dave Inc.,Finance,Finance: Consumer Services,12755507.000058286,4376.924672,2026-10-08
DAVEW,Dave Inc. Warrants,Finance,Finance: Consumer Services,12755506.611570248,15.434163,2026-10-08
DB,Deutsche Bank AG,Finance,Major Banks,1881399999.9999998,66093.582,2026-10-08
DBCA,D. Boral Acquisition I Corp.,Finance,Blank Checks,0.0,0.0,2026-10-08
DBD,Diebold Nixdorf Incorporated,Miscellaneous,Office Equipment/Supplies/Services,33946587.996334754,2222.822582,2026-10-08
DBGI,Digital Brands Group Inc.,Consumer Discretionary,Clothing/Shoe/Accessory Stores,933508.8937093274,4.303476,2026-10-08
DBI,Designer Brands Inc.,Consumer Discretionary,Clothing/Shoe/Accessory Stores,51123404.04040404,303.67302,2026-10-08
DBL,DoubleLine Opportunistic Credit Fund,,,0.0,0.0,2026-10-08
DBVT,DBV Technologies S.A.,Health Care,Biotechnology: Biological Products (No Diagnostic Substances),59183034.96993988,590.646689,2026-10-08
DBX,Dropbox Inc.,Technology,Computer Software: Prepackaged Software,225709284.99851766,7613.174183,2026-10-08
DC,Dakota Gold Corp.,Basic Materials,Metal Mining,134172990.98639455,788.937187,2026-10-08
DCBG,Dime Commercial Bancshares Inc. 9.000% Junior Subordinated Notes,Finance,Major Banks,39148636.98363211,1004.554025,2026-10-08
DCBO,Docebo Inc.,Technology,Computer Software: Prepackaged Software,24947593.98589797,601.486491,2026-10-08
DCGO,DocGo Inc.,Health Care,Medical/Nursing Services,98928370.16574585,35.81207,2026-10-08
DCH,Dauch Corporation,Consumer Discretionary,Auto Parts:O.E.M.,237604602.05128208,1389.986922,2026-10-08
DCI,Donaldson Company Inc.,Industrials,Pollution Control Equipment,115910128.99789147,10444.661724,2026-10-08
DCO,Ducommun Incorporated,Industrials,Military/Government/Technical,15099778.999600751,2647.444252,2026-10-08
DCOM,Dime Commercial Bancshares Inc.,Finance,Major Banks,44156595.008867495,1742.860805,2026-10-08
DCOY,Decoy Therapeutics Inc.,Health Care,Biotechnology: Pharmaceutical Preparations,1839618.7096774194,2.851409,2026-10-08
DCTH,Delcath Systems Inc.,Health Care,Medical/Dental Instruments,34698795.003244646,534.708431,2026-10-08
DCX,Digital Currency X Technology Inc.,Industrials,Auto Manufacturing,2346182.958199357,7.296629,2026-10-08
DD,DuPont de Nemours Inc.,Industrials,Major Chemicals,135042975.0,17998.527708,2026-10-08
DDC,DDC Enterprise Limited,Consumer Staples,Packaged Foods,58591258.53658537,12.011208,2026-10-08
DDD,3D Systems Corporation,Technology,Computer Software: Prepackaged Software,166147027.01949862,596.467827,2026-10-08
DDI,DoubleDown Interactive Co. Ltd. American Depository Shares,Technology,EDP Services,49553440.0,664.016096,2026-10-08
DDL,Dingdong (Cayman) Limited,Consumer Discretionary,Catalog/Specialty Distribution,236227685.09615383,491.353585,2026-10-08
DDOG,Datadog Inc.,Technology,Computer Software: Prepackaged Software,359075024.00086254,99909.034678,2026-10-08
DE,Deere & Company,Industrials,Industrial Machinery/Components,269625411.999297,184097.535059,2026-10-08
DEA,Easterly Government Properties Inc.,Real Estate,Real Estate Investment Trusts,47321617.01761925,1101.174028,2026-10-08
DEC,Diversified Energy Company,,,76756291.01924448,1076.890763,2026-10-08
DECK,Deckers Outdoor Corporation,Consumer Discretionary,Shoe Manufacturing,136414227.00220427,11139.585777,2026-10-08
DEFT,Defi Technologies Inc.,Finance,Finance: Consumer Services,388093225.5595944,202.856329,2026-10-08
DEI,Douglas Emmett Inc.,Real Estate,Real Estate Investment Trusts,167485266.97247705,1643.030469,2026-10-08
DELL,Dell Technologies Inc.,Technology,Computer Manufacturing,635812750.0,364956.5185,2026-10-08
DEO,Diageo plc,Consumer Staples,Beverages (Production/Distribution),556649946.0014154,47192.782422,2026-10-08
DERM,Journey Medical Corporation,Health Care,Biotechnology: Pharmaceutical Preparations,28224394.967532467,173.862273,2026-10-08
DETX,Liberty Defense Holdings Ltd.,Industrials,Industrial Machinery/Components,5681983.1632653065,11.136687,2026-10-08
DFDV,DeFi Development Corp.,Finance,Finance: Consumer Services,32620789.959839355,162.451534,2026-10-08
DFDVW,DeFi Development Corp. Warrant,Finance,Finance: Consumer Services,32620789.61038961,25.118008,2026-10-08
DFH,Dream Finders Homes Inc.,Consumer Discretionary,Homebuilding,90535117.96714579,881.812049,2026-10-08
DFIN,Donnelley Financial Solutions Inc.,Consumer Discretionary,Other Consumer Services,24585382.993746217,1218.697435,2026-10-08
DFLI,Dragonfly Energy Holdings Corp.,Miscellaneous,Industrial Machinery/Components,14978803.117188647,10.187084,2026-10-08
DFNS,T3 Defense Inc.,Consumer Discretionary,Professional Services,3250295.9701492535,21.776983,2026-10-08
DFNSW,T3 Defense Inc. Warrants,Consumer Discretionary,Professional Services,3250301.659125189,0.215495,2026-10-08
DFP,Flaherty & Crumrine Dynamic Preferred and Income Fund Inc.,Finance,Investment Managers,0.0,0.0,2026-10-08
DFSC,DEFSEC Technologies Inc.,Technology,Computer Software: Prepackaged Software,6569069.7205125615,6.510605,2026-10-08
DFSCW,DEFSEC Technologies Inc. Warrant,Technology,Computer Software: Prepackaged Software,6569068.322981367,0.211524,2026-10-08
DFTX,Definium Therapeutics Inc.,Health Care, Medicinal Chemicals and Botanical Products ,134366950.0,4786.150759,2026-10-08
DG,Dollar General Corporation,Consumer Discretionary,Department/Specialty Retail Stores,220616789.9975663,27195.431703,2026-10-08
DGAC,Disciplined Growth Acquisition Corporation,,,0.0,0.0,2026-10-08
DGICA,Donegal Group Inc.,Finance,Property-Casualty Insurers,37119282.02308961,675.19974,2026-10-08
DGICB,Donegal Group Inc.,Finance,Property-Casualty Insurers,37119281.98768134,622.538614,2026-10-08
DGII,Digi International Inc.,Telecommunications,Computer Communications Equipment,37948123.005139306,2805.884215,2026-10-08
DGNX,Diginex Limited,Technology,EDP Services,50130130.23255814,64.667868,2026-10-08
DGX,Quest Diagnostics Incorporated,Health Care,Medical Specialities,110373359.99824862,25208.17169,2026-10-08
DGXX,Digi Power X Inc.,Finance,Finance: Consumer Services,101393355.09641874,368.057879,2026-10-08
DH,Definitive Healthcare Corp.,Technology,Computer Software: Prepackaged Software,144970045.5465587,143.230405,2026-10-08
DHC,Diversified Healthcare Trust,Real Estate,Real Estate Investment Trusts,242128987.99472296,1835.337729,2026-10-08
DHCNI,Diversified Healthcare Trust 5.625% Senior Notes due 2042,Real Estate,Real Estate Investment Trusts,241414357.02280912,4021.963188,2026-10-08
DHCNL,Diversified Healthcare Trust 6.25% Senior Notes Due 2046,Real Estate,Real Estate Investment Trusts,241414357.00957972,4243.774699,2026-10-08
DHF,BNY Mellon High Yield Strategies Fund,Finance,Finance Companies,0.0,0.0,2026-10-08
DHI,D.R. Horton Inc.,Consumer Discretionary,Homebuilding,279701266.99817187,38249.148262,2026-10-08
DHR,Danaher Corporation,Industrials,Industrial Machinery/Components,702986054.0002782,151570.823103,2026-10-08
DHT,DHT Holdings Inc.,Consumer Discretionary,Marine Transportation,161041636.98979592,3787.699302,2026-10-08
DHX,DHI Group Inc.,Consumer Discretionary,Business Services,43424190.08438818,205.830661,2026-10-08
DHY,UBS Asset Management High Yield Credit Fund,Finance,Finance/Investors Services,0.0,0.0,2026-10-08
DIBS,1stdibs.com Inc.,Consumer Discretionary,Catalog/Specialty Distribution,33615292.96116505,138.495007,2026-10-08
DIN,Dine Brands Global Inc.,Consumer Discretionary,Restaurants,12659150.0,373.698108,2026-10-08
DINO,HF Sinclair Corporation,Energy,Natural Gas Distribution,177783848.9965096,20374.029095,2026-10-08
DIOD,Diodes Incorporated,Technology,Semiconductors,46051705.00278448,4961.610697,2026-10-08
DIS,Walt Disney Company (The),Consumer Discretionary,Services-Misc. Amusement & Recreation,1726686901.9994233,179627.238415,2026-10-08
DIT,AMCON Distributing Company,Consumer Discretionary,Food Distributors,976028.0040585593,67.336172,2026-10-08
DJCO,Daily Journal Corp. (S.C.),Consumer Discretionary,Newspapers/Magazines,1377952.0001905698,867.682595,2026-10-08
DJT,Trump Media & Technology Group Corp.,Technology,Computer Software: Programming Data Processing,277941273.9884393,2404.19202,2026-10-08
DJTWW,Trump Media & Technology Group Corp. Warrants,Technology,Computer Software: Programming Data Processing,277941273.9941119,1416.110791,2026-10-08
DK,Delek US Holdings Inc.,Energy,Integrated oil Companies,61232174.005550414,4633.438607,2026-10-08
DKI,DarkIris Inc.,Technology,Computer Software: Prepackaged Software,2097586.7647058824,2.852718,2026-10-08
DKL,Delek Logistics Partners L.P. Common Units representing Limited Partner Interests,Energy,Natural Gas Distribution,57797300.996086806,3249.364262,2026-10-08
DKNG,DraftKings Inc.,Consumer Discretionary,Services-Misc. Amusement & Recreation,496454048.0,9804.967448,2026-10-08
DKS,Dick's Sporting Goods Inc,Consumer Discretionary,Other Specialty Stores,88926555.99792409,11994.413873,2026-10-08
DLB,Dolby Laboratories,Miscellaneous,Multi-Sector Companies,93668795.0051317,5475.877756,2026-10-08
DLHC,DLH Holdings Corp.,Consumer Discretionary,Professional Services,14493035.083532218,60.725817,2026-10-08
DLNG,Dynagas LNG Partners LP Common Units,Consumer Discretionary,Marine Transportation,36382010.90425532,136.796361,2026-10-08
DLO,DLocal Limited,Consumer Discretionary,Business Services,294931956.02202344,4285.361321,2026-10-08
DLPN,Dolphin Entertainment Inc.,Consumer Discretionary,Other Consumer Services,13033830.841121495,13.946199,2026-10-08
DLR,Digital Realty Trust Inc.,Real Estate,Real Estate Investment Trusts,370036175.9978337,68327.179898,2026-10-08
DLTH,Duluth Holdings Inc.,Consumer Discretionary,Clothing/Shoe/Accessory Stores,38005000.98522168,154.300304,2026-10-08
DLTR,Dollar Tree Inc.,Consumer Discretionary,Department/Specialty Retail Stores,187630299.00163525,21800.764441,2026-10-08
DLX,Deluxe Corporation,Consumer Discretionary,Publishing,45856290.01774623,1033.600777,2026-10-08
DLXY,Delixy Holdings Limited,Energy,Oil Refining/Marketing,3270000.0,7.848,2026-10-08
DLY,DoubleLine Yield Opportunities Fund,Finance,Investment Managers,47945778.96318557,638.158318,2026-10-08
DMA,Destra Multi-Alternative Fund,Finance,Trusts Except Educational Religious and Charitable,0.0,0.0,2026-10-08
DMAA,Drugs Made In America Acquisition Corp.,,,0.0,0.0,2026-10-08
DMAAR,Drugs Made In America Acquisition Corp. Rights,Finance,Blank Checks,0.0,0.0,2026-10-08
DMAAU,Drugs Made In America Acquisition Corp. Units,Finance,Blank Checks,0.0,0.0,2026-10-08
DMAC,DiaMedica Therapeutics Inc.,Health Care,Biotechnology: Pharmaceutical Preparations,53925697.047970474,438.415917,2026-10-08
DMB,BNY Mellon Municipal Bond Infrastructure Fund Inc.,Finance,Trusts Except Educational Religious and Charitable,0.0,0.0,2026-10-08
DMC,Del Monte Corporation,Consumer Staples,Farming/Seeds/Milling,47146218.01346801,1400.242675,2026-10-08
DMII,Drugs Made In America Acquisition II Corp.,Finance,Blank Checks,0.0,0.0,2026-10-08
DMIIR,Drugs Made In America Acquisition II Corp. Right,Finance,Blank Checks,0.0,0.0,2026-10-08
DMLP,Dorchester Minerals L.P. Common Units Representing Limited Partnership Interests,Energy,Oil & Gas Production,49091408.00274773,1429.296344,2026-10-08
DMO,Western Asset Mortgage Opportunity Fund Inc.,Finance,Trusts Except Educational Religious and Charitable,0.0,0.0,2026-10-08
DMRA,Damora Therapeutics Inc.,Health Care,Biotechnology: Pharmaceutical Preparations,61735518.976982094,1206.929396,2026-10-08
DMRC,Digimarc Corporation,Technology,EDP Services,27048450.970873788,167.159427,2026-10-08
DNA,Ginkgo Bioworks Holdings Inc.,Health Care,Biotechnology: Biological Products (No Diagnostic Substances),64340277.03464948,798.462838,2026-10-08
DNLI,Denali Therapeutics Inc.,Health Care,Biotechnology: Biological Products (No Diagnostic Substances),159847403.00829875,3081.85793,2026-10-08
DNMX,Dynamix Corporation III,Finance,Blank Checks,0.0,0.0,2026-10-08
DNN,Denison Mines Corp,Basic Materials,Other Metals and Minerals,905216126.9372693,2453.135704,2026-10-08
DNOW,DNOW Inc.,Consumer Discretionary,Oil and Gas Field Machinery,180785890.99496222,2870.879949,2026-10-08
DNP,DNP Select Income Fund Inc.,Finance,Investment Managers,0.0,0.0,2026-10-08
DNTH,Dianthus Therapeutics Inc.,Health Care,Biotechnology: Pharmaceutical Preparations,55934377.997658074,4776.795881,2026-10-08
DNUT,Krispy Kreme Inc.,Consumer Staples,Food Chains,173500000.0,523.97,2026-10-08
DOC,Healthpeak Properties Inc.,Real Estate,Real Estate Investment Trusts,689527260.0,13101.01794,2026-10-08
DOCN,DigitalOcean Holdings Inc.,Technology,Computer Software: Programming Data Processing,117579550.00381652,15404.096846,2026-10-08
DOCS,Doximity Inc.,Technology,EDP Services,178245979.9928032,4953.455784,2026-10-08
DOCU,DocuSign Inc.,Technology,Computer Software: Prepackaged Software,186902451.99355027,12750.485275,2026-10-08
DOGZ,Dogness (International) Corporation,Consumer Discretionary,Miscellaneous manufacturing industries,17620657.954545453,15.506179,2026-10-08
DOLE,Dole plc,Consumer Staples,Farming/Seeds/Milling,94458806.99685535,1201.516025,2026-10-08
DOMH,Dominari Holdings Inc.,Finance,Investment Bankers/Brokers/Service,24243646.03960396,48.972165,2026-10-08
DOO,BRP Inc. Common,Consumer Discretionary,Industrial Specialties,71150302.00588393,3990.464688,2026-10-08
DORM,Dorman Products Inc.,Consumer Discretionary,Auto Parts:O.E.M.,29675617.99652394,3756.339726,2026-10-08
DOUG,Douglas Elliman Inc.,Finance,Real Estate,90890473.33333333,136.33571,2026-10-08
DOV,Dover Corporation,Industrials,Industrial Machinery/Components,134680225.0,25842.441573,2026-10-08
DOW,Dow Inc.,Industrials,Major Chemicals,722340711.0085227,20341.114422,2026-10-08
DOX,Amdocs Limited,Technology,EDP Services,107949538.99811934,6313.968536,2026-10-08
DOYU,DouYu International Holdings Limited,Technology,Computer Software: Programming Data Processing,30178859.06976744,129.769094,2026-10-08
DPC,DPC Holdings PLC,Telecommunications,Metal Fabrications,149393015.99619138,6276.000602,2026-10-08
DPG,Duff & Phelps Utility and Infrastructure Fund Inc.,Finance,Trusts Except Educational Religious and Charitable,0.0,0.0,2026-10-08
DPRO,Draganfly Inc.,Industrials,Aerospace,38869159.0,194.345795,2026-10-08
DPU,Top KingWin Ltd,Consumer Discretionary,Business Services,3456759.154929578,4.908598,2026-10-08
DPZ,Domino's Pizza Inc,Consumer Discretionary,Food Distributors,33081734.998514213,10019.465079,2026-10-08
DQ,DAQO New Energy Corp.,Technology,Semiconductors,67666137.0036101,749.740798,2026-10-08
DRD,DRDGOLD Limited,Basic Materials,Precious Metals,86739770.01229005,2117.317786,2026-10-08
DRDB,Roman DBDR Acquisition Corp. II,,,0.0,0.0,2026-10-08
DRDBU,Roman DBDR Acquisition Corp. II Unit,,,0.0,0.0,2026-10-08
DRDBW,Roman DBDR Acquisition Corp. II Warrants,,,0.0,0.0,2026-10-08
DRH,Diamondrock Hospitality Company,Real Estate,Real Estate Investment Trusts,204605680.96969697,2531.995302,2026-10-08
DRI,Darden Restaurants Inc.,Consumer Discretionary,Restaurants,113143223.99822783,22983.914523,2026-10-08
DRIO,DarioHealth Corp.,Health Care,Medical/Dental Instruments,9799481.063122924,58.992876,2026-10-08
DRK,DarkHorse Technologies Inc.,Finance,Finance: Consumer Services,10371476.978417266,28.832706,2026-10-08
DRMA,Dermata Therapeutics Inc.,Health Care,Biotechnology: Pharmaceutical Preparations,4955207.079646018,5.599384,2026-10-08
DRS,Leonardo DRS Inc.,Industrials,Industrial Machinery/Components,266891515.0081566,9816.269922,2026-10-08
DRTS,Alpha Tau Medical Ltd.,Health Care,Medical/Dental Instruments,92478154.00552486,1339.08367,2026-10-08
DRTSW,Alpha Tau Medical Ltd. Warrant,Health Care,Medical/Dental Instruments,92478153.92405063,365.288708,2026-10-08
DRUG,Bright Minds Biosciences Inc.,Health Care,Biotechnology: Pharmaceutical Preparations,9819560.994818652,473.793818,2026-10-08
DRVN,Driven Brands Holdings Inc.,Consumer Discretionary,Automotive Aftermarket,164979815.98639455,1940.162636,2026-10-08
DSAC,Daedalus Special Acquisition Corp.,Finance,Blank Checks,0.0,0.0,2026-10-08
DSC,DSC Holdings Ltd.,Technology,Computer Software: Programming Data Processing,50072492.03539823,282.90958,2026-10-08
DSGN,Design Therapeutics Inc.,Health Care,Biotechnology: Pharmaceutical Preparations,62581650.960735165,749.102362,2026-10-08
DSGR,Distribution Solutions Group Inc.,Consumer Discretionary,Industrial Specialties,46255421.997146934,1621.252541,2026-10-08
DSGX,Descartes Systems Group Inc. (The),Technology,Computer Software: Prepackaged Software,85548553.00178072,6725.827237,2026-10-08
DSL,DoubleLine Income Solutions Fund,Finance,Trusts Except Educational Religious and Charitable,101996827.97979797,1009.768597,2026-10-08
DSM,BNY Mellon Strategic Municipal Bond Fund Inc.,Finance,Investment Managers,0.0,0.0,2026-10-08
DSP,Viant Technology Inc.,Technology,Computer Software: Programming Data Processing,66498817.015926234,793.330887,2026-10-08
DSS,DSS Inc.,Consumer Discretionary,Containers/Packaging,10042518.28298887,6.316744,2026-10-08
DSU,Blackrock Debt Strategies Fund Inc.,Finance,Finance Companies,0.0,0.0,2026-10-08
DSWL,Deswell Industries Inc.,Industrials,Plastic Products,15885238.888888888,48.608831,2026-10-08
DSX,Diana Shipping inc.,Consumer Discretionary,Marine Transportation,124413701.06007066,352.090774,2026-10-08
DSY,Big Tree Cloud Holdings Limited,Consumer Discretionary,Containers/Packaging,4751871.965317919,16.441477,2026-10-08
DSYWW,Big Tree Cloud Holdings Limited Warrants,Consumer Discretionary,Containers/Packaging,4751838.235294118,0.064625,2026-10-08
DT,Dynatrace Inc.,Technology,Computer Software: Prepackaged Software,289002127.993448,17643.579914,2026-10-08
DTB,DTE Energy Company 2020 Series G 4.375% Junior Subordinated Debentures due 2080,Utilities,Electric Utilities: Central,208088068.9911984,3073.460779,2026-10-08
DTCX,Datacentrex Inc.,Technology,EDP Services,47139642.85714286,85.79415,2026-10-08
DTE,DTE Energy Company,Utilities,Electric Utilities: Central,208088068.99859616,26681.052207,2026-10-08
DTF,DTF Tax-Free Income 2028 Term Fund Inc.,Finance,Investment Managers,7029566.961130742,79.574698,2026-10-08
DTG,DTE Energy Company 2021 Series E 4.375% Junior Subordinated Debentures,Utilities,Electric Utilities: Central,208088069.0131579,3162.938649,2026-10-08
DTI,Drilling Tools International Corporation,Consumer Discretionary,Oil and Gas Field Machinery,35282224.06639004,85.03016,2026-10-08
DTIL,Precision BioSciences Inc.,Health Care,Biotechnology: Biological Products (No Diagnostic Substances),27601554.032258064,171.129635,2026-10-08
DTK,DTE Energy Company 2025 Series H 6.25% Junior Subordinated Debentures due 2085,Utilities,Electric Utilities: Central,0.0,0.0,2026-10-08
DTM,DT Midstream Inc.,Utilities,Natural Gas Distribution,102015296.00321028,12711.105882,2026-10-08
DTSQ,DT Cloud Star Acquisition Corporation,,,0.0,0.0,2026-10-08
DTSQR,DT Cloud Star Acquisition Corporation Right,Finance,Blank Checks,0.0,0.0,2026-10-08
DTSQU,DT Cloud Star Acquisition Corporation Units,Finance,Blank Checks,0.0,0.0,2026-10-08
DTSS,Datasea Intelligent Technology Ltd.,Technology,Computer Software: Prepackaged Software,14424881.70347003,9.145375,2026-10-08
DTST,Data Storage Corporation,Technology,EDP Services,2337737.9008746357,8.018441,2026-10-08
DTW,DTE Energy Company 2017 Series E 5.25% Junior Subordinated Debentures due 2077,Utilities,Electric Utilities: Central,208088069.0026954,3860.03368,2026-10-08
DUK,Duke Energy Corporation (Holding Company),Utilities,Power Generation,779702192.9967145,90180.355642,2026-10-08
DUKB,Duke Energy Corporation 5.625% Junior Subordinated Debentures due 2078,Utilities,Power Generation,779702193.0104842,15617.434926,2026-10-08
DUKR,DUKE Robotics Corp.,Industrials,Aerospace,3425977.924528302,18.157683,2026-10-08
DUKRW,DUKE Robotics Corp. Warrant,Industrials,Aerospace,3425978.0,5.138967,2026-10-08
DUKU,Duke Energy Corporation Corporate Units,Utilities,Power Generation,0.0,0.0,2026-10-08
DUO,Fangdd Network Group Ltd.,Finance,Real Estate,38548413.59773371,23.132903,2026-10-08
DUOL,Duolingo Inc.,Technology,Computer Software: Prepackaged Software,46786269.00020253,6930.450027,2026-10-08
DUOT,Duos Technologies Group Inc.,Technology,Computer Software: Prepackaged Software,31472499.024918742,290.491166,2026-10-08
DV,DoubleVerify Holdings Inc.,Technology,Computer Software: Programming Data Processing,154986847.03264093,2089.222698,2026-10-08
DVA,DaVita Inc.,Health Care,Misc Health and Biotechnology Services,63800000.0,11509.52,2026-10-08
DVLT,Datavault AI Inc.,Consumer Discretionary,Business Services,949728607.6772934,145.973287,2026-10-08
DVN,Devon Energy Corporation,Energy,Oil & Gas Production,1100000000.0,52822.0,2026-10-08
DWSN,Dawson Geophysical Company,Energy,Oil & Gas Production,31055618.11320755,82.297388,2026-10-08
DWTX,Dogwood Therapeutics Inc.,Health Care,Biotechnology: Pharmaceutical Preparations,33992553.28947368,51.668681,2026-10-08
DX,Dynex Capital Inc.,Real Estate,Real Estate Investment Trusts,248166916.95852536,2692.611049,2026-10-08
DXC,DXC Technology Company,Technology,EDP Services,159778689.010989,1890.181891,2026-10-08
DXCM,DexCom Inc.,Health Care,Medical/Dental Instruments,377360764.9958029,31468.114193,2026-10-08
DXF,Eason Technology Limited,Finance,Finance: Consumer Services,3235955.708449796,1.505043,2026-10-08
DXLG,Destination XL Group Inc.,Consumer Discretionary,Clothing/Shoe/Accessory Stores,55453550.128534704,21.571431,2026-10-08
DXPE,DXP Enterprises Inc.,Industrials,Industrial Machinery/Components,15517147.99895643,2973.861414,2026-10-08
DXR,Daxor Corporation,Health Care,Medical/Dental Instruments,5838223.997825264,60.134291,2026-10-08
DXST,Decent Holding Inc,Industrials,Miscellaneous,1815128.06122449,3.557651,2026-10-08
DXYZ,Destiny Tech100 Inc.,,,0.0,0.0,2026-10-08
DY,Dycom Industries Inc.,Industrials,Water Sewer Pipeline Comm & Power Line Construction,30160957.001687154,8759.646742,2026-10-08
DYAI,Dyadic International Inc.,Health Care,Biotechnology: Biological Products (No Diagnostic Substances),40063703.94881977,18.160877,2026-10-08
DYN,Dyne Therapeutics Inc.,Health Care,Biotechnology: Pharmaceutical Preparations,186746430.97402596,2875.895037,2026-10-08
DYNC,Dynamix Corporation,,,0.0,0.0,2026-10-08
DYNCW,Dynamix Corporation Warrant,,,0.0,0.0,2026-10-08
DYOR,Insight Digital Partners II,Finance,Blank Checks,0.0,0.0,2026-10-08
DYORU,Insight Digital Partners II Units,Finance,Blank Checks,0.0,0.0,2026-10-08
E,ENI S.p.A.,Energy,Oil & Gas Production,1573382556.993584,85828.018484,2026-10-08
EAD,Allspring Income Opportunities Fund,Finance,Finance/Investors Services,0.0,0.0,2026-10-08
EAF,GrafTech International Ltd.,Energy,Industrial Machinery/Components,26092164.04255319,245.266342,2026-10-08
EAI,Entergy Arkansas LLC First Mortgage Bonds 4.875% Series Due September 1 2066,Utilities,Electric Utilities: Central,466631497.989418,8819.335312,2026-10-08
EARN,Ellington Credit Company,Real Estate,Real Estate Investment Trusts,37559194.957983196,134.086326,2026-10-08
EAT,Brinker International Inc.,Consumer Discretionary,Restaurants,41881259.9978996,7975.867154,2026-10-08
EBAY,eBay Inc.,Consumer Discretionary,Business Services,445000000.0,47641.7,2026-10-08
EBC,Eastern Bankshares Inc.,Finance,Savings Institutions,228511551.9811321,4844.444902,2026-10-08
EBF,Ennis Inc.,Consumer Discretionary,Office Equipment/Supplies/Services,25317785.992907804,571.169252,2026-10-08
EBMT,Eagle Bancorp Montana Inc.,Finance,Major Banks,7965431.0213776715,167.672323,2026-10-08
EBON,Ebang International Holdings Inc.,Finance,Investment Bankers/Brokers/Service,6543938.0,13.087876,2026-10-08
EBS,Emergent BioSolutions Inc.,Health Care,Biotechnology: Pharmaceutical Preparations,51273335.97122302,356.349685,2026-10-08
EC,Ecopetrol S.A.,Energy,Oil & Gas Production,2055834735.0235848,34866.957106,2026-10-08
ECAT,BlackRock ESG Capital Allocation Term Trust,Finance,Finance/Investors Services,108135000.0,1529.0289,2026-10-08
ECBK,ECB Bancorp Inc.,Finance,Banks,8737701.988360815,180.171415,2026-10-08
ECCC,Eagle Point Credit Company 6.50% Series C Term Preferred Stock due 2031,Finance,Trusts Except Educational Religious and Charitable,60662523.983903416,1507.463721,2026-10-08
ECCU,Eagle Point Credit Company 7.75% Notes due 2030,,,0.0,0.0,2026-10-08
ECCV,Eagle Point Credit Company 5.375% Notes due 2029,Finance,Trusts Except Educational Religious and Charitable,60662524.00502723,1448.014448,2026-10-08
ECF,Ellsworth Growth and Income Fund Ltd.,Finance,Finance/Investors Services,0.0,0.0,2026-10-08
ECG,Everus Construction Group Inc.,Consumer Discretionary,Homebuilding,51063836.00271206,6778.213591,2026-10-08
ECHO,EchoStar  Corporation,Consumer Discretionary,Telecommunications Equipment,290815843.9956004,29084.492558,2026-10-08
ECL,Ecolab Inc.,Consumer Discretionary,Package Goods/Cosmetics,280328602.99836195,78721.878294,2026-10-08
ECO,Okeanis Eco Tankers Corp.,Consumer Discretionary,Marine Transportation,39044655.00287853,3391.028287,2026-10-08
ECOR,electroCore Inc.,Health Care,Biotechnology: Electromedical & Electrotherapeutic Apparatus,9015884.97983871,89.437579,2026-10-08
ECPG,Encore Capital Group Inc,Finance,Finance Companies,21209366.004637565,2103.757014,2026-10-08
ECVT,Ecovyst Inc.,Industrials,Major Chemicals,109468397.97492768,1135.187287,2026-10-08
ECX,ECARX Holdings Inc.,Technology,EDP Services,381059984.53853476,320.395235,2026-10-08
ED,Consolidated Edison Inc.,Utilities,Power Generation,369828633.0003805,38876.385901,2026-10-08
EDBL,Edible Garden AG Incorporated,Consumer Staples,Farming/Seeds/Milling,1951508.7719298247,2.22472,2026-10-08
EDBLW,Edible Garden AG Incorporated Warrant,Consumer Staples,Farming/Seeds/Milling,1951496.8152866245,0.061277,2026-10-08
EDD,Morgan Stanley Emerging Markets Domestic Debt Fund Inc.,Finance,Finance Companies,0.0,0.0,2026-10-08
EDF,Virtus Stone Harbor Emerging Markets Income Fund,Finance,Investment Managers,0.0,0.0,2026-10-08
EDHL,Everbright Digital Holding Limited,Consumer Discretionary,Advertising,5959275.0,30.98823,2026-10-08
EDIT,Editas Medicine Inc.,Health Care,Biotechnology: Biological Products (No Diagnostic Substances),153580035.16483516,419.273496,2026-10-08
EDN,Empresa Distribuidora Y Comercializadora Norte S.A. (Edenor),Utilities,Electric Utilities: Central,45242922.01528175,947.386787,2026-10-08
EDRY,EuroDry Ltd.,Consumer Discretionary,Marine Transportation,2866591.0016360665,157.691171,2026-10-08
EDSA,Edesa Biotech Inc.,Health Care,Biotechnology: Pharmaceutical Preparations,13503723.118279569,50.23385,2026-10-08
EDTK,Skillful Craftsman Education Technology Limited Ordinary Share,Real Estate,Other Consumer Services,16199450.980392156,16.52344,2026-10-08
EDU,New Oriental Education & Technology Group Inc.,Real Estate,Other Consumer Services,155029580.003502,8853.739314,2026-10-08
EDUC,Educational Development Corporation,Consumer Discretionary,Consumer Specialties,8524963.846153846,11.082453,2026-10-08
EDVA,Endovia Health Sciences Inc.,Consumer Staples,Beverages (Production/Distribution),11079338.892197737,1.860221,2026-10-08
EE,Excelerate Energy Inc.,Utilities,Oil/Gas Transmission,113402105.0,3923.712833,2026-10-08
EEA,The European Equity Fund Inc.,Finance,Trusts Except Educational Religious and Charitable,0.0,0.0,2026-10-08
EEFT,Euronet Worldwide Inc.,Finance,Investment Bankers/Brokers/Service,37403594.99527857,2376.624426,2026-10-08
EEIQ,EpicQuest Education Group International Limited,Real Estate,Other Consumer Services,1646623.0460921843,8.216649,2026-10-08
EFC,Ellington Financial Inc.,Finance,Real Estate,128887386.03256212,1504.115795,2026-10-08
EFOI,Energy Focus Inc.,Consumer Discretionary,Building Products,6369221.904761905,20.063049,2026-10-08
EFOR,Everforth Inc.,Consumer Discretionary,Professional Services,41000000.0,1474.77,2026-10-08
EFR,Eaton Vance Senior Floating-Rate Fund,Finance,Trusts Except Educational Religious and Charitable,0.0,0.0,2026-10-08
EFSC,Enterprise Financial Services Corporation,Finance,Major Banks,36192519.99664486,2157.436117,2026-10-08
EFSCP,Enterprise Financial Services Corporation,Finance,Major Banks,36192519.99353242,581.98296,2026-10-08
EFSI,Eagle Financial Services Inc,Finance,Major Banks,5411614.991258741,247.635502,2026-10-08
EFT,Eaton Vance Floating Rate Income Trust,Finance,Finance Companies,29090415.009380862,310.103824,2026-10-08
EFX,Equifax Inc.,Finance,Finance: Consumer Services,117484895.99943852,16739.247982,2026-10-08
EFXT,Enerflex Ltd,Industrials,Industrial Machinery/Components,122102883.01189987,2975.647259,2026-10-08
EG,Everest Group Ltd.,Finance,Property-Casualty Insurers,38342734.00119944,14065.648541,2026-10-08
EGAN,eGain Corporation,Technology,Computer Software: Prepackaged Software,26171466.918714557,138.44706,2026-10-08
EGBN,Eagle Bancorp Inc.,Finance,Major Banks,30483973.01699717,860.867398,2026-10-08
EGG,Enigmatig Limited,Consumer Discretionary,Professional Services,27845200.0,132.125474,2026-10-08
EGHA,EGH Acquisition Corp.,Finance,Finance/Investors Services,0.0,0.0,2026-10-08
EGHAR,EGH Acquisition Corp. Rights,Finance,Finance/Investors Services,0.0,0.0,2026-10-08
EGHT,8x8 Inc,Technology,EDP Services,144435500.921659,313.425037,2026-10-08
EGO,Eldorado Gold Corporation,Basic Materials,Precious Metals,261319862.99948105,10071.26752,2026-10-08
EGP,EastGroup Properties Inc.,Real Estate,Real Estate Investment Trusts,53773317.001970336,10370.721917,2026-10-08
EGY,VAALCO Energy Inc.,Energy,Oil & Gas Production,105191778.02768166,608.008477,2026-10-08
EH,EHang Holdings Limited,Industrials,Aerospace,75845361.95121951,310.965984,2026-10-08
EHC,Encompass Health Corporation,Health Care,Hospital/Nursing Management,98653384.00032079,12301.090451,2026-10-08
EHGO,Eshallgo Inc.,Consumer Discretionary,Diversified Commercial Services,5902576.296296296,3.984239,2026-10-08
EHI,Western Asset Global High Income Fund Inc,Finance,Investment Managers,0.0,0.0,2026-10-08
EHLD,Euroholdings Ltd.,Consumer Discretionary,Marine Transportation,2816615.0271107666,36.3625,2026-10-08
EHTH,eHealth Inc.,Finance,Specialty Insurers,32032653.760042146,24.322394,2026-10-08
EIC,Eagle Point Income Company,Finance,Finance/Investors Services,8908108.004385965,81.241945,2026-10-08
EICA,Eagle Point Income Company 5.00% Series A Term Preferred Shares due 2026,Finance,Finance/Investors Services,8908108.003201282,222.613619,2026-10-08
EIG,Employers Holdings Inc,Finance,Property-Casualty Insurers,17960505.99182004,878.268743,2026-10-08
EIIA,Eagle Point Institutional Income Fund 8.125% Series A Term Preferred Shares Due 2029,,,0.0,0.0,2026-10-08
EIKN,Eikon Therapeutics Inc.,Health Care,Biotechnology: Biological Products (No Diagnostic Substances),54165029.960053265,406.779375,2026-10-08
EIM,Eaton Vance Municipal Bond Fund,Finance,Finance/Investors Services,0.0,0.0,2026-10-08
EIX,Edison International,Utilities,Electric Utilities: Central,384813979.0046083,20876.158361,2026-10-08
EJH,E-Home Household Service Holdings Limited,Consumer Discretionary,Other Consumer Services,3200154.098360656,3.904188,2026-10-08
EL,Estee Lauder Companies Inc. (The),Consumer Discretionary,Package Goods/Cosmetics,362322775.0,33826.454274,2026-10-08
ELA,Envela Corporation,Consumer Discretionary,Consumer Specialties,25963475.96707819,315.456233,2026-10-08
ELAB,PMGC Holdings Inc.,Health Care,Biotechnology: Pharmaceutical Preparations,809578.8990825688,2.647323,2026-10-08
ELAN,Elanco Animal Health Incorporated,Health Care,Biotechnology: Pharmaceutical Preparations,499621829.9822064,11231.498738,2026-10-08
ELBM,Electra Battery Materials Corporation,Miscellaneous,Industrial Machinery/Components,106800138.09429868,54.13699,2026-10-08
ELC,Entergy Louisiana Inc. Collateral Trust Mortgage Bonds 4.875 % Series due September 1 2066,Utilities,Electric Utilities: Central,213237552.0212766,4008.865978,2026-10-08
ELDN,Eledon Pharmaceuticals Inc.,Health Care,Biotechnology: Pharmaceutical Preparations,81261151.83673468,199.089822,2026-10-08
ELE,Elemental Royalty Corporation,Basic Materials,Precious Metals,80519025.99118942,1462.225512,2026-10-08
ELF,e.l.f. Beauty Inc.,Consumer Discretionary,Package Goods/Cosmetics,59007996.00155657,6065.431909,2026-10-08
ELLA,Ellington Credit Company 8.50% Notes due 2031,Real Estate,Real Estate Investment Trusts,0.0,0.0,2026-10-08
ELLO,Ellomay Capital Ltd,Utilities,Electric Utilities: Central,13783230.0,300.474414,2026-10-08
ELMD,Electromed Inc.,Health Care,Biotechnology: Electromedical & Electrotherapeutic Apparatus,8287085.00176866,234.275893,2026-10-08
ELME,Elme Communities,Real Estate,Real Estate Investment Trusts,88857882.85714285,155.501295,2026-10-08
ELMT,The Elmet Group Co.,Industrials,Metal Fabrications,30459498.013816927,705.441974,2026-10-08
ELOG,Eastern International Ltd.,Industrials,Integrated Freight & Logistics,12832000.000000002,7.301408,2026-10-08
ELOX,Eloxx Pharmaceuticals Inc.,Health Care,Biotechnology: Biological Products (No Diagnostic Substances),4036459.021810971,61.071625,2026-10-08
ELPC,Companhia Paranaense de Energia (COPEL),Utilities,Electric Utilities: Central,745702648.0201584,10357.809781,2026-10-08
ELPW,Elong Power Holding Limited,Miscellaneous,Industrial Machinery/Components,932089.010989011,2.544603,2026-10-08
ELS,Equity Lifestyle Properties Inc.,Real Estate,Real Estate Investment Trusts,194064618.99897856,11399.35572,2026-10-08
ELTK,Eltek Ltd.,Technology,Electrical Products,6719827.0,53.758616,2026-10-08
ELTX,Elicio Therapeutics Inc.,Health Care,Biotechnology: Pharmaceutical Preparations,26281881.91489362,49.409938,2026-10-08
ELUT,Elutia Inc.,Health Care,Biotechnology: Biological Products (No Diagnostic Substances),44289230.274166554,34.408303,2026-10-08
ELV,Elevance Health Inc.,Health Care,Medical Specialities,216869289.99975008,86767.234236,2026-10-08
ELVA,Electrovaya Inc.,Miscellaneous,Industrial Machinery/Components,49998897.07692308,324.992831,2026-10-08
ELVN,Enliven Therapeutics Inc.,Health Care,Biotechnology: Pharmaceutical Preparations,73270761.004954,3105.947559,2026-10-08
ELVR,Elevra Lithium Limited American Depository Shares,Industrials,Mining & Quarrying of Nonmetallic Minerals (No Fuels),19401602.99305184,726.007984,2026-10-08
ELWT,Elauwit Connection Inc.,Consumer Discretionary,Telecommunications Equipment,6619796.0,41.373725,2026-10-08
EMA,Emera Incorporated,Utilities,Electric Utilities: Central,307200000.0,14327.808,2026-10-08
EMAT,Evolution Metals & Technologies Corp.,Miscellaneous,Industrial Machinery/Components,634700645.8333334,1218.62524,2026-10-08
EMBC,Embecta Corp.,Health Care,Medical/Dental Instruments,56659598.99159664,337.124614,2026-10-08
EMBJ,Embraer S.A.,Industrials,Aerospace,180691535.0,13588.003432,2026-10-08
EMD,Western Asset Emerging Markets Debt Fund Inc,Finance,Finance/Investors Services,0.0,0.0,2026-10-08
EME,EMCOR Group Inc.,Industrials,Engineering & Construction,44109901.00058216,36369.495573,2026-10-08
EMF,Templeton Emerging Markets Fund,Finance,Finance/Investors Services,0.0,0.0,2026-10-08
EMIS,Emmis Acquisition Corp.,Health Care,Biotechnology: Pharmaceutical Preparations,0.0,0.0,2026-10-08
EML,Eastern Company (The),Consumer Discretionary,Industrial Machinery/Components,6017557.9872204475,150.679652,2026-10-08
EMN,Eastman Chemical Company,Industrials,Major Chemicals,114377420.99516456,7332.73646,2026-10-08
EMO,ClearBridge Energy Midstream Opportunity Fund Inc.,Finance,Investment Managers,0.0,0.0,2026-10-08
EMP,Entergy Mississippi LLC First Mortgage Bonds 4.90% Series Due October 1 2066,Utilities,Electric Utilities: Central,466631498.0203317,8721.342698,2026-10-08
EMPD,Empery Digital Inc.,Industrials,Auto Manufacturing,28110111.006289307,89.390153,2026-10-08
EMR,Emerson Electric Company,Technology,Consumer Electronics/Appliances,557800000.0,90028.92,2026-10-08
ENB,Enbridge Inc,Energy,Natural Gas Distribution,2184108638.9987106,101648.416059,2026-10-08
ENGN,enGene Therapeutics Inc.,Health Care,Biotechnology: Biological Products (No Diagnostic Substances),67016316.11111111,120.629369,2026-10-08
ENGS,Energys Group Limited,Industrials,Engineering & Construction,54176535.897435896,169.030792,2026-10-08
ENHA,Enhanced Group Inc.,Consumer Discretionary,Services-Misc. Amusement & Recreation,395654300.0,585.568364,2026-10-08
ENIC,Enel Chile S.A.,Utilities,Electric Utilities: Central,1383331144.0366971,6031.323788,2026-10-08
ENJ,Entergy New Orleans LLC First Mortgage Bonds 5.0% Series due December 1 2052,Utilities,Power Generation,466631497.9808714,8782.004792,2026-10-08
ENLT,Enlight Renewable Energy Ltd.,Utilities,Electric Utilities: Central,139444060.00295946,9423.629575,2026-10-08
ENLV,Enlivex Ltd.,Health Care,Biotechnology: Pharmaceutical Preparations,19908592.004703116,6.772903,2026-10-08
ENO,Entergy New Orleans LLC First Mortgage Bonds 5.50% Series due April 1 2066,Utilities,Power Generation,213830845.99092287,4240.265676,2026-10-08
ENOV,Enovis Corporation,Health Care,Industrial Specialties,57669494.01098901,1049.584791,2026-10-08
ENPH,Enphase Energy Inc.,Technology,Semiconductors,132144648.00943676,4481.025014,2026-10-08
ENR,Energizer Holdings Inc.,Miscellaneous,Industrial Machinery/Components,68483637.00787401,1478.561723,2026-10-08
ENRD,Einride AB,Technology,EDP Services,146689309.0634441,485.541613,2026-10-08
ENRDW,Einride AB Warrants,Technology,EDP Services,146689309.0909091,32.271648,2026-10-08
ENS,EnerSys,Miscellaneous,Industrial Machinery/Components,36065224.00124682,6942.194968,2026-10-08
ENSC,Ensysce Biosciences Inc.,Health Care,Biotechnology: Pharmaceutical Preparations,19456793.857608188,8.36253,2026-10-08
ENSG,The Ensign Group Inc.,Health Care,Hospital/Nursing Management,58282433.99976752,10028.075594,2026-10-08
ENTA,Enanta Pharmaceuticals Inc.,Health Care,Biotechnology: Pharmaceutical Preparations,29125401.97206245,354.456142,2026-10-08
ENTG,Entegris Inc.,Industrials,Plastic Products,152800000.0,25500.792,2026-10-08
ENTX,Entera Bio Ltd.,Health Care,Biotechnology: Biological Products (No Diagnostic Substances),173922428.06324112,440.023743,2026-10-08
ENVA,Enova International Inc.,Finance,Finance: Consumer Services,24898370.997375328,4553.414088,2026-10-08
ENVB,Enveric Biosciences Inc.,Health Care,Biotechnology: Pharmaceutical Preparations,4475883.673469388,6.579549,2026-10-08
ENVX,Enovix Corporation,Miscellaneous,Industrial Machinery/Components,219448535.18518516,592.511045,2026-10-08
EOCN,Eocene Ltd.,Health Care,Biotechnology: Pharmaceutical Preparations,1041564.880952381,3.499658,2026-10-08
EOD,Allspring Global Dividend Opportunity Fund,Finance,Investment Managers,0.0,0.0,2026-10-08
EOG,EOG Resources Inc.,Energy,Oil & Gas Production,524529175.99805933,75679.069513,2026-10-08
EOI,Eaton Vance Enhance Equity Income Fund Eaton Vance Enhanced Equity Income Fund Shares of Beneficial Interest,Finance,Finance/Investors Services,0.0,0.0,2026-10-08
EOLS,Evolus Inc.,Health Care,Biotechnology: Pharmaceutical Preparations,66050439.97289973,487.452247,2026-10-08
EONR,EON Resources Inc.,Energy,Oil & Gas Production,55824861.25385406,27.158795,2026-10-08
EOS,Eaton Vance Enhance Equity Income Fund II,Finance,Trusts Except Educational Religious and Charitable,0.0,0.0,2026-10-08
EOSE,Eos Energy Enterprises Inc.,Miscellaneous,Industrial Machinery/Components,364167743.8650307,1187.186845,2026-10-08
EOSEW,Eos Energy Enterprises Inc. Warrant,Miscellaneous,Industrial Machinery/Components,364167744.0,1001.461296,2026-10-08
EOT,Eaton Vance Municipal Income Trust EATON VANCE NATIONAL MUNICIPAL OPPORTUNITIES TRUST,Finance,Investment Bankers/Brokers/Service,15624920.974025974,240.623783,2026-10-08
EP,Empire Petroleum Corporation,Energy,Oil & Gas Production,41602341.00719425,115.654508,2026-10-08
EPAC,Enerpac Tool Group Corp.,Technology,Industrial Machinery/Components,51137645.99439775,1825.613962,2026-10-08
EPAM,EPAM Systems Inc.,Technology,EDP Services,51586980.99899369,5638.972893,2026-10-08
EPC,Edgewell Personal Care Company,Consumer Discretionary,Package Goods/Cosmetics,46088914.99813919,1238.409146,2026-10-08
EPD,Enterprise Products Partners L.P.,Utilities,Natural Gas Distribution,2159477169.0016103,80462.119317,2026-10-08
EPM,Evolution Petroleum Corporation Inc.,Energy,Oil & Gas Production,40172226.0989011,146.226903,2026-10-08
EPOW,E-Power Inc.,Miscellaneous,Industrial Machinery/Components,2326862.049861496,8.399972,2026-10-08
EPR,EPR Properties,Real Estate,Real Estate Investment Trusts,76608922.00108558,4234.175119,2026-10-08
EPRT,Essential Properties Realty Trust Inc.,Real Estate,Real Estate Investment Trusts,216273003.98749024,5532.263442,2026-10-08
EPRX,Eupraxia Pharmaceuticals Inc.,Health Care,Pharmaceuticals and Biotechnology,65906632.04134367,510.117332,2026-10-08
EPSM,Epsium Enterprise Limited,Consumer Staples,Beverages (Production/Distribution),13438034.146341464,16.528782,2026-10-08
EPSN,Epsilon Energy Ltd. Common Share,Energy,Oil & Gas Production,30283779.061976552,180.794161,2026-10-08
EQ,Equillium Inc.,Health Care,Biotechnology: Pharmaceutical Preparations,63408081.69014085,90.039476,2026-10-08
EQBK,Equity Bancshares Inc.,Finance,Major Banks,20592490.0,978.143275,2026-10-08
EQH,Equitable Holdings Inc.,Finance,Specialty Insurers,273035157.0091743,14880.416057,2026-10-08
EQIX,Equinix Inc.,Real Estate,Real Estate Investment Trusts,98671686.0000382,103344.777049,2026-10-08
EQNR,Equinor ASA,Energy,Integrated oil Companies,2500271029.993025,107536.657,2026-10-08
EQPT,EquipmentShare.com Inc,Consumer Discretionary,Diversified Commercial Services,253375963.01587304,4788.805701,2026-10-08
EQS,Equus Total Return Inc.,Finance,Finance/Investors Services,13966696.52718125,11.381461,2026-10-08
EQT,EQT Corporation,Energy,Oil & Gas Production,625516000.0,32820.82452,2026-10-08
EQX,Equinox Gold Corp.,Basic Materials,Precious Metals,1167459821.9683654,13285.692774,2026-10-08
ERAS,Erasca Inc.,Health Care,Biotechnology: Pharmaceutical Preparations,349762035.03496504,5001.597101,2026-10-08
ERC,Allspring Multi-Sector Income Fund,Finance,Finance/Investors Services,0.0,0.0,2026-10-08
ERH,Allspring Utilities and High Income Fund,Finance,Finance/Investors Services,0.0,0.0,2026-10-08
ERIC,Ericsson,Technology,Radio And Television Broadcasting And Communications Equipment,3371351734.994698,31791.846861,2026-10-08
ERIE,Erie Indemnity Company,Finance,Specialty Insurers,46189068.000179194,10310.323759,2026-10-08
ERII,Energy Recovery Inc.,Technology,Industrial Machinery/Components,51044875.0,361.397715,2026-10-08
ERNA,Ernexa Therapeutics Inc.,Health Care,Biotechnology: Pharmaceutical Preparations,1632411.1856823268,3.648439,2026-10-08
ERNAW,Ernexa Therapeutics Inc. Warrants,Health Care,Biotechnology: Pharmaceutical Preparations,1632425.3731343283,0.043749,2026-10-08
ERO,Ero Copper Corp.,Basic Materials,Metal Mining,104277967.99367255,3955.263326,2026-10-08
EROC,ERock Inc.,Energy,Industrial Machinery/Components,219400079.98533723,2992.617091,2026-10-08
EROK,EagleRock Land LLC Class A shares representing limited liability company interests,Energy,Oil & Gas Production,131519570.00459348,2863.181039,2026-10-08
ES,Eversource Energy (D/B/A),Utilities,Electric Utilities: Central,376674753.999387,24581.794446,2026-10-08
ESAB,ESAB Corporation,Industrials,Industrial Machinery/Components,62167809.99582347,4465.513792,2026-10-08
ESCA,Escalade Incorporated,Consumer Discretionary,Recreational Games/Products/Toys,13766073.99463807,256.73728,2026-10-08
ESE,ESCO Technologies Inc.,Telecommunications,Telecommunications Equipment,31007567.00096935,8316.849621,2026-10-08
ESEA,Euroseas Ltd.,Consumer Discretionary,Marine Transportation,7055881.002492384,509.575726,2026-10-08
ESI,Element Solutions Inc.,Industrials,Major Chemicals,243690913.99046102,9196.895094,2026-10-08
ESLA,Estrella Immunopharma Inc.,Health Care,Biotechnology: Biological Products (No Diagnostic Substances),43497864.8018648,18.660584,2026-10-08
ESLAW,Estrella Immunopharma Inc. Warrant,Health Care,Biotechnology: Biological Products (No Diagnostic Substances),43497870.72243346,2.287988,2026-10-08
ESLT,Elbit Systems Ltd.,Industrials,Military/Government/Technical,46508932.99956591,32142.323596,2026-10-08
ESNT,Essent Group Ltd.,Finance,Property-Casualty Insurers,89876493.00371628,5562.456152,2026-10-08
ESOA,Energy Services of America Corporation,Industrials,Water Sewer Pipeline Comm & Power Line Construction,18659180.990274094,211.035337,2026-10-08
ESP,Espey Mfg. & Electronics Corp.,Technology,Industrial Machinery/Components,3036872.0064205457,189.197126,2026-10-08
ESQ,Esquire Financial Holdings Inc.,Finance,Commercial Banks,12104583.004122294,1409.457645,2026-10-08
ESRT,Empire State Realty Trust Inc.,Real Estate,Real Estate Investment Trusts,172165642.88939053,762.693798,2026-10-08
ESS,Essex Property Trust Inc.,Real Estate,Real Estate Investment Trusts,64268438.99959631,17512.506943,2026-10-08
ESTA,Establishment Labs Holdings Inc.,Health Care,Industrial Specialties,29801890.994026646,1945.765463,2026-10-08
ESTC,Elastic N.V.,Technology,Computer Software: Prepackaged Software,104991280.0,9932.175088,2026-10-08
ESYN,EnerSyn Global Inc.,Health Care,Other Pharmaceuticals,29726400.0,62.42544,2026-10-08
ETB,Eaton Vance Tax-Managed Buy-Write Income Fund Eaton Vance Tax-Managed Buy-Write Income Fund,Finance,Investment Bankers/Brokers/Service,29371397.99741602,454.669241,2026-10-08
ETD,Ethan Allen Interiors Inc.,Consumer Discretionary,Home Furnishings,25202502.99003322,531.016738,2026-10-08
ETG,Eaton Vance Tax-Advantaged Global Dividend Income Fund,Finance,Investment Managers,0.0,0.0,2026-10-08
ETJ,Eaton Vance Risk-Managed Diversified Equity Income Fund,Finance,Finance Companies,0.0,0.0,2026-10-08
ETN,Eaton Corporation PLC,Technology,Industrial Machinery/Components,388400000.0,172872.956,2026-10-08
ETO,Eaton Vance Tax-Advantage Global Dividend Opp,Finance,Investment Managers,16388138.015717093,500.493735,2026-10-08
ETON,Eton Pharmaceuticals Inc.,Health Care,Biotechnology: Pharmaceutical Preparations,28583135.00091291,1565.498304,2026-10-08
ETOR,eToro Group Ltd.,Finance,Investment Bankers/Brokers/Service,80546332.99242425,2126.423191,2026-10-08
ETR,Entergy Corporation,Utilities,Electric Utilities: Central,466631498.00484264,48179.702169,2026-10-08
ETRA,Electra Therapeutics Inc.,Health Care,Biotechnology: Biological Products (No Diagnostic Substances),62766954.989816695,616.371498,2026-10-08
ETS,Elite Express Holding Inc.,Industrials,Trucking Freight/Courier Services,48716672.22222222,78.921009,2026-10-08
ETSS,Energy Transition Special Opportunities,Finance,Blank Checks,0.0,0.0,2026-10-08
ETSY,Etsy Inc.,Consumer Discretionary,Business Services,91781748.00392212,6552.29899,2026-10-08
ETV,Eaton Vance Corporation Eaton Vance Tax-Managed Buy-Write Opportunities Fund,Finance,Investment Bankers/Brokers/Service,109268349.02880107,1631.376451,2026-10-08
ETW,Eaton Vance Corporation Eaton Vance Tax-Managed Global Buy-Write Opportunites Fund,Finance,Investment Managers,109597786.04407136,1044.466901,2026-10-08
ETY,Eaton Vance Tax-Managed Diversified Equity Income Fund,Finance,Finance Companies,0.0,0.0,2026-10-08
EU,enCore Energy Corp.,Basic Materials,Other Metals and Minerals,194280971.0526316,221.480307,2026-10-08
EUDA,EUDA Health Holdings Limited,Health Care,Medical/Nursing Services,2994325.0128932437,58.059962,2026-10-08
EUDAW,EUDA Health Holdings Limited Warrant,Health Care,Medical/Nursing Services,2994330.3571428573,0.067073,2026-10-08
EURK,Eureka Acquisition Corp Class A Ordinary Share,,,0.0,0.0,2026-10-08
EURKU,Eureka Acquisition Corp Unit,Consumer Discretionary,Marine Transportation,0.0,0.0,2026-10-08
EVAC,EQV Ventures Acquisition Corp. II,Industrials,Fluid Controls,0.0,0.0,2026-10-08
EVAX,Evaxion A/S,Health Care,Biotechnology: Biological Products (No Diagnostic Substances),9021482.911392404,28.507886,2026-10-08
EVC,Entravision Communications Corporation,Industrials,Broadcasting,92288305.07462686,618.331644,2026-10-08
EVCM,EverCommerce Inc.,Technology,Computer Software: Prepackaged Software,176665245.95469257,1637.68683,2026-10-08
EVER,EverQuote Inc.,Technology,Computer Software: Programming Data Processing,35239751.00567303,683.298772,2026-10-08
EVEX,Eve Holding Inc.,Industrials,Aerospace,348486332.748538,595.911629,2026-10-08
EVF,Eaton Vance Senior Income Trust,Finance,Investment Bankers/Brokers/Service,17538857.905544147,85.414238,2026-10-08
EVG,Eaton Vance Short Diversified Income Fund Eaton Vance Short Duration Diversified Income Fund,Finance,Investment Managers,0.0,0.0,2026-10-08
EVGN,Evogene Ltd,Industrials,Agricultural Chemicals,15801406.655652585,6.695056,2026-10-08
EVGO,EVgo Inc.,Consumer Discretionary,Automotive Aftermarket,314515719.6969697,415.16075,2026-10-08
EVH,Evolent Health Inc,Consumer Discretionary,Other Consumer Services,113059334.89583334,434.147846,2026-10-08
EVI,EVI Industries Inc.,Consumer Discretionary,Other Consumer Services,12878532.01457574,247.3966,2026-10-08
EVLV,Evolv Technologies Holdings Inc.,Technology,Computer peripheral equipment,181126145.94017094,847.670363,2026-10-08
EVMN,Evommune Inc.,Health Care,Biotechnology: Pharmaceutical Preparations,36292113.01059002,239.890867,2026-10-08
EVN,Eaton Vance Municipal Income Trust,Finance,Investment Managers,39667163.03162486,363.747885,2026-10-08
EVO,Evotec SE,Health Care,Biotechnology: Pharmaceutical Preparations,355755563.803681,579.881569,2026-10-08
EVOX,Evolution Global Acquisition Corp,Finance,Blank Checks,0.0,0.0,2026-10-08
EVOXW,Evolution Global Acquisition Corp Warrants,Finance,Blank Checks,0.0,0.0,2026-10-08
EVR,Evercore Inc.,Finance,Investment Managers,38457777.999104746,10309.761126,2026-10-08
EVRG,Evergy Inc.,Utilities,Power Generation,230567171.9975109,18526.07227,2026-10-08
EVT,Eaton Vance Tax Advantaged Dividend Income Fund,Finance,Finance Companies,0.0,0.0,2026-10-08
EVTC,Evertec Inc.,Technology,EDP Services,59752541.99655766,1735.811345,2026-10-08
EVTL,Vertical Aerospace Ltd.,Industrials,Aerospace,171723641.07142857,96.165239,2026-10-08
EVV,Eaton Vance Limited Duration Income Fund,Finance,Finance/Investors Services,0.0,0.0,2026-10-08
EW,Edwards Lifesciences Corporation,Health Care,Industrial Specialties,576400000.0,49847.072,2026-10-08
EWAV,East West Ave Acquisition Corp.,Finance,Blank Checks,0.0,0.0,2026-10-08
EWAVR,East West Ave Acquisition Corp. Rights,Finance,Blank Checks,0.0,0.0,2026-10-08
EWAVU,East West Ave Acquisition Corp. Units,Finance,Blank Checks,0.0,0.0,2026-10-08
EWBC,East West Bancorp Inc.,Finance,Major Banks,137011856.00220263,17416.947135,2026-10-08
EWTX,Edgewise Therapeutics Inc.,Health Care,Biotechnology: Pharmaceutical Preparations,108604129.01049474,4346.337243,2026-10-08
EXC,Exelon Corporation,Utilities,Power Generation,1032253967.0105566,43024.345345,2026-10-08
EXE,Expand Energy Corporation,Energy,Oil & Gas Production,231503788.994673,20425.579303,2026-10-08
EXEL,Exelixis Inc.,Health Care,Biotechnology: Biological Products (No Diagnostic Substances),247781691.99382824,14453.106094,2026-10-08
EXFY,Expensify Inc.,Technology,Computer Software: Prepackaged Software,91186664.12556054,203.346261,2026-10-08
EXG,Eaton Vance Tax-Managed Global Diversified Equity Income Fund,Finance,Finance Companies,0.0,0.0,2026-10-08
EXK,Endeavour Silver Corporation,Basic Materials,Precious Metals,296068801.9607843,2566.916513,2026-10-08
EXLS,ExlService Holdings Inc.,Consumer Discretionary,Business Services,151612499.01157868,5368.59859,2026-10-08
EXOD,Exodus Movement Inc.,Finance,Finance: Consumer Services,30203258.01749271,207.19435,2026-10-08
EXOZ,eXoZymes Inc.,Health Care,Biotechnology: Biological Products (No Diagnostic Substances),9304701.086956523,51.36195,2026-10-08
EXP,Eagle Materials Inc,Industrials,Building Materials,30675325.002914775,5262.045251,2026-10-08
EXPD,Expeditors International of Washington Inc.,Industrials,Integrated Freight & Logistics,129990622.00208549,24932.2013,2026-10-08
EXPE,Expedia Group Inc.,Consumer Discretionary,Transportation Services,114495890.99857731,29776.946372,2026-10-08
EXPO,Exponent Inc.,Consumer Discretionary,Professional Services,47546083.99826539,3289.238091,2026-10-08
EXR,Extra Space Storage Inc,Real Estate,Real Estate Investment Trusts,211269558.00283816,28286.881121,2026-10-08
EXTR,Extreme Networks Inc.,Telecommunications,Computer Communications Equipment,132170694.98777507,3243.468855,2026-10-08
EXYN,Exyn Technologies Inc.,Technology,Computer Software: Prepackaged Software,7953956.985294117,21.634763,2026-10-08
EXYNW,Exyn Technologies Inc. Warrant,Technology,Computer Software: Prepackaged Software,7953957.5,3.181583,2026-10-08
EYE,National Vision Holdings Inc.,Health Care,Ophthalmic Goods,79069313.02270013,1323.6203,2026-10-08
EYPT,EyePoint Inc.,Industrials,Biotechnology: Laboratory Analytical Instruments,86212137.85488959,273.292477,2026-10-08
EZGO,EZGO Technologies Ltd.,Consumer Discretionary,Motor Vehicles,5305899.152164212,4.756208,2026-10-08
EZPW,EZCORP Inc. Class A Non Voting,Consumer Discretionary,Other Specialty Stores,61443376.98541329,1895.52818,2026-10-08
EZRA,Reliance Global Group Inc.,Finance,Specialty Insurers,1679936.0,4.19984,2026-10-08
F,Ford Motor Company,Industrials,Auto Manufacturing,3916743590.960912,48097.611297,2026-10-08
FA,First Advantage Corporation,Technology,EDP Services,171753691.02217415,3175.725747,2026-10-08
FABC,Fabric.AI Inc.,Consumer Discretionary,Telecommunications Equipment,7003613.191489361,16.458491,2026-10-08
FAC,Factorial Energy Inc.,Miscellaneous,Industrial Machinery/Components,107023245.05494505,584.346918,2026-10-08
FACT,FACT II Acquisition Corp.,,,0.0,0.0,2026-10-08
FACWW,Factorial Energy Inc. Warrant,Miscellaneous,Industrial Machinery/Components,107023244.83406387,85.458061,2026-10-08
FAF,First American Corporation (New),Finance,Specialty Insurers,102100000.0,6361.851,2026-10-08
FAMI,Farmmi Inc.,Consumer Staples,Packaged Foods,32018975.20661157,3.874296,2026-10-08
FANG,Diamondback Energy Inc.,Energy,Oil & Gas Production,280024353.00032437,51798.904818,2026-10-08
FAST,Fastenal Company,Consumer Discretionary,RETAIL: Building Materials,1147497572.9974413,58304.351684,2026-10-08
FATE,Fate Therapeutics Inc.,Health Care,Biotechnology: Biological Products (No Diagnostic Substances),119820513.97379912,274.388977,2026-10-08
FATN,FatPipe Inc.,Technology,Computer Software: Prepackaged Software,14128467.938931298,74.033172,2026-10-08
FAX,abrdn Asia-Pacific Income Fund Inc.,Finance,Investment Managers,0.0,0.0,2026-10-08
FBDT,First Breach Inc.,Industrials,Ordnance And Accessories,55776201.27861415,54.09176,2026-10-08
FBGL,FBS Global Limited,Consumer Discretionary,Homebuilding,1350000.0,4.806,2026-10-08
FBIN,Fortune Brands Innovations Inc.,Basic Materials,Forest Products,119371477.00127064,4697.26762,2026-10-08
FBIO,Fortress Biotech Inc.,Health Care,Biotechnology: Pharmaceutical Preparations,33350993.17073171,68.369536,2026-10-08
FBIOP,Fortress Biotech Inc. 9.375% Series A Cumulative Redeemable Perpetual Preferred Stock,Health Care,Biotechnology: Pharmaceutical Preparations,33350993.003229283,619.66145,2026-10-08
FBIZ,First Business Financial Services Inc.,Finance,Major Banks,8368319.997171546,591.723907,2026-10-08
FBK,FB Financial Corporation,Finance,Major Banks,49978137.99848083,2631.848747,2026-10-08
FBLA,FB Bancorp Inc.,Finance,Banks,15948178.021978023,275.743998,2026-10-08
FBLG,FibroBiologics Inc.,Health Care,Biotechnology: Pharmaceutical Preparations,6658192.920353983,7.523758,2026-10-08
FBNC,First Bancorp,Finance,Major Banks,41398822.999665216,2473.165686,2026-10-08
FBP,First BanCorp. New,Finance,Major Banks,152668267.98360047,4096.08963,2026-10-08
FBRT,Franklin BSP Realty Trust Inc.,Real Estate,Real Estate Investment Trusts,83045415.96091206,509.898854,2026-10-08
FBYD,Falcon's Beyond Global Inc.,Consumer Discretionary,Services-Misc. Amusement & Recreation,121259248.004561,1063.443605,2026-10-08
FC,Franklin Covey Company,Consumer Discretionary,Other Consumer Services,11293873.008595988,197.078084,2026-10-08
FCAP,First Capital Inc.,Finance,Savings Institutions,3344625.0038705682,216.029329,2026-10-08
FCBC,First Community Bankshares Inc. (VA),Finance,Major Banks,18910329.00188324,903.724623,2026-10-08
FCBM,First Carolina Financial Services Inc.,Finance,Major Banks,31068852.037617557,396.438552,2026-10-08
FCCO,First Community Corporation,Finance,Major Banks,9399730.991101565,306.337233,2026-10-08
FCEL,FuelCell Energy Inc.,Energy,Industrial Machinery/Components,79954195.98062955,1651.054147,2026-10-08
FCF,First Commonwealth Financial Corporation,Finance,Major Banks,101055925.02492523,2027.181856,2026-10-08
FCFS,FirstCash Holdings Inc.,Consumer Discretionary,Other Specialty Stores,43371800.0,9238.1934,2026-10-08
FCHL,Fitness Champs Holdings Limited,Consumer Discretionary,Services-Misc. Amusement & Recreation,1318741.794310722,1.20533,2026-10-08
FCN,FTI Consulting Inc.,Consumer Discretionary,Professional Services,27611575.001816727,3799.628836,2026-10-08
FCNCA,First Citizens BancShares Inc.,Finance,Major Banks,11293120.000191558,23581.502666,2026-10-08
FCNCN,First Citizens BancShares Inc.,Finance,Major Banks,11293120.020627657,258.408043,2026-10-08
FCNCO,First Citizens BancShares Inc. 5.625% Non-Cumulative Perpetual Preferred Stock Series C,Finance,Major Banks,11293120.0,211.746,2026-10-08
FCNCP,First Citizens BancShares Inc.,Finance,Major Banks,11293120.011055833,204.292541,2026-10-08
FCPT,Four Corners Property Trust Inc.,Real Estate,Real Estate Investment Trusts,109756406.00938967,2337.811448,2026-10-08
FCRS,FutureCrest Acquisition Corp.,Finance,Blank Checks,0.0,0.0,2026-10-08
FCUV,Focus Universal Inc.,Industrials,Industrial Machinery/Components,982011.971830986,4.183371,2026-10-08
FCX,Freeport-McMoRan Inc.,Basic Materials,Metal Mining,1436017523.0016537,104197.431469,2026-10-08
FDBC,Fidelity D & D Bancorp Inc.,Finance,Major Banks,5808508.005769924,322.139854,2026-10-08
FDMM,Freedom Metals Acquisition Corp.,Finance,Blank Checks,0.0,0.0,2026-10-08
FDMT,4D Molecular Therapeutics Inc.,Health Care,Biotechnology: Biological Products (No Diagnostic Substances),55244210.98726115,693.86729,2026-10-08
FDS,FactSet Research Systems Inc.,Technology,Computer Software: Programming Data Processing,35565542.99841918,9674.183351,2026-10-08
FDSB,Fifth District Bancorp Inc.,Finance,Savings Institutions,5235657.985117344,91.466945,2026-10-08
FDUS,Fidus Investment Corporation,Finance,Finance/Investors Services,37954363.98305085,716.578392,2026-10-08
FDX,FedEx Corporation,Consumer Discretionary,Air Freight/Delivery Services,236670434.99982703,68404.855828,2026-10-08
FDXF,FedEx Freight Holding Company Inc.,Consumer Discretionary,Air Freight/Delivery Services,149518132.9973238,16760.982709,2026-10-08
FE,FirstEnergy Corp.,Utilities,Electric Utilities: Central,578639931.9927701,25610.60339,2026-10-08
FEAM,5E Advanced Materials Inc.,Industrials,Mining & Quarrying of Nonmetallic Minerals (No Fuels),49634871.010638304,186.627115,2026-10-08
FEBO,Fenbo Holdings Limited,Consumer Discretionary,Home Furnishings,11062500.332137637,8.326744,2026-10-08
FEDU,Four Seasons Education (Cayman) Inc.,Real Estate,Other Consumer Services,2261437.9807692305,23.518955,2026-10-08
FEIM,Frequency Electronics Inc.,Industrials,Electrical Products,11273286.996442098,982.241496,2026-10-08
FELE,Franklin Electric Co. Inc.,Consumer Discretionary,Metal Fabrications,44211464.0,4387.987802,2026-10-08
FEMY,Femasys Inc.,Health Care,Medical/Dental Instruments,8375026.923076923,17.420056,2026-10-08
FENC,Fennec Pharmaceuticals Inc.,Health Care,Biotechnology: Biological Products (No Diagnostic Substances),35034000.0,362.6019,2026-10-08
FENG,Phoenix New Media Limited,Industrials,Broadcasting,12010775.886524823,16.935194,2026-10-08
FER,Ferrovial N.V.,Industrials,Military/Government/Technical,719457752.0015546,37023.295918,2026-10-08
FERA,Fifth Era Acquisition Corp I,,,0.0,0.0,2026-10-08
FERG,Ferguson Enterprises Inc.,Miscellaneous,Miscellaneous,193452717.0017463,43203.795288,2026-10-08
FET,Forum Energy Technologies Inc.,Consumer Discretionary,Oil and Gas Field Machinery,11472699.005092975,968.639977,2026-10-08
FF,FutureFuel Corp.,Industrials,Major Chemicals,43863318.02325581,226.334721,2026-10-08
FFA,First Trust Enhanced Equity Income Fund,Finance,Investment Managers,0.0,0.0,2026-10-08
FFAI,Faraday Future Intelligent Electric Inc.,Industrials,Auto Manufacturing,6126999.130434783,7.046049,2026-10-08
FFBC,First Financial Bancorp.,Finance,Major Banks,105166926.01211348,3299.086469,2026-10-08
FFC,Flaherty & Crumrine Preferred and Income Securities Fund Incorporated,Finance,Trusts Except Educational Religious and Charitable,0.0,0.0,2026-10-08
FFIN,First Financial Bankshares Inc.,Finance,Major Banks,143327506.98621553,4575.014023,2026-10-08
FFIV,F5 Inc.,Telecommunications,Computer Communications Equipment,56627182.00046829,26602.883832,2026-10-08
FFR,FF EAI Robotics Ecosystem Inc.,Finance,Finance: Consumer Services,21108884.057971016,29.13026,2026-10-08
FG,F&G Annuities & Life Inc.,Finance,Life Insurance,130935208.97683398,2712.97753,2026-10-08
FGBI,First Guaranty Bancshares Inc.,Finance,Savings Institutions,16539094.0,140.582299,2026-10-08
FGBIP,First Guaranty Bancshares Inc. 6.75% Series A Fixed-Rate Non-Cumulative Perpetual Preferred Stock,Finance,Savings Institutions,16539093.976608185,282.818507,2026-10-08
FGC,FG Communities Holdings Inc.,Finance,Property-Casualty Insurers,4707614.942528736,32.765,2026-10-08
FGCPP,FG Communities Holdings Inc. 8.00% Cumulative Preferred Stock,Finance,Property-Casualty Insurers,4707615.008431704,111.664628,2026-10-08
FGI,FGI Industries Ltd.,Industrials,Industrial Specialties,1931271.0560625815,14.812849,2026-10-08
FGII,FG Imperii Acquisition Corp.,Finance,Blank Checks,0.0,0.0,2026-10-08
FGL,Founder Group Limited,Consumer Discretionary,Engineering & Construction,830695.1048951049,3.563682,2026-10-08
FGN,F&G Annuities & Life Inc. 7.950% Senior Notes due 2053,Finance,Life Insurance,126098548.00671424,3004.928399,2026-10-08
FGSN,F&G Annuities & Life Inc. 7.300% Junior Subordinated Notes due 2065,Finance,Life Insurance,0.0,0.0,2026-10-08
FHB,First Hawaiian Inc.,Finance,Major Banks,121681352.0,3042.0338,2026-10-08
FHI,Federated Hermes Inc.,Finance,Investment Managers,74660280.99363507,4222.785493,2026-10-08
FHN,First Horizon Corporation,Finance,Major Banks,473777158.01199657,11057.958868,2026-10-08
FHTX,Foghorn Therapeutics Inc.,Health Care,Biotechnology: Pharmaceutical Preparations,59385315.2284264,116.989071,2026-10-08
FIBK,First Interstate BancSystem Inc.,Finance,Major Banks,95304607.01013513,3385.219641,2026-10-08
FICO,Fair Isaac Corporation,Consumer Discretionary,Business Services,21597634.999856208,15020.291237,2026-10-08
FIEE,FiEE Inc,Utilities,Telecommunications Equipment,8528598.055555556,30.702953,2026-10-08
FIG,Figma Inc.,Technology,Computer Software: Prepackaged Software,533009866.9858641,11688.906383,2026-10-08
FIGR,Figure Technology Solutions Inc.,Finance,Finance: Consumer Services,224377871.99268737,6136.734799,2026-10-08
FIGS,FIGS Inc.,Consumer Discretionary,Apparel,166140241.9858156,2342.577412,2026-10-08
FIGX,FIGX Capital Acquisition Corp. Class A Ordinary Share,Finance,Blank Checks,0.0,0.0,2026-10-08
FINS,Angel Oak Financial Strategies Income Term Trust,Finance,Finance/Investors Services,25062637.95986622,299.74915,2026-10-08
FINV,FinVolution Group,Finance,Finance: Consumer Services,236094001.9933555,710.642946,2026-10-08
FINW,FinWise Bancorp,Finance,Major Banks,13882680.03679853,150.904732,2026-10-08
FIP,FTAI Infrastructure Inc.,Industrials,Railroads,118181737.07865168,315.545238,2026-10-08
FIRY,Firy Inc.,Technology,EDP Services,16622256.971153846,207.445767,2026-10-08
FIS,Fidelity National Information Services Inc.,Consumer Discretionary,Business Services,515705916.99581087,17234.891746,2026-10-08
FISI,Financial Institutions Inc.,Finance,Major Banks,19706360.00509165,774.065821,2026-10-08
FISN,Deep Fission Inc.,Utilities,Electric Utilities: Central,58905938.02559415,322.215481,2026-10-08
FISV,Fiserv Inc.,Consumer Discretionary,Business Services,531766720.998241,24184.750471,2026-10-08
FITB,Fifth Third Bancorp,Finance,Major Banks,906892564.0,46251.520764,2026-10-08
FIVE,Five Below Inc.,Consumer Discretionary,Department/Specialty Retail Stores,55054034.99904726,11556.943027,2026-10-08
FIVN,Five9 Inc.,Technology,EDP Services,74723531.00030039,2487.546347,2026-10-08
FIX,Comfort Systems USA Inc.,Industrials,Engineering & Construction,35194329.00008801,63981.882349,2026-10-08
FIZZ,National Beverage Corp.,Consumer Staples,Beverages (Production/Distribution),93615301.99866755,2810.331366,2026-10-08
FJDI,ARC Group Securities Acquisition I,,,0.0,0.0,2026-10-08
FJDIR,ARC Group Securities Acquisition I Rights,,,0.0,0.0,2026-10-08
FJDIU,ARC Group Securities Acquisition I Units,,,0.0,0.0,2026-10-08
FJET,Starfighters Space Inc.,Consumer Discretionary,Air Freight/Delivery Services,54996019.01840491,89.643511,2026-10-08
FKWL,Franklin Wireless Corp.,Utilities,Telecommunications Equipment,11784280.172413794,27.33953,2026-10-08
FLC,Flaherty & Crumrine Total Return Fund Inc,Finance,Trusts Except Educational Religious and Charitable,0.0,0.0,2026-10-08
FLD,Fold Holdings Inc.,Finance,Finance: Consumer Services,54869208.36965998,31.467491,2026-10-08
FLDDW,Fold Holdings Inc. Warrant,Finance,Finance: Consumer Services,54869205.23138833,5.453999,2026-10-08
FLEX,Flex Ltd.,Technology,Electrical Products,369460442.9971989,44845.108571,2026-10-08
FLG,Flagstar Bank N.A.,Finance,Banks,415092835.98615915,4798.473184,2026-10-08
FLGT,Fulgent Genetics Inc.,Health Care,Medical Specialities,27515293.002915453,566.26473,2026-10-08
FLL,Full House Resorts Inc.,Consumer Discretionary,Hotels/Resorts,36644480.14705882,49.836493,2026-10-08
FLNA,Filana Therapeutics Inc.,Health Care,Biotechnology: Pharmaceutical Preparations,48307895.759515375,42.264578,2026-10-08
FLNC,Fluence Energy Inc.,Miscellaneous,Industrial Machinery/Components,184596368.9912827,1482.308843,2026-10-08
FLNG,FLEX LNG Ltd.,Consumer Discretionary,Marine Transportation,54092376.003854804,1683.895665,2026-10-08
FLNT,Fluent Inc.,Consumer Discretionary,Advertising,31607086.142322097,84.39092,2026-10-08
FLO,Flowers Foods Inc.,Consumer Staples,Packaged Foods,212057417.94425085,1217.209579,2026-10-08
FLOC,Flowco Holdings Inc.,Consumer Discretionary,Oil and Gas Field Machinery,90353228.01724139,1676.955912,2026-10-08
FLR,Fluor Corporation,Industrials,Military/Government/Technical,133741067.0,6954.535484,2026-10-08
FLS,Flowserve Corporation,Industrials,Fluid Controls,127112779.99727297,9322.451285,2026-10-08
FLUT,Flutter Entertainment plc,Technology,Computer Software: Programming Data Processing,175181114.00655738,13357.559943,2026-10-08
FLUX,Flux Power Holdings Inc.,Miscellaneous,Industrial Machinery/Components,21621641.306553055,10.657307,2026-10-08
FLWS,1-800-FLOWERS.COM Inc.,Consumer Discretionary,Other Specialty Stores,64185096.13899614,166.239399,2026-10-08
FLX,BingEx Limited,Industrials,Trucking Freight/Courier Services,73129910.13513513,108.232267,2026-10-08
FLXS,Flexsteel Industries Inc.,Consumer Discretionary,Home Furnishings,4091740.9976084726,359.295777,2026-10-08
FLY,Firefly Aerospace Inc.,Industrials,Military/Government/Technical,167404644.9846693,3821.848045,2026-10-08
FLYE,Fly-E Group Inc.,Industrials,Aerospace,1632385.714285714,2.171073,2026-10-08
FLYW,Flywire Corporation Voting,Consumer Discretionary,Business Services,121667674.00494099,2216.176682,2026-10-08
FLYX,flyExclusive Inc.,Consumer Discretionary,Transportation Services,102081748.38709678,126.581368,2026-10-08
FMAC,Future Money Acquisition Corporation,Finance,Blank Checks,0.0,0.0,2026-10-08
FMAO,Farmers & Merchants Bancorp Inc.,Finance,Savings Institutions,13773161.997736275,486.743545,2026-10-08
FMBH,First Mid Bancshares Inc.,Finance,Major Banks,26601911.997576248,1317.060663,2026-10-08
FMC,FMC Corporation,Industrials,Major Chemicals,155552366.00221485,1404.637865,2026-10-08
FMFC,Kandal M Venture Limited,Consumer Discretionary,Apparel,19694941.25326371,3.017265,2026-10-08
FMN,Federated Hermes Premier Municipal Income Fund,Finance,Investment Managers,86254850.04995005,863.411049,2026-10-08
FMNB,Farmers National Banc Corp.,Finance,Major Banks,59247571.972431906,902.636759,2026-10-08
FMS,Fresenius Medical Care AG,Health Care,Misc Health and Biotechnology Services,558577769.9821588,12523.313603,2026-10-08
FMST,Foremost Clean Energy Ltd.,Basic Materials,Other Metals and Minerals,30084642.279708974,14.885881,2026-10-08
FMSTW,Foremost Clean Energy Ltd. Warrant,Basic Materials,Other Metals and Minerals,30084644.0,7.521161,2026-10-08
FMX,Fomento Economico Mexicano S.A.B. de C.V.,Consumer Staples,Beverages (Production/Distribution),340681468.00307745,39852.918127,2026-10-08
FMY,First Trust Mortgage Income Fund,Finance,Finance/Investors Services,0.0,0.0,2026-10-08
FN,Fabrinet,Utilities,Telecommunications Equipment,35834863.999509364,17528.982074,2026-10-08
FNB,F.N.B. Corporation,Finance,Major Banks,353000971.9907407,6099.856796,2026-10-08
FND,Floor & Decor Holdings Inc.,Consumer Discretionary,RETAIL: Building Materials,106489964.99148211,5000.768756,2026-10-08
FNF,Fidelity National Financial Inc.,Finance,Specialty Insurers,268192826.99590585,10480.975679,2026-10-08
FNGR,FingerMotion Inc.,Technology,Computer Software: Prepackaged Software,75204631.05477591,16.612703,2026-10-08
FNKO,Funko Inc.,Consumer Discretionary,Recreational Games/Products/Toys,55995765.957446806,342.13413,2026-10-08
FNLC,First Bancorp Inc  (ME),Finance,Major Banks,11282340.0,380.778975,2026-10-08
FNRN,First Northern Community Bancorp,Finance,Savings Institutions,16395303.002832862,289.377098,2026-10-08
FNUC,Frontier Nuclear and Minerals Inc.,Basic Materials,Other Metals and Minerals,35899045.68965518,41.642893,2026-10-08
FNV,Franco-Nevada Corporation,Basic Materials,Precious Metals,192873810.00081974,47057.352164,2026-10-08
FNWB,First Northwest Bancorp,Finance,Banks,9511615.036045313,92.357782,2026-10-08
FNWD,Finward Bancorp,Finance,Savings Institutions,4333001.990407674,180.686183,2026-10-08
FOA,Finance of America Companies Inc.,Finance,Finance: Consumer Services,17306889.99230177,224.816501,2026-10-08
FOCL,EDAP TMS S.A.,Health Care,Biotechnology: Electromedical & Electrotherapeutic Apparatus,45952950.11709602,196.219097,2026-10-08
FOF,Cohen & Steers Closed-End Opportunity Fund Inc.,Finance,Investment Managers,49138627.97427653,611.284532,2026-10-08
FOFO,Hang Feng Technology Innovation Co. Ltd.,Consumer Discretionary,Professional Services,7571078.217821782,15.293578,2026-10-08
FOIL,Londian Wason New Energy Tech Inc.,Industrials,Industrial Specialties,78158436.97478992,1302.11956,2026-10-08
FOR,Forestar Group Inc,Finance,Real Estate,51017626.98593691,1342.273766,2026-10-08
FORM,FormFactor Inc. FormFactor Inc.,Technology,Semiconductors,78120725.00353856,11038.458443,2026-10-08
FORR,Forrester Research Inc.,Industrials,Diversified Commercial Services,19039000.0,213.712775,2026-10-08
FORTY,Formula Systems (1985) Ltd.,Technology,EDP Services,15317667.002412291,1809.705768,2026-10-08
FOSL,Fossil Group Inc.,Consumer Discretionary,Consumer Specialties,59138051.983002834,417.514647,2026-10-08
FOUR,Shift4 Payments Inc.,Consumer Discretionary,Business Services,78960120.0,3039.96462,2026-10-08
FOX,Fox Corporation,Industrials,Broadcasting,421673622.0043181,23436.619911,2026-10-08
FOXA,Fox Corporation,Industrials,Broadcasting,421673622.003866,26177.498454,2026-10-08
FOXF,Fox Factory Holding Corp.,Consumer Discretionary,Motor Vehicles,42031000.97988654,814.981109,2026-10-08
FOXX,Foxx Development Holdings Inc.,Telecommunications,Computer Communications Equipment,7074907.2,17.687268,2026-10-08
FPF,First Trust Intermediate Duration Preferred & Income Fund,Finance,Trusts Except Educational Religious and Charitable,0.0,0.0,2026-10-08
FPH,Five Point Holdings LLC,Finance,Real Estate,147879664.10256413,692.076828,2026-10-08
FPI,Farmland Partners Inc.,Real Estate,Real Estate Investment Trusts,43630721.973929234,468.593954,2026-10-08
FPS,Forgent Power Solutions Inc.,Energy,Industrial Machinery/Components,304428888.9963724,12588.13456,2026-10-08
FR,First Industrial Realty Trust Inc.,Real Estate,Real Estate Investment Trusts,132572946.000675,7856.27278,2026-10-08
FRA,Blackrock Floating Rate Income Strategies Fund Inc,Finance,Investment Bankers/Brokers/Service,148762470.97396338,1542.666824,2026-10-08
FRAF,Franklin Financial Services Corporation,Finance,Major Banks,4499581.998426436,285.948436,2026-10-08
FRBA,First Bank,Finance,Major Banks,25134403.002832863,443.622213,2026-10-08
FRBT,Forbright Inc.,Finance,Major Banks,50764380.02213614,917.312347,2026-10-08
FRD,Friedman Industries Inc.,Industrials,Steel/Iron Ore,7212791.011235955,304.92074,2026-10-08
FRGT,Freight Technologies Inc.,Industrials,Integrated Freight & Logistics,572124.2236024844,0.184224,2026-10-08
FRHC,Freedom Holding Corp.,Finance,Investment Bankers/Brokers/Service,63787666.001380414,11090.123611,2026-10-08
FRME,First Merchants Corporation,Finance,Major Banks,62801422.98966473,2491.33245,2026-10-08
FRMEP,First Merchants Corporation Depository Shares,Finance,Major Banks,62801422.9948637,1589.504016,2026-10-08
FRMI,Fermi Inc.,Real Estate,Real Estate Investment Trusts,641259703.0732859,2712.528544,2026-10-08
FRMM,Forum Markets Incorporated,Finance,Finance: Consumer Services,13198948.041237114,64.014898,2026-10-08
FRNM,Freenome Inc.,Health Care,Medical Specialities,107446813.99755502,1757.829877,2026-10-08
FRO,Frontline Plc,Consumer Discretionary,Marine Transportation,222622889.00890657,11747.809853,2026-10-08
FROG,JFrog Ltd.,Technology,Computer Software: Prepackaged Software,123301311.00395899,12146.412147,2026-10-08
FRPH,FRP Holdings Inc.,Finance,Real Estate,19198300.98765432,388.765595,2026-10-08
FRPT,Freshpet Inc.,Consumer Staples,Packaged Foods,48058074.000318624,3016.605305,2026-10-08
FRSH,Freshworks Inc.,Technology,Computer Software: Prepackaged Software,260920772.02034885,3590.269823,2026-10-08
FRST,Primis Financial Corp.,Finance,Major Banks,24799072.02842377,383.889635,2026-10-08
FRSX,Foresight Autonomous Holdings Ltd.,Technology,Computer Software: Prepackaged Software,2980312.037037037,3.218737,2026-10-08
FRT,Federal Realty Investment Trust,Real Estate,Real Estate Investment Trusts,86889133.00376648,9227.625925,2026-10-08
FRTT,Fort Technology Inc.,Industrials,Agricultural Chemicals,15042582.368655387,11.824974,2026-10-08
FRVO,Fervo Energy Company,Utilities,Electric Utilities: Central,294763199.0230286,4223.956642,2026-10-08
FSBC,Five Star Bancorp,Finance,Major Banks,24536613.988919668,1062.926118,2026-10-08
FSBW,FS Bancorp Inc.,Finance,Banks,7862147.993652233,346.799348,2026-10-08
FSCO,FS Credit Opportunities Corp.,Finance,Trusts Except Educational Religious and Charitable,198355900.0,999.713736,2026-10-08
FSHP,Flag Ship Acquisition Corp.,,,0.0,0.0,2026-10-08
FSHPR,Flag Ship Acquisition Corp. Right,,,0.0,0.0,2026-10-08
FSI,Flexible Solutions International Inc.,Industrials,Major Chemicals,12772497.94628752,80.849912,2026-10-08
FSK,FS KKR Capital Corp.,Finance,Investment Managers,276340280.0185014,2987.238427,2026-10-08
FSLR,First Solar Inc.,Technology,Semiconductors,107469787.9977753,19323.067882,2026-10-08
FSLY,Fastly Inc.,Technology,Computer Software: Prepackaged Software,159300000.0,4063.743,2026-10-08
FSM,Fortuna Mining Corp.,Basic Materials,Precious Metals,304557387.0304115,3404.951587,2026-10-08
FSP,Franklin Street Properties Corp.,Real Estate,Real Estate Investment Trusts,104011709.45726357,32.004403,2026-10-08
FSS,Federal Signal Corporation,Industrials,Auto Manufacturing,61041611.00389369,7211.455924,2026-10-08
FSSL,FS Specialty Lending Fund,Finance,Finance/Investors Services,0.0,0.0,2026-10-08
FSTR,L.B. Foster Company,Industrials,Metal Fabrications,10519762.99168975,379.763444,2026-10-08
FSUN,FirstSun Capital Bancorp,Finance,Major Banks,46583973.00331718,1825.625902,2026-10-08
FSV,FirstService Corporation,Finance,Real Estate,43669770.002329014,5625.103074,2026-10-08
FT,Franklin Universal Trust,Finance,Trusts Except Educational Religious and Charitable,25131893.952180028,178.687766,2026-10-08
FTAI,FTAI Aviation Ltd.,Industrials,Misc Corporate Leasing Services,102707090.99977708,18429.760409,2026-10-08
FTAIM,FTAI Aviation Ltd. 9.500% Fixed-Rate Reset Series D Cumulative Perpetual Redeemable Preferred Shares,Industrials,Misc Corporate Leasing Services,102707091.0133136,2777.199741,2026-10-08
FTCI,FTC Solar Inc.,Technology,Semiconductors,16521395.939086294,32.54715,2026-10-08
FTDR,Frontdoor Inc.,Consumer Discretionary,Diversified Commercial Services,68893315.99593754,5426.726501,2026-10-08
FTEK,Fuel Tech Inc.,Industrials,Pollution Control Equipment,31216789.221556887,52.132038,2026-10-08
FTF,Franklin Limited Duration Income Trust,Finance,Finance/Investors Services,40405374.01869159,216.168751,2026-10-08
FTFT,Future FinTech Group Inc.,Consumer Discretionary,Business Services,9375000.0,31.828125,2026-10-08
FTH,Faeth Therapeutics Inc.,Health Care,Biotechnology: Pharmaceutical Preparations,25840424.990702864,694.849028,2026-10-08
FTHA,Forefront Tech Holdings Acquisition Corp,Finance,Blank Checks,0.0,0.0,2026-10-08
FTHM,Fathom Holdings Inc.,Finance,Real Estate,34207238.13786929,7.641897,2026-10-08
FTHY,First Trust High Yield Opportunities 2027 Term Fund,Finance,Investment Managers,36772989.00235663,468.12015,2026-10-08
FTI,TechnipFMC plc Ordinary Share,Consumer Discretionary,Oil and Gas Field Machinery,392164387.99542135,27408.369077,2026-10-08
FTK,Flotek Industries Inc.,Industrials,Major Chemicals,36220428.99566233,1085.526257,2026-10-08
FTLF,FitLife Brands Inc.,Health Care, Medicinal Chemicals and Botanical Products ,9391071.951219512,84.707469,2026-10-08
FTNT,Fortinet Inc.,Technology,Computer peripheral equipment,733713652.9983792,140337.410409,2026-10-08
FTRA,FutureCorp Space Acquisition 1,,,0.0,0.0,2026-10-08
FTRE,Fortrea Holdings Inc.,Health Care,Medical Specialities,95100000.0,1976.178,2026-10-08
FTS,Fortis Inc.,Utilities,Electric Utilities: Central,510900000.0,27047.046,2026-10-08
FTV,Fortive Corporation,Industrials,Industrial Machinery/Components,302017051.99516326,17483.76714,2026-10-08
FTW,Presidio Production Company,Energy,Oil & Gas Production,31499236.960985627,306.802568,2026-10-08
FUBO,FuboTV Inc.,Consumer Discretionary,Movies/Entertainment,109196795.01698755,964.2077,2026-10-08
FUFU,BitFuFu Inc.,Finance,Finance: Consumer Services,166653597.88732395,236.648109,2026-10-08
FUL,H. B. Fuller Company,Industrials,Home Furnishings,53829119.00059253,2725.368295,2026-10-08
FULC,Fulcrum Therapeutics Inc.,Health Care,Biotechnology: Pharmaceutical Preparations,76297256.9105691,281.536878,2026-10-08
FULT,Fulton Financial Corporation,Finance,Major Banks,190914562.99107143,4276.486211,2026-10-08
FULTP,Fulton Financial Corporation,Finance,Major Banks,190914563.0131494,3285.620538,2026-10-08
FUN,Six Flags Entertainment Corporation,Consumer Discretionary,Services-Misc. Amusement & Recreation,102316312.00331126,1235.981049,2026-10-08
FUNC,First United Corporation,Finance,Major Banks,6453835.99908341,281.645403,2026-10-08
FUND,Sprott Focus Trust Inc.,Finance,Investment Managers,29633557.011258956,289.519852,2026-10-08
FURY,Fury Gold Mines Limited,Basic Materials,Precious Metals,190132194.01810312,96.625181,2026-10-08
FUSB,First US Bancshares Inc.,Finance,Major Banks,5504709.018404908,89.726757,2026-10-08
FUSE,Fusemachines Inc.,Technology,EDP Services,28985301.339285713,12.985415,2026-10-08
FUSEW,Fusemachines Inc. Warrants,Technology,EDP Services,28985312.5,0.742024,2026-10-08
FUTU,Futu Holdings Limited,Finance,Investment Bankers/Brokers/Service,140167627.00291494,15868.377053,2026-10-08
FVAV,Fortress Value Acquisition Corp. V,,,0.0,0.0,2026-10-08
FVCB,FVCBankcorp Inc.,Finance,Major Banks,18034205.0,317.402008,2026-10-08
FVN,Future Vision II Acquisition Corporation,,,0.0,0.0,2026-10-08
FVNNR,Future Vision II Acquisition Corporation Right,Finance,Blank Checks,0.0,0.0,2026-10-08
FVNNU,Future Vision II Acquisition Corporation Units,,,0.0,0.0,2026-10-08
FVR,FrontView REIT Inc.,Real Estate,Real Estate Investment Trusts,24455953.01645338,401.322189,2026-10-08
FVRR,Fiverr International Ltd.,Consumer Discretionary,Business Services,35950727.9811098,304.502666,2026-10-08
FWAC,Futurewave Acquisition Corporation,Finance,Blank Checks,0.0,0.0,2026-10-08
FWACR,Futurewave Acquisition Corporation Rights,Finance,Blank Checks,0.0,0.0,2026-10-08
FWACW,Futurewave Acquisition Corporation Warrants,Finance,Blank Checks,0.0,0.0,2026-10-08
FWDI,Forward Industries Inc.,Finance,Finance: Consumer Services,76288214.98771498,620.98607,2026-10-08
FWONA,Liberty Media Corporation Series A,Industrials,Broadcasting,250708484.99943006,21994.655389,2026-10-08
FWONK,Liberty Media Corporation Series C,Industrials,Broadcasting,250708485.00104666,23952.688657,2026-10-08
FWRD,Forward Air Corporation,Industrials,Integrated Freight & Logistics,33780861.99213631,515.495954,2026-10-08
FWRG,First Watch Restaurant Group Inc.,Consumer Discretionary,Restaurants,61712434.96701226,654.768935,2026-10-08
FXAC,FortuneX Acquisition Corporation,Finance,Blank Checks,0.0,0.0,2026-10-08
FXACU,FortuneX Acquisition Corporation Units,Finance,Blank Checks,0.0,0.0,2026-10-08
FXHO,UTime Limited,Technology,Consumer Electronics/Appliances,28276330.974264704,307.646481,2026-10-08
FXNC,First National Corporation,Finance,Major Banks,9042628.985024959,271.731001,2026-10-08
G,Genpact Limited,Consumer Discretionary,Professional Services,167227006.0089686,5593.743351,2026-10-08
GAB,Gabelli Equity Trust Inc. (The),Finance,Investment Managers,293817213.09297913,1548.416713,2026-10-08
GABC,German American Bancorp Inc.,Finance,Major Banks,37578807.99021606,1843.61632,2026-10-08
GAIA,Gaia Inc.,Consumer Discretionary,Movies/Entertainment,25425792.90780142,35.850368,2026-10-08
GAIN,Gladstone Investment Corporation Business Development Company,Finance,Finance: Consumer Services,39821967.01298701,613.258292,2026-10-08
GAING,Gladstone Investment Corporation 7.125% Notes due 2031,Finance,Finance: Consumer Services,0.0,0.0,2026-10-08
GAINI,Gladstone Investment Corporation 7.875% Notes due 2030,Finance,Finance: Consumer Services,0.0,0.0,2026-10-08
GAINZ,Gladstone Investment Corporation 4.875% Notes due 2028,Finance,Finance: Consumer Services,38219230.0,924.905366,2026-10-08
GALT,Galectin Therapeutics Inc.,Health Care,Biotechnology: Pharmaceutical Preparations,101047143.88297872,379.937261,2026-10-08
GAM,General American Investors Inc.,Finance,Investment Managers,23975610.006205402,1545.467821,2026-10-08
GAME,GameSquare Holdings Inc.,Consumer Discretionary,Services-Misc. Amusement & Recreation,13064321.843003413,38.278463,2026-10-08
GANX,Gain Therapeutics Inc.,Health Care,Biotechnology: Pharmaceutical Preparations,43643619.161676645,72.884844,2026-10-08
GAP,Gap Inc. (The),Consumer Discretionary,Clothing/Shoe/Accessory Stores,351270136.99033207,8356.716559,2026-10-08
GASS,StealthGas Inc.,Consumer Discretionary,Marine Transportation,37185686.01321586,337.646029,2026-10-08
GATX,GATX Corporation,Consumer Discretionary,Transportation Services,35300000.0,6032.064,2026-10-08
GAU,Galiano Gold Inc.,Industrials,Mining & Quarrying of Nonmetallic Minerals (No Fuels),261591764.0776699,538.879034,2026-10-08
GAUZ,Gauzy Ltd.,Miscellaneous,Industrial Machinery/Components,1149381.974248927,5.35612,2026-10-08
GBAB,Guggenheim Taxable Municipal Bond & Investment Grade Debt Trust,Finance,Investment Managers,22396904.97193264,279.289405,2026-10-08
GBCI,Glacier Bancorp Inc.,Finance,Major Banks,130211953.00596604,5674.636912,2026-10-08
GBDC,Golub Capital BDC Inc.,Finance,Finance: Consumer Services,259651589.0073831,3165.15287,2026-10-08
GBFH,GBank Financial Holdings Inc.,Finance,Major Banks,14516456.988942442,255.997719,2026-10-08
GBLI,Global Indemnity Group LLC,Finance,Property-Casualty Insurers,14640613.982521847,351.813954,2026-10-08
GBR,New Concept Energy Inc,Energy,Oil & Gas Production,7131934.2465753425,5.206312,2026-10-08
GBX,Greenbrier Companies Inc. (The),Industrials,Railroads,30939686.006485406,1240.372012,2026-10-08
GCBC,Greene County Bancorp Inc.,Finance,Banks,17025484.986907188,585.165919,2026-10-08
GCDT,Green Circle Decarbonize Technology Limited,Industrials,Industrial Machinery/Components,13551204.25531915,3.184533,2026-10-08
GCGR,General Catalyst Global Resilience Merger Corp.,,,0.0,0.0,2026-10-08
GCL,GCL Global Holdings Ltd,Technology,Computer Software: Prepackaged Software,130135432.03573708,101.961111,2026-10-08
GCLWW,GCL Global Holdings Ltd Warrants,Technology,Computer Software: Prepackaged Software,130135433.33333334,3.904063,2026-10-08
GCMG,GCM Grosvenor Inc.,Finance,Investment Managers,202792100.0,2672.799878,2026-10-08
GCO,Genesco Inc.,Consumer Discretionary,Clothing/Shoe/Accessory Stores,10820151.992252352,391.040293,2026-10-08
GCT,GigaCloud Technology Inc,Consumer Discretionary,Catalog/Specialty Distribution,35710236.99780862,1955.492578,2026-10-08
GCTK,GlucoTrack Inc.,Health Care,Medical/Dental Instruments,848629.2035398231,0.958951,2026-10-08
GCTS,GCT Semiconductor Holding Inc.,Technology,Semiconductors,91969725.94339623,194.975819,2026-10-08
GCV,Gabelli Convertible and Income Securities Fund Inc. (The),Finance,Finance/Investors Services,19040029.055690072,78.63532,2026-10-08
GD,General Dynamics Corporation,Industrials,Marine Transportation,270557194.9989437,89643.715419,2026-10-08
GDC,GD Culture Group Limited,Industrials,Steel/Iron Ore,4162499.9999999995,5.661,2026-10-08
GDDY,GoDaddy Inc.,Technology,EDP Services,126647704.00285189,12434.271579,2026-10-08
GDEV,GDEV Inc.,Technology,EDP Services,18150489.023336213,210.001158,2026-10-08
GDHG,Golden Heaven Group Holdings Ltd.,Consumer Discretionary,Services-Misc. Amusement & Recreation,65490900.0,77.279262,2026-10-08
GDL,GDL Fund The,Finance,Investment Managers,0.0,0.0,2026-10-08
GDO,Western Asset Global Corporate Opportunity Fund Inc.,Finance,Finance Companies,0.0,0.0,2026-10-08
GDOT,Green Dot Corporation,Finance,Finance: Consumer Services,56985179.03225806,706.61622,2026-10-08
GDRX,GoodRx Holdings Inc.,Technology,EDP Services,341145388.0733945,1115.545419,2026-10-08
GDS,GDS Holdings Limited,Technology,Computer Software: Programming Data Processing,200377612.9874315,6217.717331,2026-10-08
GDTC,CytoMed Therapeutics Limited,Health Care,Biotechnology: Pharmaceutical Preparations,11828435.147343514,10.998079,2026-10-08
GDV,Gabelli Dividend & Income Trust,Finance,Investment Managers,90188491.00807868,2567.666339,2026-10-08
GDYN,Grid Dynamics Holdings Inc.,Technology,Computer Software: Prepackaged Software,81126880.94629155,634.412209,2026-10-08
GE,GE Aerospace,Technology,Consumer Electronics/Appliances,1037562512.9997737,321011.465897,2026-10-08
GECC,Great Elm Capital Corp.,Finance,Finance: Consumer Services,13889750.0998004,69.587648,2026-10-08
GECCG,Great Elm Capital Corp. 7.75% Notes Due 2030,Finance,Finance: Consumer Services,0.0,0.0,2026-10-08
GECCH,Great Elm Capital Corp. 8.125% Notes Due 2029,,,0.0,0.0,2026-10-08
GECCI,Great Elm Capital Corp. 8.50% NOTES DUE 2029,Finance,Finance Companies,0.0,0.0,2026-10-08
GEF,Greif Inc.,,,46168320.99588078,3810.733215,2026-10-08
GEG,Great Elm Group Inc.,Technology,Computer Software: Prepackaged Software,31094889.814814813,67.164962,2026-10-08
GEGGL,Great Elm Group Inc.  7.25% Notes due 2027,Technology,Computer Software: Prepackaged Software,28996787.01382712,717.20653,2026-10-08
GEHC,GE HealthCare Technologies Inc.,Health Care,Medical Electronics,451686251.99938244,29255.718542,2026-10-08
GEL,Genesis Energy L.P. Common Units,Energy,Oil Refining/Marketing,122174321.00840336,1744.649304,2026-10-08
GELS,Gelteq Limited,Health Care,Biotechnology: Pharmaceutical Preparations,10711059.168535449,6.209201,2026-10-08
GEMI,Gemini Space Station Inc.,Finance,Finance: Consumer Services,129652201.92719486,605.475783,2026-10-08
GEN,Gen Digital Inc.,Technology,Computer Software: Prepackaged Software,598587032.0175438,13647.78433,2026-10-08
GENB,Generate Biomedicines Inc.,Health Care,Biotechnology: Pharmaceutical Preparations,128352436.01449275,1771.263617,2026-10-08
GENC,Gencor Industries Inc.,Industrials,Construction/Ag Equipment/Trucks,14657701.984564498,265.890714,2026-10-08
GENI,Genius Sports Limited,Consumer Discretionary,Services-Misc. Amusement & Recreation,267626957.073955,1664.639673,2026-10-08
GENK,GEN Restaurant Group Inc.,Consumer Discretionary,Restaurants,34898945.22292993,54.791344,2026-10-08
GENVR,Gen Digital Inc. Contingent Value Rights,Technology,Computer Software: Prepackaged Software,598587031.6831683,604.572902,2026-10-08
GEO,Geo Group Inc (The) REIT,Consumer Discretionary,Homebuilding,131619584.001336,3940.690345,2026-10-08
GEOS,Geospace Technologies Corporation,Industrials,Industrial Machinery/Components,12935602.985074626,60.667978,2026-10-08
GERN,Geron Corporation,Health Care,Biotechnology: Pharmaceutical Preparations,642473409.0909091,777.392825,2026-10-08
GEV,GE Vernova Inc.,Technology,Consumer Electronics/Appliances,266333580.99999028,274113.184901,2026-10-08
GEVO,Gevo Inc.,Industrials,Major Chemicals,247237103.90625,316.463493,2026-10-08
GF,New Germany Fund Inc. (The),Finance,Investment Managers,0.0,0.0,2026-10-08
GFAI,Guardforce AI Co. Limited,Consumer Discretionary,Diversified Commercial Services,31393337.330135893,7.854613,2026-10-08
GFF,Griffon Corporation,Industrials,Building Products,45294715.99830706,4280.803609,2026-10-08
GFI,Gold Fields Limited,Basic Materials,Precious Metals,895024247.0002764,32373.027014,2026-10-08
GFL,GFL Environmental Inc.,Utilities,Environmental Services,449080359.00752586,19094.896865,2026-10-08
GFR,Greenfire Resources Ltd.,Energy,Oil & Gas Production,240413691.9484702,1492.969027,2026-10-08
GFS,GlobalFoundries Inc.,Technology,Semiconductors,557418603.002262,27107.266664,2026-10-08
GFUZ,General Fusion Group Ltd.,Utilities,Electric Utilities: Central,63548721.00396301,481.063818,2026-10-08
GFUZW,General Fusion Group Ltd. Warrant,Utilities,Electric Utilities: Central,63548721.333333336,95.323082,2026-10-08
GGAL,Grupo Financiero Galicia S.A.,Finance,Commercial Banks,160625372.99633315,6132.676741,2026-10-08
GGB,Gerdau S.A.,Industrials,Steel/Iron Ore,1978018049.0234375,10127.452411,2026-10-08
GGG,Graco Inc.,Industrials,Fluid Controls,161953823.99543667,12776.537175,2026-10-08
GGN,GAMCO Global Gold Natural Resources & Income Trust,Finance,Finance/Investors Services,0.0,0.0,2026-10-08
GGR,Gogoro Inc.,Industrials,Auto Manufacturing,20615516.92789969,65.763499,2026-10-08
GGROW,Gogoro Inc. Warrant,Industrials,Auto Manufacturing,20615573.7704918,0.125755,2026-10-08
GGT,Gabelli Multi-Media Trust Inc. (The),Finance,Trusts Except Educational Religious and Charitable,27535751.0,110.143004,2026-10-08
GGZ,Gabelli Global Small and Mid Cap Value Trust (The),Finance,Investment Managers,8871966.971877044,135.652375,2026-10-08
GH,Guardant Health Inc.,Health Care,Medical Specialities,134196169.99824242,22905.944257,2026-10-08
GHC,Graham Holdings Company,Real Estate,Other Consumer Services,4234928.000207312,4902.649098,2026-10-08
GHG,GreenTree Hospitality Group Ltd.,Consumer Discretionary,Hotels/Resorts,100897325.0,96.861432,2026-10-08
GHI,Greystone Housing Impact Investors LP Beneficial Unit Certificates representing assignments of limited partnership interests,Finance,Finance: Consumer Services,23562509.94263862,123.231927,2026-10-08
GHM,Graham Corporation,Industrials,Industrial Machinery/Components,11737032.997281378,1036.145273,2026-10-08
GHRS,GH Research PLC,Health Care,Biotechnology: Pharmaceutical Preparations,68557173.97769517,1475.350384,2026-10-08
GHXI,Gores Holdings XI Inc.,,,0.0,0.0,2026-10-08
GHXIU,Gores Holdings XI Inc. Units,,,0.0,0.0,2026-10-08
GHY,PGIM Global High Yield Fund Inc.,Finance,Trusts Except Educational Religious and Charitable,0.0,0.0,2026-10-08
GIB,CGI Inc.,Consumer Discretionary,Professional Services,231888381.00574714,16139.431318,2026-10-08
GIBO,GIBO Holdings Limited,Technology,Computer Software: Prepackaged Software,2604704.99549955,115.75309,2026-10-08
GIBOW,GIBO Holdings Limited Warrants,Technology,Computer Software: Prepackaged Software,2604732.1428571427,0.029173,2026-10-08
GIC,Global Industrial Company,Industrials,Industrial Machinery/Components,38108340.99907919,1655.426333,2026-10-08
GIFT,Giftify Inc.,Consumer Discretionary,Catalog/Specialty Distribution,35425175.80645161,21.963609,2026-10-08
GIGM,GigaMedia Limited,Technology,Computer Software: Programming Data Processing,11052234.782608697,15.252084,2026-10-08
GIII,G-III Apparel Group LTD.,Consumer Discretionary,Apparel,42876507.991038084,1148.232884,2026-10-08
GIL,Gildan Activewear Inc. Class A Sub. Vot.,Consumer Discretionary,Apparel,185191848.0105465,7726.203899,2026-10-08
GILD,Gilead Sciences Inc.,Health Care,Biotechnology: Biological Products (No Diagnostic Substances),1239955155.0024269,178838.732006,2026-10-08
GILT,Gilat Satellite Networks Ltd.,Technology,Radio And Television Broadcasting And Communications Equipment,75470948.04772234,695.842141,2026-10-08
GIPR,Generation Income Properties Inc.,Real Estate,Real Estate Investment Trusts,7112498.686284814,2.707017,2026-10-08
GIS,General Mills Inc.,Consumer Staples,Packaged Foods,534687144.00248605,17206.232294,2026-10-08
GITS,Global Interactive Technologies Inc.,Technology,Computer Software: Programming Data Processing,4203104.022988506,7.313401,2026-10-08
GIW,GigCapital8 Corp.,Finance,Blank Checks,0.0,0.0,2026-10-08
GIWWR,GigCapital8 Corp. Rights,,,0.0,0.0,2026-10-08
GIX,GigCapital9 Corp. Class A Ordinary Share,Finance,Blank Checks,0.0,0.0,2026-10-08
GIXI,Gix Internet Ltd.,Technology,Computer Software: Prepackaged Software,2492350.9826589595,10.779418,2026-10-08
GJH,Synthetic Fixed-Income Securities Inc 6.375% (STRATS) Cl A-1,Finance,Finance: Consumer Services,0.0,0.0,2026-10-08
GJO,Synthetic Fixed-Income Securities Inc. on behalf of STRATS(SM) Trust for Wal-Mart Stores Inc. Securities Series 2004-5,Finance,Finance: Consumer Services,0.0,0.0,2026-10-08
GJS,Goldman Sachs Group Securities STRATS Trust for Goldman Sachs Group Securities Series 2006-2,Finance,Finance: Consumer Services,312039032.988357,7236.185175,2026-10-08
GKOS,Glaukos Corporation,Health Care,Medical/Dental Instruments,58983937.001052044,9531.21438,2026-10-08
GL,Globe Life Inc.,Finance,Life Insurance,76849446.99903777,12778.526047,2026-10-08
GLAD,Gladstone Capital Corporation,Consumer Discretionary,Textiles,22593069.018567637,425.879351,2026-10-08
GLAS,Glass House Brands Inc.,Health Care, Medicinal Chemicals and Botanical Products ,87997983.91472869,454.069597,2026-10-08
GLBE,Global-E Online Ltd.,Technology,Computer Software: Prepackaged Software,167568288.0103359,6484.892746,2026-10-08
GLBS,Globus Maritime Limited,Consumer Discretionary,Marine Transportation,21582300.923076924,70.142478,2026-10-08
GLDG,GoldMining Inc.,Basic Materials,Precious Metals,214106197.98024637,192.931095,2026-10-08
GLE,Global Engine Group Holding Limited,Technology,EDP Services,18300000.0,7.48653,2026-10-08
GLED,GalaxyEdge Acquisition Corporation,Finance,Blank Checks,0.0,0.0,2026-10-08
GLIBA,Liberty Capital Corporation Series A GCI Group,Telecommunications,Cable & Other Pay Television Services,39904993.99577168,943.753108,2026-10-08
GLIBK,Liberty Capital Corporation Series C GCI Group,Telecommunications,Cable & Other Pay Television Services,39904994.01601348,946.945508,2026-10-08
GLND,Greenland Energy Company,Energy,Oil & Gas Production,43730194.0,131.190582,2026-10-08
GLNDW,Greenland Energy Company Warrant,Energy,Oil & Gas Production,43730193.38490264,32.788899,2026-10-08
GLNG,Golar Lng Ltd,Consumer Discretionary,Marine Transportation,101589267.99920048,5082.511078,2026-10-08
GLO,Clough Global Opportunities Fund,Finance,Finance/Investors Services,0.0,0.0,2026-10-08
GLOB,Globant S.A.,Technology,EDP Services,43179555.98987626,1535.465011,2026-10-08
GLOO,Gloo Holdings Inc.,Technology,EDP Services,91531041.10275689,365.208854,2026-10-08
GLP,Global Partners LP Common Units representing Limited Partner Interests,Energy,Oil Refining/Marketing,33995563.00420168,1618.188799,2026-10-08
GLPI,Gaming and Leisure Properties Inc.,Real Estate,Real Estate Investment Trusts,290920042.9884454,11078.235237,2026-10-08
GLQ,Clough Global Equity Fund Clough Global Equity Fund,Finance,Finance/Investors Services,0.0,0.0,2026-10-08
GLRE,Greenlight Capital Re Ltd.,Finance,Property-Casualty Insurers,32641344.027303755,478.19569,2026-10-08
GLSI,Greenwich LifeSciences Inc.,Health Care,Biotechnology: Pharmaceutical Preparations,14678207.97973401,231.768904,2026-10-08
GLU,Gabelli Global Utility,Finance,Finance/Investors Services,5968911.010728402,105.709414,2026-10-08
GLUE,Monte Rosa Therapeutics Inc.,Health Care,Biotechnology: Biological Products (No Diagnostic Substances),85313401.01317123,842.043268,2026-10-08
GLV,Clough Global Dividend and Income Fund,Finance,Finance/Investors Services,12709582.975064488,73.906225,2026-10-08
GLW,Corning Incorporated,Industrials,Telecommunications Equipment,861388330.9995857,145548.786289,2026-10-08
GLXG,Galaxy Payroll Group Limited,Industrials,Diversified Commercial Services,5961514.5081387125,5.896534,2026-10-08
GLXY,Galaxy Digital Inc.,Finance,Investment Bankers/Brokers/Service,390889090.0225734,8658.193344,2026-10-08
GM,General Motors Company,Industrials,Auto Manufacturing,877451540.9950006,71959.800877,2026-10-08
GMAB,Genmab A/S,Health Care,Biotechnology: Pharmaceutical Preparations,128476816.00529101,4856.423645,2026-10-08
GME,GameStop Corporation,Consumer Discretionary,Electronics Distribution,504500989.9838449,12491.444512,2026-10-08
GMED,Globus Medical Inc.,Health Care,Medical/Dental Instruments,134261913.9997383,10261.638087,2026-10-08
GMEX,GMEX ROBOTICS CORPORATION,Consumer Discretionary,Recreational Games/Products/Toys,752526.8939393939,1.986671,2026-10-08
GMHS,Gamehaus Holdings Inc.,Technology,EDP Services,56801149.61679441,34.09205,2026-10-08
GMM,Global Mofy AI Limited,Technology,Computer Software: Programming Data Processing,9751006.857142856,17.064262,2026-10-08
GMRS,GMR Solutions Inc.,Consumer Discretionary,Transportation Services,54021710.98039216,551.021452,2026-10-08
GMTL,Guardian Metal Resources PLC,Basic Materials,Metal Mining,39759402.058111385,328.412661,2026-10-08
GNE,Genie Energy Ltd.,Utilities,Power Generation,26319623.020706452,432.16821,2026-10-08
GNK,Genco Shipping & Trading Limited,Consumer Discretionary,Marine Transportation,43586604.98533724,1189.042584,2026-10-08
GNL,Global Net Lease Inc.,Real Estate,Real Estate Investment Trusts,231317857.002457,1882.927356,2026-10-08
GNLN,Greenlane Holdings Inc.,Consumer Discretionary,Durable Goods,694544.0514469454,2.160032,2026-10-08
GNLX,Genelux Corporation,Health Care,Biotechnology: Pharmaceutical Preparations,45245335.039370075,114.923151,2026-10-08
GNPX,Genprex Inc.,Health Care,Biotechnology: Pharmaceutical Preparations,819708.8122605365,2.13944,2026-10-08
GNRC,Generac Holdlings Inc.,Consumer Discretionary,Metal Fabrications,59006361.00080494,13195.002447,2026-10-08
GNS,Genius Group Limited,Technology,Computer Software: Prepackaged Software,191947504.89875898,29.387163,2026-10-08
GNSS,Genasys Inc.,Consumer Staples,Consumer Electronics/Appliances,45542009.027777776,65.580493,2026-10-08
GNT,GAMCO Natural Resources Gold & Income Trust,Finance,Finance/Investors Services,18475438.94736842,157.965003,2026-10-08
GNTA,Genenta Science S.p.A.,Health Care,Biotechnology: Biological Products (No Diagnostic Substances),48216857.54547784,37.638079,2026-10-08
GNTX,Gentex Corporation,Consumer Discretionary,Auto Parts:O.E.M.,210683330.9976798,4540.225783,2026-10-08
GNW,Genworth Financial Inc,Finance,Life Insurance,377851036.9678089,3638.705486,2026-10-08
GO,Grocery Outlet Holding Corp.,Consumer Staples,Food Chains,99084492.02453987,1130.554054,2026-10-08
GOAI,Eva Live Inc.,Technology,Computer Software: Programming Data Processing,39994140.0,71.989452,2026-10-08
GOF,Guggenheim Strategic Opportunities Fund,Finance,Finance/Investors Services,0.0,0.0,2026-10-08
GOGO,Gogo Inc.,Consumer Discretionary,Telecommunications Equipment,135507862.17391306,311.668083,2026-10-08
GOLD,Gold.com Inc.,Industrials,Other Specialty Stores,29096450.998316094,1209.539468,2026-10-08
GOLF,Acushnet Holdings Corp.,Consumer Discretionary,Recreational Games/Products/Toys,58405043.997107044,4845.28245,2026-10-08
GOOD,Gladstone Commercial Corporation Real Estate Investment Trust,Real Estate,Real Estate,48407501.02281667,615.259338,2026-10-08
GOODN,Gladstone Commercial Corporation 6.625% Series E Cumulative Redeemable Preferred Stock,Real Estate,Real Estate,48407501.00613497,986.302833,2026-10-08
GOODO,Gladstone Commercial Corporation 6.00% Series G Cumulative Redeemable Preferred Stock par value $0.001 per share,Real Estate,Real Estate,48407500.98199673,887.309493,2026-10-08
GOOG,Alphabet Inc. Class C Capital Stock,Technology,Computer Software: Programming Data Processing,12230000000.0,4214335.7,2026-10-08
GOOGL,Alphabet Inc.,Technology,Computer Software: Programming Data Processing,12230000000.0,4252126.4,2026-10-08
GOOGM,Alphabet Inc.,Technology,Computer Software: Programming Data Processing,12230000000.0,603061.3,2026-10-08
GOOGN,Alphabet Inc.,Technology,Computer Software: Programming Data Processing,12230000000.0,600126.1,2026-10-08
GOOS,Canada Goose Holdings Inc.,Consumer Discretionary,Apparel,97661700.0,746.135388,2026-10-08
GORO,Goldgroup Mining Inc.,Basic Materials,Precious Metals,169026945.10385755,569.620805,2026-10-08
GOSS,Gossamer Bio Inc.,Health Care,Biotechnology: Pharmaceutical Preparations,6116391.001855288,65.934695,2026-10-08
GOTU,Gaotu Techedu Inc.,Real Estate,Other Consumer Services,238441841.8604651,615.179952,2026-10-08
GOVX,GeoVax Labs Inc.,Health Care,Biotechnology: Pharmaceutical Preparations,10102870.017331023,2.914678,2026-10-08
GOW,GOWell Energy Technology,Consumer Discretionary,Oil and Gas Field Machinery,46740180.04987531,187.428122,2026-10-08
GP,GreenPower Motor Company Inc.,Consumer Discretionary,Construction/Ag Equipment/Trucks,10503545.951575112,4.034412,2026-10-08
GPAC,General Purpose Acquisition Corp.,,,0.0,0.0,2026-10-08
GPAT,GP-Act III Acquisition Corp. Class A Ordinary Share,,,0.0,0.0,2026-10-08
GPATW,GP-Act III Acquisition Corp. Warrants,,,0.0,0.0,2026-10-08
GPC,Genuine Parts Company,Consumer Discretionary,Automotive Aftermarket,137859757.99968597,17560.575974,2026-10-08
GPCR,Structure Therapeutics Inc.,Health Care,Biotechnology: Pharmaceutical Preparations,71309857.00764471,1958.881772,2026-10-08
GPGI,GPGI Inc.,Finance,Finance: Consumer Services,289890082.0045558,3817.85238,2026-10-08
GPI,Group 1 Automotive Inc.,Consumer Discretionary,Retail-Auto Dealers and Gas Stations,11922225.0,2825.090436,2026-10-08
GPJA,Georgia Power Company Series 2017A 5.00% Junior Subordinated Notes due October 1 2077,Utilities,Electric Utilities: Central,9261500.0,175.134965,2026-10-08
GPK,Graphic Packaging Holding Company,Consumer Discretionary,Containers/Packaging,296071573.0545877,2549.176244,2026-10-08
GPMT,Granite Point Mortgage Trust Inc.,Real Estate,Real Estate Investment Trusts,4819816.97368421,36.630609,2026-10-08
GPN,Global Payments Inc.,Consumer Discretionary,Business Services,264618389.99877733,21643.138118,2026-10-08
GPOR,Gulfport Energy Corporation,Energy,Oil & Gas Production,17683866.00099231,2851.346554,2026-10-08
GPRE,Green Plains Inc.,Industrials,Major Chemicals,70095327.96833773,1062.645172,2026-10-08
GPRK,Geopark Ltd,Energy,Oil & Gas Production,64895752.97202797,742.407414,2026-10-08
GPRO,GoPro Inc.,Consumer Discretionary,Industrial Machinery/Components,206356363.63636363,272.3904,2026-10-08
GPUS,Hyperscale Data Inc.,Technology,Industrial Machinery/Components,176957129.6296296,28.667055,2026-10-08
GRAB,Grab Holdings Limited,Consumer Discretionary,Business Services,4100481783.0618896,12588.479074,2026-10-08
GRABW,Grab Holdings Limited Warrant,Consumer Discretionary,Business Services,4100481803.2786884,100.051756,2026-10-08
GRAL,GRAIL Inc.,Health Care,Medical Specialities,44666234.003496505,6131.780604,2026-10-08
GRAN,Grande Group Limited,Finance,Finance: Consumer Services,24906250.476190474,26.151563,2026-10-08
GRBK,Green Brick Partners Inc.,Consumer Discretionary,Homebuilding,43010696.0,2881.716632,2026-10-08
GRC,Gorman-Rupp Company (The),Industrials,Fluid Controls,26410242.994042993,2039.398964,2026-10-08
GRCE,Grace Therapeutics Inc.,Health Care,Biotechnology: Pharmaceutical Preparations,21035929.782082327,43.439195,2026-10-08
GRDN,Guardian Pharmacy Services Inc.,Consumer Staples,Retail-Drug Stores and Proprietary Stores,63342304.004854366,2609.702925,2026-10-08
GRDX,GridAI Technologies Corp.,Health Care,Biotechnology: Pharmaceutical Preparations,7131123.021582734,29.736783,2026-10-08
GREEL,Vulcan Infrastructure and Power Inc. 8.50% Senior Notes due 2026,Finance,Finance: Consumer Services,15673416.99526814,397.477855,2026-10-08
GRF,Eagle Capital Growth Fund Inc.,Finance,Finance/Investors Services,0.0,0.0,2026-10-08
GRFS,Grifols S.A.,Health Care,Biotechnology: Pharmaceutical Preparations,687554907.9787234,5170.412908,2026-10-08
GRI,GRI Bio Inc.,Health Care,Biotechnology: Pharmaceutical Preparations,2186115.263157895,4.153619,2026-10-08
GRML,Greenland Mines Ltd.,Health Care,Biotechnology: Biological Products (No Diagnostic Substances),13347131.97492163,85.154702,2026-10-08
GRMLW,Greenland Mines Ltd Warrant,Health Care,Biotechnology: Biological Products (No Diagnostic Substances),13347132.0,6.673566,2026-10-08
GRMN,Garmin Ltd.,Industrials,Industrial Machinery/Components,192852536.0015759,53846.356577,2026-10-08
GRND,Grindr Inc.,Technology,Computer Software: Programming Data Processing,173820626.97274032,2423.05954,2026-10-08
GRNQ,Greenpro Capital Corp.,Consumer Discretionary,Professional Services,1812785.9523809522,15.227402,2026-10-08
GRNT,Granite Ridge Resources Inc.,Energy,Oil & Gas Production,131900242.0824295,608.060116,2026-10-08
GRO,Brazil Potash Corp.,Industrials,Mining & Quarrying of Nonmetallic Minerals (No Fuels),61946214.91228071,141.23737,2026-10-08
GROV,Grove Collaborative Holdings Inc.,Consumer Discretionary,Catalog/Specialty Distribution,42701045.63106796,43.982077,2026-10-08
GROW,U.S. Global Investors Inc.,Finance,Investment Managers,12298195.89041096,35.910732,2026-10-08
GROY,Gold Royalty Corp.,Basic Materials,Precious Metals,230809201.010101,685.503327,2026-10-08
GRPN,Groupon Inc.,Consumer Discretionary,Advertising,40665296.01910828,766.134177,2026-10-08
GRRR,Gorilla Technology Group Inc.,Technology,Computer Software: Prepackaged Software,27757473.973727424,338.086033,2026-10-08
GRRRW,Gorilla Technology Group Inc. Warrant,Technology,Computer Software: Prepackaged Software,27757470.0,2.775747,2026-10-08
GRSD,Grandstand Limited,Consumer Discretionary,Services-Misc. Amusement & Recreation,35097190.06622516,52.996757,2026-10-08
GRVY,GRAVITY Co. Ltd. American Depository Shares,Technology,EDP Services,6948900.0,469.606662,2026-10-08
GRWG,GrowGeneration Corp.,Consumer Discretionary,RETAIL: Building Materials,58920449.03225806,91.326696,2026-10-08
GRX,The Gabelli Healthcare & Wellness Trust,Finance,Finance/Investors Services,17092973.036093418,161.015806,2026-10-08
GS,Goldman Sachs Group Inc. (The),Finance,Investment Bankers/Brokers/Service,291171407.9995096,261233.163829,2026-10-08
GSAT,Globalstar Inc.,Consumer Discretionary,Telecommunications Equipment,129563390.00358723,10835.386306,2026-10-08
GSBC,Great Southern Bancorp Inc.,Finance,Major Banks,10897506.994949495,863.082554,2026-10-08
GSBD,Goldman Sachs BDC Inc.,Finance,Investment Managers,112569066.99889259,1016.498675,2026-10-08
GSHD,Goosehead Insurance Inc.,Finance,Specialty Insurers,35515905.00115234,1541.035118,2026-10-08
GSHR,Gesher Acquisition Corp. II,,,0.0,0.0,2026-10-08
GSHRU,Gesher Acquisition Corp. II Units,Finance,Blank Checks,0.0,0.0,2026-10-08
GSIT,GSI Technology,Technology,Semiconductors,38432589.96415771,214.453852,2026-10-08
GSIW,Garden Stage Limited,Finance,Investment Bankers/Brokers/Service,10712399.024390243,109.80209,2026-10-08
GSK,GSK plc,Health Care,Biotechnology: Pharmaceutical Preparations,2022705623.0042918,94258.082032,2026-10-08
GSL,Global Ship Lease Inc New,Consumer Discretionary,Marine Transportation,35918244.0,1634.280102,2026-10-08
GSM,Ferroglobe PLC,Basic Materials,Metal Mining,186860517.05069125,810.974644,2026-10-08
GSRF,GSR IV Acquisition Corp. Class A ordinary share,,,0.0,0.0,2026-10-08
GSRV,GSR V Acquisition Corp.,Finance,Blank Checks,0.0,0.0,2026-10-08
GSRVR,GSR V Acquisition Corp. Rights,Finance,Blank Checks,0.0,0.0,2026-10-08
GSRVU,GSR V Acquisition Corp. Units,Finance,Blank Checks,0.0,0.0,2026-10-08
GSUN,Golden Sun Technology Group Limited,Real Estate,Other Consumer Services,10028868.283404661,2.109071,2026-10-08
GT,The Goodyear Tire & Rubber Company,Consumer Discretionary,Automotive Aftermarket,287898736.9098712,1341.608114,2026-10-08
GTBP,GT Biopharma Inc.,Health Care,Biotechnology: Pharmaceutical Preparations,2061051.9623233909,13.128901,2026-10-08
GTE,Gran Tierra Energy Inc.,Energy,Oil & Gas Production,35380428.96749522,370.079287,2026-10-08
GTEC,Greenland Technologies Holding Corporation,Industrials,Industrial Machinery/Components,26544222.108495396,20.746964,2026-10-08
GTEN,Gores Holdings X Inc.,,,0.0,0.0,2026-10-08
GTERA,Globa Terra Acquisition Corporation,Finance,Blank Checks,0.0,0.0,2026-10-08
GTERW,Globa Terra Acquisition Corporation Warrants,Finance,Blank Checks,0.0,0.0,2026-10-08
GTES,Gates Industrial Corporation Ltd.,Industrials,Industrial Machinery/Components,253151170.01769912,7151.520553,2026-10-08
GTIM,Good Times Restaurants Inc.,Consumer Discretionary,Restaurants,10557895.973154362,15.731265,2026-10-08
GTLB,GitLab Inc.,Technology,Computer Software: Prepackaged Software,166600000.0,8601.558,2026-10-08
GTM,ZoomInfo Technologies Inc,Technology,Computer Software: Prepackaged Software,291110046.0273973,1062.551668,2026-10-08
GTN,Gray Media Inc.,Industrials,Broadcasting,102984383.01075268,478.877381,2026-10-08
GTX,Garrett Motion Inc.,Consumer Discretionary,Auto Parts:O.E.M.,186493413.9900345,4865.613171,2026-10-08
GTY,Getty Realty Corporation,Finance,Real Estate,61932698.99605593,1727.302975,2026-10-08
GUAC,Berto Acquisition Corp. II,Finance,Blank Checks,0.0,0.0,2026-10-08
GUACU,Berto Acquisition Corp. II Unit,Finance,Blank Checks,0.0,0.0,2026-10-08
GUG,Guggenheim Active Allocation Fund,Finance,Trusts Except Educational Religious and Charitable,0.0,0.0,2026-10-08
GURE,Gulf Resources Inc. (NV),Industrials,Major Chemicals,1813531.1258278145,5.476864,2026-10-08
GUT,Gabelli Utility Trust (The),Finance,Trusts Except Educational Religious and Charitable,73399028.96551724,425.714368,2026-10-08
GUTS,Fractyl Health Inc.,Health Care,Medical/Dental Instruments,13264987.089715535,60.620991,2026-10-08
GVA,Granite Construction Incorporated,Industrials,Military/Government/Technical,43764509.998346016,5292.004549,2026-10-08
GVH,Globavend Holdings Limited,Industrials,Integrated Freight & Logistics,4304175.892857143,4.820677,2026-10-08
GWAV,Greenwave Technology Solutions Inc.,Industrials,Metal Fabrications,2982483.9662447255,7.068487,2026-10-08
GWRE,Guidewire Software Inc.,Technology,Computer Software: Prepackaged Software,81992669.0007294,13489.433904,2026-10-08
GWRS,Global Water Resources Inc.,Utilities,Water Supply,29925296.044499382,242.095645,2026-10-08
GWW,W.W. Grainger Inc.,Industrials,Office Equipment/Supplies/Services,47100942.00037631,60080.077578,2026-10-08
GXAI,Gaxos.ai Inc.,Technology,Computer Software: Prepackaged Software,11052287.062862046,5.151471,2026-10-08
GXO,GXO Logistics Inc.,Consumer Discretionary,Transportation Services,114684579.0086207,5321.364466,2026-10-08
GYGY,Game Your Game Inc.,Technology,Computer Software: Prepackaged Software,14391999.272330362,7.911282,2026-10-08
GYRE,Gyre Therapeutics Inc.,Health Care,Biotechnology: Pharmaceutical Preparations,111509849.01129943,789.489731,2026-10-08
GYRO,Gyrodyne LLC,Real Estate,Building operators,2199308.085106383,10.336748,2026-10-08
H,Hyatt Hotels Corporation,Consumer Discretionary,Hotels/Resorts,94201600.99924585,14989.358751,2026-10-08
HACQ,HCM IV Acquisition Corp. Class A Ordinary Share,Finance,Blank Checks,0.0,0.0,2026-10-08
HAE,Haemonetics Corporation,Health Care,Medical/Dental Instruments,45497051.00463679,4709.85472,2026-10-08
HAFC,Hanmi Financial Corporation,Finance,Major Banks,29649254.98737374,939.288398,2026-10-08
HAFN,Hafnia Limited,Consumer Discretionary,Transportation Services,535331153.9980256,5422.90459,2026-10-08
HAIN,Hain Celestial Group Inc. (The),Consumer Staples,Packaged Foods,91002268.06120473,46.984471,2026-10-08
HAL,Halliburton Company,Energy,Oilfield Services/Equipment,833130366.992665,27260.025608,2026-10-08
HALO,Halozyme Therapeutics Inc.,Health Care,Biotechnology: Biological Products (No Diagnostic Substances),113498000.0,12453.00056,2026-10-08
HAO,Haoxi Health Technology Limited,Consumer Discretionary,Advertising,637633.8842975207,1.543074,2026-10-08
HAPN,Happen Inc.,Finance,Finance: Consumer Services,115407463.97394137,1771.504572,2026-10-08
HAS,Hasbro Inc.,Consumer Discretionary,Recreational Games/Products/Toys,141044466.99989015,12839.277831,2026-10-08
HASI,HA Sustainable Infrastructure Capital Inc.,Finance,Finance/Investors Services,128495789.99179655,4699.09104,2026-10-08
HAVA,Harvard Ave Acquisition Corporation Class A Ordinary Share,Finance,Blank Checks,0.0,0.0,2026-10-08
HAVAR,Harvard Ave Acquisition Corporation Rights that convert on a 1/10th of 1 basis to,,,0.0,0.0,2026-10-08
HAVAU,Harvard Ave Acquisition Corporation Unit,Finance,Blank Checks,0.0,0.0,2026-10-08
HAWK,HawkEye 360 Inc.,Technology,EDP Services,97965551.98329854,1407.764982,2026-10-08
HAYW,Hayward Holdings Inc.,Industrials,Industrial Machinery/Components,212119581.96588138,2611.192054,2026-10-08
HBAN,Huntington Bancshares Incorporated,Finance,Major Banks,2020414826.0273972,30972.959283,2026-10-08
HBANL,Huntington Bancshares Incorporated,Finance,Major Banks,2020414826.020202,50005.266944,2026-10-08
HBANM,Huntington Bancshares Incorporated,Finance,Major Banks,2020414826.0133402,39377.884959,2026-10-08
HBANP,Huntington Bancshares Incorporated,Finance,Major Banks,2020414826.0317461,31821.53351,2026-10-08
HBANZ,Huntington Bancshares Incorporated,Finance,Major Banks,2020414825.975414,37801.961394,2026-10-08
HBB,Hamilton Beach Brands Holding Company,Consumer Discretionary,Home Furnishings,13442332.011173185,481.235486,2026-10-08
HBCP,Home Bancorp Inc.,Finance,Banks,7870750.00743937,528.993108,2026-10-08
HBIO,Harvard Bioscience Inc.,Industrials,Biotechnology: Laboratory Analytical Instruments,4552305.023364486,38.967731,2026-10-08
HBM,Hudbay Minerals Inc.,Basic Materials,Metal Mining,444144760.0,11969.701282,2026-10-08
HBNB,Hotel101 Global Holdings Corp.,Consumer Discretionary,Hotels/Resorts,234032385.93073592,1081.229623,2026-10-08
HBNC,Horizon Bancorp Inc.,Finance,Major Banks,51344519.005696535,991.462662,2026-10-08
HBT,HBT Financial Inc.,Finance,Major Banks,36365611.986773215,1319.708059,2026-10-08
HCA,HCA Healthcare Inc.,Health Care,Hospital/Nursing Management,216501500.0,93571.9483,2026-10-08
HCAC,Hall Chadwick Acquisition Corp,Finance,Blank Checks,0.0,0.0,2026-10-08
HCACR,Hall Chadwick Acquisition Corp Rights,,,0.0,0.0,2026-10-08
HCAI,Huachen AI Parking Management Technology Holding Co. Ltd.,Consumer Discretionary,Miscellaneous manufacturing industries,10913276.515151516,5.185989,2026-10-08
HCAT,Health Catalyst Inc,Technology,Computer Software: Programming Data Processing,75256380.79096045,133.203794,2026-10-08
HCC,Warrior Met Coal Inc.,Energy,Coal Mining,52802087.00497728,4879.968881,2026-10-08
HCI,HCI Group Inc.,Finance,Property-Casualty Insurers,12438867.001030201,2294.100241,2026-10-08
HCIC,Hennessy Capital Investment Corp. VIII,,,0.0,0.0,2026-10-08
HCICR,Hennessy Capital Investment Corp. VIII Share Rights,,,0.0,0.0,2026-10-08
HCKT,Hackett Group Inc (The).,Consumer Discretionary,Professional Services,24877873.006993007,266.815188,2026-10-08
HCM,HUTCHMED (China) Limited,Health Care,Biotechnology: Pharmaceutical Preparations,174465523.97260275,2547.19665,2026-10-08
HCMA,HCM III Acquisition Corp. Class A Ordinary Share,Consumer Discretionary,Hotels/Resorts,38812500.0,399.76875,2026-10-08
HCMAW,HCM III Acquisition Corp. Warrants,Consumer Discretionary,Hotels/Resorts,79242873.07692307,41.206294,2026-10-08
HCSG,Healthcare Services Group Inc.,Health Care,Hospital/Nursing Management,68632201.98769522,1450.198428,2026-10-08
HCTI,Healthcare Triangle Inc.,Technology,EDP Services,17730007.194244605,9.857884,2026-10-08
HCWB,HCW Biologics Inc.,Health Care,Biotechnology: Pharmaceutical Preparations,2236324.203821656,3.511029,2026-10-08
HCXY,Hercules Capital Inc. 6.25% Notes due 2033,Finance,Investment Managers,181675682.98738298,4463.771531,2026-10-08
HD,Home Depot Inc. (The),Consumer Discretionary,RETAIL: Building Materials,997689626.0002093,286027.638878,2026-10-08
HDB,HDFC Bank Limited,Finance,Commercial Banks,5131122776.003568,115039.772638,2026-10-08
HDL,SUPER HI INTERNATIONAL HOLDING LTD.,Consumer Discretionary,Restaurants,65029899.99915966,773.849307,2026-10-08
HDRN,Hadron Energy Inc.,Utilities,Electric Utilities: Central,71498842.4,89.373553,2026-10-08
HDRNW,Hadron Energy Inc. Warrant,Utilities,Electric Utilities: Central,71498841.66666667,8.579861,2026-10-08
HDSN,Hudson Technologies Inc.,Consumer Discretionary,Industrial Specialties,42088547.08097929,223.490185,2026-10-08
HE,Hawaiian Electric Industries Inc.,Utilities,Electric Utilities: Central,172728004.031355,1542.461076,2026-10-08
HEI,Heico Corporation,Industrials,Aerospace,139757404.99901074,42382.83064,2026-10-08
HEI-A,Heico Corporation,,,,,2026-10-08
HELE,Helen of Troy Limited,Consumer Discretionary,Home Furnishings,23292061.018957347,589.754985,2026-10-08
HELP,Helus Pharma Inc.,Health Care,Biotechnology: Pharmaceutical Preparations,73061686.98884758,786.143752,2026-10-08
HEPS,D-Market Electronic Services & Trading,Consumer Discretionary,Catalog/Specialty Distribution,357225200.0,878.773992,2026-10-08
HEQ,John Hancock Diversified Income Fund,Finance,Investment Managers,0.0,0.0,2026-10-08
HERE,Here Group Limited,Consumer Discretionary,Recreational Games/Products/Toys,54384615.11627907,93.541538,2026-10-08
HERZ,Herzfeld Credit Income Fund Inc.,Finance,Investment Managers,0.0,0.0,2026-10-08
HESM,Hess Midstream LP Class A Representing Limited Partner Interests,Energy,Oil & Gas Production,128350881.00284313,4965.895586,2026-10-08
HFBL,Home Federal Bancorp Inc. of Louisiana,Finance,Savings Institutions,3030593.9983443706,73.219151,2026-10-08
HFFG,HF Foods Group Inc.,Consumer Discretionary,Food Distributors,55602816.14906832,89.520534,2026-10-08
HFRO,Highland Opportunities and Income Fund,Finance,Finance/Investors Services,0.0,0.0,2026-10-08
HFWA,Heritage Financial Corporation,Finance,Banks,40915557.99927772,1132.951801,2026-10-08
HG,Hamilton Insurance Group Ltd.,Finance,Property-Casualty Insurers,83210737.00350466,2849.135635,2026-10-08
HGBL,Heritage Global Inc.,Consumer Discretionary,Business Services,34639444.96124031,44.684884,2026-10-08
HGLB,Highland Global Allocation Fund,Finance,Trusts Except Educational Religious and Charitable,0.0,0.0,2026-10-08
HGTY,Hagerty Inc.,Finance,Specialty Insurers,362096590.021692,5007.79584,2026-10-08
HGV,Hilton Grand Vacations Inc.,Consumer Discretionary,Hotels/Resorts,77724145.00431904,2699.359556,2026-10-08
HHH,Howard Hughes Holdings Inc.,Real Estate,Real Estate Investment Trusts,59721035.998908296,4376.357518,2026-10-08
HHS,Harte Hanks Inc.,Consumer Discretionary,Advertising,7454240.0900900895,33.096826,2026-10-08
HIFS,Hingham Institution for Savings,Finance,Banks,2147400.0,615.01536,2026-10-08
HIG,The Hartford Insurance Group Inc.,Finance,Property-Casualty Insurers,270872002.0033125,34343.861134,2026-10-08
HIHO,Highway Holdings Limited,Industrials,Metal Fabrications,4626676.088185416,4.092295,2026-10-08
HII,Huntington Ingalls Industries Inc.,Industrials,Marine Transportation,39404598.00189573,10392.962723,2026-10-08
HIMS,Hims & Hers Health Inc.,Health Care,Medical/Nursing Services,233313412.9962674,6875.746281,2026-10-08
HIMX,Himax Technologies Inc.,Technology,Semiconductors,174425914.006734,2590.224823,2026-10-08
HIND,Vyome Holdings Inc.,Health Care,Biotechnology: Pharmaceutical Preparations,7018528.155339805,14.458168,2026-10-08
HIO,Western Asset High Income Opportunity Fund Inc.,Finance,Finance/Investors Services,0.0,0.0,2026-10-08
HIPO,Hippo Holdings Inc.,Finance,Property-Casualty Insurers,26389381.003694583,857.127095,2026-10-08
HIT,Health In Tech Inc.,Finance,Specialty Insurers,65300790.22101495,52.88711,2026-10-08
HITI,High Tide Inc.,Consumer Discretionary,Other Specialty Stores,89142613.97058822,242.46791,2026-10-08
HIVE,HIVE Digital Technologies Ltd.,Finance,Finance: Consumer Services,274277337.9310345,795.40428,2026-10-08
HIW,Highwoods Properties Inc.,Real Estate,Real Estate Investment Trusts,110306210.99865048,3269.476094,2026-10-08
HIX,Western Asset High Income Fund II Inc.,Finance,Finance/Investors Services,0.0,0.0,2026-10-08
HKD,AMTD Digital Inc.,Finance,Finance: Consumer Services,126163970.93023255,217.00203,2026-10-08
HKIT,Hitek Global Inc. Class A Ordinary Share,Technology,Computer Software: Prepackaged Software,8991860.03009231,22.111883,2026-10-08
HKPD,Cellyan Biotechnology Co. Ltd,Health Care,Other Pharmaceuticals,48499961.12730806,4.990646,2026-10-08
HL,Hecla Mining Company,Industrials,Mining & Quarrying of Nonmetallic Minerals (No Fuels),671768430.994152,11487.24017,2026-10-08
HLF,Herbalife Ltd.,Health Care,Other Pharmaceuticals,104803379.9682035,1318.42652,2026-10-08
HLI,Houlihan Lokey Inc.,Finance,Investment Managers,69886500.0,8941.27881,2026-10-08
HLIO,Helios Technologies Inc.,Industrials,Metal Fabrications,33000000.000000004,2355.54,2026-10-08
HLIT,Harmonic Inc.,Technology,Radio And Television Broadcasting And Communications Equipment,109066445.00891265,1223.725513,2026-10-08
HLLY,Holley Inc.,Consumer Discretionary,Auto Parts:O.E.M.,121234143.10344829,281.263212,2026-10-08
HLMN,Hillman Solutions Corp.,Consumer Discretionary,Industrial Machinery/Components,194544999.0056818,1369.596793,2026-10-08
HLN,Haleon plc,Consumer Discretionary,Package Goods/Cosmetics,4398274391.995491,39012.693857,2026-10-08
HLNE,Hamilton Lane Incorporated,Finance,Investment Managers,55110638.0,4767.070187,2026-10-08
HLP,Hongli Group Inc.,Industrials,Industrial Machinery/Components,74738750.0,188.34165,2026-10-08
HLSQ,Tessera Defense and Homeland Security Inc.,Health Care,Biotechnology: Biological Products (No Diagnostic Substances),8920241.468126208,2.770627,2026-10-08
HLT,Hilton Worldwide Holdings Inc.,Consumer Discretionary,Hotels/Resorts,225064909.99969003,72608.190615,2026-10-08
HLXC,Helix Acquisition Corp. III,,,0.0,0.0,2026-10-08
HMC,Honda Motor Company Ltd.,Industrials,Auto Manufacturing,1297526813.9893117,41274.327953,2026-10-08
HMH,HMH Holding Inc.,Consumer Discretionary,Oil and Gas Field Machinery,44093153.01587302,833.360592,2026-10-08
HMN,Horace Mann Educators Corporation,Finance,Property-Casualty Insurers,40501054.01010767,1843.202968,2026-10-08
HMR,Heidmar Maritime Holdings Corp.,Consumer Discretionary,Marine Transportation,58991997.10144927,101.761195,2026-10-08
HMY,Harmony Gold Mining Company Limited,Basic Materials,Precious Metals,634767724.0184758,10994.17698,2026-10-08
HNGE,Hinge Health Inc.,Technology,EDP Services,80694417.0005084,7936.295912,2026-10-08
HNI,HNI Corporation,Consumer Discretionary,Office Equipment/Supplies/Services,72181800.0,3373.777332,2026-10-08
HNNA,Hennessy Advisors Inc.,Finance,Investment Managers,7904409.961315281,81.731599,2026-10-08
HNRG,Hallador Energy Company,Utilities,Electric Utilities: Central,47143356.98852127,698.193117,2026-10-08
HNST,The Honest Company Inc.,Consumer Discretionary,Catalog/Specialty Distribution,107284378.92644134,539.640426,2026-10-08
HNVR,Hanover Bancorp Inc.,Finance,Major Banks,7055424.006296733,179.278324,2026-10-08
HODO,House of Doge Inc.,Finance,Finance: Consumer Services,89152987.89712556,11.786025,2026-10-08
HOFT,Hooker Furnishings Corporation,Consumer Discretionary,Home Furnishings,10692196.97908598,138.036263,2026-10-08
HOG,Harley-Davidson Inc.,Consumer Discretionary,Motor Vehicles,104072507.01559019,2803.713339,2026-10-08
HOLO,MicroCloud Hologram Inc.,Technology,Computer Software: Programming Data Processing,22912360.135135137,33.910293,2026-10-08
HOLOW,MicroCloud Hologram Inc. Warrant,Technology,Computer Software: Programming Data Processing,22912369.077306736,0.918786,2026-10-08
HOMB,Home BancShares Inc.,Finance,Major Banks,200049630.01751313,5711.416937,2026-10-08
HON,Honeywell International Inc.,Industrials,Aerospace,316940010.0014093,67467.019929,2026-10-08
HONA,Honeywell Aerospace Inc.,Industrials,Aerospace,316952725.00158846,49885.189388,2026-10-08
HOOD,Robinhood Markets Inc.,Finance,Investment Bankers/Brokers/Service,899082273.0,100697.214576,2026-10-08
HOPE,Hope Bancorp Inc.,Finance,Major Banks,127741835.97922848,1721.959949,2026-10-08
HOS,Hornbeck Offshore Services Inc.,Energy,Oilfield Services/Equipment,222166587.04663214,1715.126052,2026-10-08
HOST,Host Digital Inc.,Consumer Staples,Food Chains,28200321.068249255,95.035082,2026-10-08
HOUR,Hour Loop Inc.,Consumer Discretionary,Catalog/Specialty Distribution,35199820.0,61.599685,2026-10-08
HOV,Hovnanian Enterprises Inc.,Consumer Discretionary,Homebuilding,5959889.998254495,682.884196,2026-10-08
HOVNP,Hovnanian Enterprises Inc Dep Shr Srs A Pfd,Consumer Discretionary,Homebuilding,5959889.999999999,107.874009,2026-10-08
HOVR,New Horizon Aircraft Ltd. Class A Ordinary Share,Industrials,Aerospace,67123941.25,107.398306,2026-10-08
HOVRW,New Horizon Aircraft Ltd. Warrant,Industrials,Aerospace,67123940.34536892,21.378975,2026-10-08
HOWL,Werewolf Therapeutics Inc.,Health Care,Biotechnology: Pharmaceutical Preparations,48599066.50728103,44.720861,2026-10-08
HP,Helmerich & Payne Inc.,Energy,Oil & Gas Production,99938944.98863924,3958.581611,2026-10-08
HPAI,Helport AI Limited,Technology,Computer Software: Prepackaged Software,37646908.7893864,11.350543,2026-10-08
HPAIW,Helport AI Limited Warrants,Technology,Computer Software: Prepackaged Software,37646910.37735849,1.596229,2026-10-08
HPE,Hewlett Packard Enterprise Company,Technology,Retail: Computer Software & Peripheral Equipment,1327464779.001135,93559.717624,2026-10-08
HPF,John Hancock Pfd Income Fund II Pfd Income Fund II,Finance,Finance Companies,0.0,0.0,2026-10-08
HPI,John Hancock Preferred Income Fund,Finance,Trusts Except Educational Religious and Charitable,0.0,0.0,2026-10-08
HPK,HighPeak Energy Inc.,Energy,Oil & Gas Production,126452804.01459853,1039.442049,2026-10-08
HPP,Hudson Pacific Properties Inc.,Finance,Real Estate,54268741.01899827,628.432021,2026-10-08
HPQ,HP Inc.,Technology,Computer Manufacturing,901790968.9883391,28613.827446,2026-10-08
HPS,John Hancock Preferred Income Fund III Preferred Income Fund III,Finance,Investment Managers,0.0,0.0,2026-10-08
HQ,Horizon Quantum Holdings Ltd.,Technology,EDP Services,53972080.01158748,931.558101,2026-10-08
HQH,abrdn Healthcare Investors Shares of Beneficial Interest,Finance,Finance Companies,47343726.02172789,915.154224,2026-10-08
HQI,HireQuest Inc.,Consumer Discretionary,Professional Services,13900000.000000002,261.737,2026-10-08
HQL,abrdn Life Sciences Investors Shares of Beneficial Interest,Finance,Investment Managers,25679635.990888383,450.934408,2026-10-08
HQWWW,Horizon Quantum Holdings Ltd. Warrant,Technology,EDP Services,53972079.9765808,460.921563,2026-10-08
HQY,HealthEquity Inc.,Consumer Discretionary,Business Services,82715296.0021966,7531.227701,2026-10-08
HR,Healthcare Realty Trust Incorporated,Real Estate,Real Estate Investment Trusts,342719759.97652584,5839.94471,2026-10-08
HRB,H&R Block Inc.,Consumer Discretionary,Other Consumer Services,122557063.99249354,5224.607638,2026-10-08
HRI,Herc Holdings Inc.,Industrials,Misc Corporate Leasing Services,33431443.99910933,4504.21845,2026-10-08
HRL,Hormel Foods Corporation,Consumer Staples,Meat/Poultry/Fish,550350800.0,10940.973904,2026-10-08
HRMY,Harmony Biosciences Holdings Inc.,Health Care,Biotechnology: Pharmaceutical Preparations,58236392.98780488,2292.184428,2026-10-08
HROW,Harrow Inc.,Health Care,Biotechnology: Pharmaceutical Preparations,37487850.01647446,1137.756248,2026-10-08
HRTG,Heritage Insurance Holdings Inc.,Finance,Property-Casualty Insurers,29732416.00819432,1015.956655,2026-10-08
HRTX,Heron Therapeutics Inc.,Health Care,Biotechnology: Pharmaceutical Preparations,189852306.3008743,62.97401,2026-10-08
HRZN,Horizon Technology Finance Corporation,Finance,Finance: Consumer Services,67033908.951965064,307.015303,2026-10-08
HSAI,Hesai Group,Industrials,Industrial Machinery/Components,157142211.0018439,2556.703773,2026-10-08
HSBC,HSBC Holdings plc.,Finance,Savings Institutions,3433338356.9993854,335025.156876,2026-10-08
HSCS,HeartSciences Inc.,Health Care,Industrial Specialties,4843910.079575596,18.261541,2026-10-08
HSCSW,HeartSciences Inc. Warrant,Health Care,Industrial Specialties,4843916.666666667,0.290635,2026-10-08
HSDT,Solana Company,Health Care,Biotechnology: Electromedical & Electrotherapeutic Apparatus,64828059.02255639,172.442637,2026-10-08
HSHP,Himalaya Shipping Ltd.,Consumer Discretionary,Marine Transportation,46750000.0,831.215,2026-10-08
HSIC,Henry Schein Inc.,Health Care,Medical Specialities,111446541.99669966,9455.124623,2026-10-08
HSLV,Highlander Silver Corp.,,,203523417.95366797,1054.251305,2026-10-08
HST,Host Hotels & Resorts Inc.,Real Estate,Real Estate Investment Trusts,685124399.0213523,15401.59649,2026-10-08
HSTM,HealthStream Inc.,Technology,Computer Software: Programming Data Processing,30595887.000958163,957.957222,2026-10-08
HSY,The Hershey Company,Consumer Staples,Specialty Foods,200925657.00248754,32308.845646,2026-10-08
HTB,HomeTrust Bancshares Inc.,Finance,Savings Institutions,16693180.008607704,775.732075,2026-10-08
HTCO,High-Trend International Group,Consumer Discretionary,Marine Transportation,6755323.80952381,11.348944,2026-10-08
HTCR,Heartcore Enterprises Inc.,Technology,EDP Services,1515328.0,2.651824,2026-10-08
HTD,John Hancock Tax Advantaged Dividend Income Fund,Finance,Finance Companies,0.0,0.0,2026-10-08
HTFC,Horizon Technology Finance Corporation 6.25% Notes due 2027,Finance,Finance: Consumer Services,42545718.989811055,1055.610343,2026-10-08
HTFL,Heartflow Inc.,Health Care,Medical/Dental Instruments,86953627.00729927,4407.679353,2026-10-08
HTGC,Hercules Capital Inc.,Finance,Investment Managers,187164000.0,3101.30748,2026-10-08
HTH,Hilltop Holdings Inc.,Finance,Major Banks,57286417.00808625,2125.326071,2026-10-08
HTHT,H World Group Limited,Consumer Discretionary,Hotels/Resorts,307523819.00118905,12931.376589,2026-10-08
HTLD,Heartland Express Inc.,Industrials,Trucking Freight/Courier Services,77332611.03265667,876.178483,2026-10-08
HTLM,HomesToLife Ltd,Consumer Discretionary,Other Specialty Stores,89687500.0,158.746875,2026-10-08
HTO,H2O America,Utilities,Water Supply,41856804.00481265,2435.228857,2026-10-08
HTOO,Fusion Fuel Green PLC,Technology,Industrial Machinery/Components,7516259.047619048,15.784144,2026-10-08
HTT,High Templar Tech Limited,Finance,Finance: Consumer Services,155283503.9823009,350.940719,2026-10-08
HTZ,Hertz Global Holdings Inc,Consumer Discretionary,Rental/Leasing Companies,356451393.20388347,734.28987,2026-10-08
HTZWW,Hertz Global Holdings Inc Warrant,Consumer Discretionary,Rental/Leasing Companies,356451392.78350514,345.757851,2026-10-08
HUBB,Hubbell Inc,Technology,Electrical Products,52832570.99977338,25645.458289,2026-10-08
HUBC,Hub Cyber Security Ltd.,Telecommunications,Computer Communications Equipment,1337045.7142857143,1.403898,2026-10-08
HUBG,Hub Group Inc.,Industrials,Integrated Freight & Logistics,61153510.01420455,1722.082842,2026-10-08
HUBS,HubSpot Inc.,Technology,Computer Software: Prepackaged Software,49866200.99958543,10825.453575,2026-10-08
HUCK,Huckleberry.ai Inc.,Technology,Computer Software: Prepackaged Software,47036160.897435896,146.752822,2026-10-08
HUDI,Huadi International Group Co. Ltd.,Industrials,Steel/Iron Ore,14319181.922196796,10.011972,2026-10-08
HUHU,HUHUTECH International Group Inc.,Telecommunications,Metal Fabrications,25493749.044585988,100.062965,2026-10-08
HUIZ,Huize Holding Limited,Finance,Specialty Insurers,10106075.968992248,13.036838,2026-10-08
HUM,Humana Inc.,Health Care,Medical Specialities,120080307.99960423,48544.866115,2026-10-08
HUMA,Humacyte Inc.,Health Care,Biotechnology: Biological Products (No Diagnostic Substances),277798104.60251045,132.787494,2026-10-08
HUN,Huntsman Corporation,Industrials,Major Chemicals,175378615.96351197,1538.070462,2026-10-08
HURA,TuHURA Biosciences Inc.,Health Care,Biotechnology: Pharmaceutical Preparations,63726616.92307693,124.266903,2026-10-08
HURC,Hurco Companies Inc.,Industrials,Industrial Machinery/Components,6476322.020842773,142.932427,2026-10-08
HURN,Huron Consulting Group Inc.,Consumer Discretionary,Professional Services,15910072.001780491,2502.017923,2026-10-08
HUT,Hut 8 Corp.,Finance,Finance: Consumer Services,123259468.00043374,11366.988139,2026-10-08
HUYA,HUYA Inc.,Technology,Computer Software: Programming Data Processing,228366093.01310045,522.958353,2026-10-08
HVMC,Highview Merger Corp. Class A Ordinary Share,,,0.0,0.0,2026-10-08
HVMCW,Highview Merger Corp. Warrants,,,0.0,0.0,2026-10-08
HVT,Haverty Furniture Companies Inc.,Consumer Discretionary,Other Specialty Stores,15593626.00286533,435.374038,2026-10-08
HVT-A,Haverty Furniture Companies Inc.,,,,,2026-10-08
HWBK,Hawthorn Bancshares Inc.,Finance,Major Banks,7313779.008822003,281.873043,2026-10-08
HWC,Hancock Whitney Corporation,Finance,Major Banks,80223058.00330032,5833.820778,2026-10-08
HWCPZ,Hancock Whitney Corporation 6.25% Subordinated Notes due 2060,Finance,Major Banks,84754977.98339264,1786.211161,2026-10-08
HWKN,Hawkins Inc.,Consumer Discretionary,Specialty Chemicals,20875116.998109642,2760.734223,2026-10-08
HWM,Howmet Aerospace Inc.,Industrials,Metal Fabrications,398801398.9982729,92362.404008,2026-10-08
HXHX,Haoxin Holdings Limited,Industrials,Trucking Freight/Courier Services,14720000.0,4.66624,2026-10-08
HXL,Hexcel Corporation,Industrials,Major Chemicals,75623452.00558074,6504.373107,2026-10-08
HY,Hyster-Yale Inc.,Industrials,Construction/Ag Equipment/Trucks,17930386.990351696,576.103334,2026-10-08
HYFM,Hydrofarm Holdings Group Inc.,Consumer Discretionary,Consumer Specialties,4819323.232323232,4.77113,2026-10-08
HYFT,MindWalk Holdings Corp.,Health Care,Biotechnology: Pharmaceutical Preparations,47111667.741935484,73.023085,2026-10-08
HYI,Western Asset High Yield Opportunity Fund Inc.,Finance,Investment Managers,0.0,0.0,2026-10-08
HYLN,Hyliion Holdings Corp.,Consumer Discretionary,Construction/Ag Equipment/Trucks,178597218.06930694,721.532761,2026-10-08
HYMC,Hycroft Mining Holding Corporation,Basic Materials,Precious Metals,93181680.9848088,1778.83829,2026-10-08
HYNE,Hoyne Bancorp Inc.,Finance,Banks,8096938.012048192,134.409171,2026-10-08
HYPD,Hyperion DeFi Inc.,Health Care,Biotechnology: Pharmaceutical Preparations,15442481.937172776,58.990281,2026-10-08
HYPR,Hyperfine Inc.,Health Care,Biotechnology: Electromedical & Electrotherapeutic Apparatus,106048668.96551724,92.262342,2026-10-08
HYT,Blackrock Corporate High Yield Fund Inc.,Finance,Finance Companies,0.0,0.0,2026-10-08
HZO,MarineMax Inc.  (FL),Consumer Discretionary,Auto & Home Supply Stores,22086746.001145255,1157.124623,2026-10-08
IA,Innovative Solutions and Support Inc.,Technology,EDP Services,17899172.989377845,353.86665,2026-10-08
IACO,Idea Acquisition Corp.,Finance,Blank Checks,0.0,0.0,2026-10-08
IACQ,Irenic Acquisition Corp.,Finance,Blank Checks,0.0,0.0,2026-10-08
IACQU,Irenic Acquisition Corp. Unit,Finance,Blank Checks,0.0,0.0,2026-10-08
IAE,Voya Asia Pacific High Dividend Equity Income Fund ING Asia Pacific High Dividend Equity Income Fund,Finance,Trusts Except Educational Religious and Charitable,0.0,0.0,2026-10-08
IAF,abrdn Australia Equity Fund Inc.,Finance,Finance/Investors Services,0.0,0.0,2026-10-08
IAG,Iamgold Corporation,Basic Materials,Precious Metals,571000000.0,10592.05,2026-10-08
IART,Integra LifeSciences Holdings Corporation,Health Care,Medical/Dental Instruments,77772506.006006,1035.92978,2026-10-08
IAUX,i-80 Gold Corp.,Basic Materials,Precious Metals,865901683.2298136,1394.10171,2026-10-08
IBAC,IB Acquisition Corp.,Finance,Blank Checks,0.0,0.0,2026-10-08
IBACR,IB Acquisition Corp. Right,Finance,Blank Checks,0.0,0.0,2026-10-08
IBCP,Independent Bank Corporation,Finance,Major Banks,22199294.998602964,794.512768,2026-10-08
IBEX,IBEX Limited,Technology,EDP Services,13278633.989349388,573.504202,2026-10-08
IBG,Innovation Beverage Group Limited,Consumer Staples,Beverages (Production/Distribution),4220522.471910113,3.756265,2026-10-08
IBIO,iBio Inc.,Health Care,Biotechnology: Pharmaceutical Preparations,64307256.19047619,67.522619,2026-10-08
IBKR,Interactive Brokers Group Inc.,Finance,Investment Bankers/Brokers/Service,453078170.99801284,41039.820729,2026-10-08
IBM,International Business Machines Corporation,Technology,Computer Manufacturing,942134389.9995482,208484.919163,2026-10-08
IBN,ICICI Bank Limited,Finance,Commercial Banks,3580056285.010707,100313.177106,2026-10-08
IBO,Impact BioMedical Inc.,Health Care,Biotechnology: Pharmaceutical Preparations,8543679.05982906,39.984418,2026-10-08
IBOC,International Bancshares Corporation,Finance,Major Banks,62191513.997679144,4287.482975,2026-10-08
IBP,Installed Building Products Inc.,Consumer Discretionary,Homebuilding,26579176.997666582,5125.794284,2026-10-08
IBRX,ImmunityBio Inc.,Health Care,Biotechnology: Biological Products (No Diagnostic Substances),1059836272.9618163,10269.813485,2026-10-08
IBTA,Ibotta Inc.,Consumer Discretionary,Advertising,23169613.989257812,949.027389,2026-10-08
ICCC,ImmuCell Corporation,Health Care,Biotechnology: In Vitro & In Vivo Diagnostic Substances,9082196.990972918,90.549504,2026-10-08
ICCM,IceCure Medical Ltd.,Health Care,Medical/Dental Instruments,3426374.803149606,4.351496,2026-10-08
ICE,Intercontinental Exchange Inc.,Finance,Investment Bankers/Brokers/Service,561394487.0024105,86168.43981,2026-10-08
ICFI,ICF International Inc.,Consumer Discretionary,Professional Services,17933884.005295463,1490.126422,2026-10-08
ICG,Intchains Group Limited,Technology,Semiconductors,120782901.94174758,124.406389,2026-10-08
ICHR,Ichor Holdings,Technology,Semiconductors,37454229.003843695,2338.642059,2026-10-08
ICL,ICL Group Ltd.,Industrials,Agricultural Chemicals,1290672728.937008,6556.617463,2026-10-08
ICLR,ICON plc,Health Care,Biotechnology: Commercial Physical & Biological Resarch,76567324.99845383,12380.170779,2026-10-08
ICMB,Investcorp Credit Management BDC Inc.,Finance,Finance: Consumer Services,14432472.329828445,10.431791,2026-10-08
ICON,Icon Energy Corp.,Consumer Discretionary,Marine Transportation,3759313.9784946237,3.496162,2026-10-08
ICU,SeaStar Medical Holding Corporation,Health Care,Medical/Dental Instruments,5260842.946708464,16.782089,2026-10-08
ICUCW,SeaStar Medical Holding Corporation Warrant,Health Care,Medical/Dental Instruments,5260860.927152318,0.079439,2026-10-08
ICUI,ICU Medical Inc.,Health Care,Medical/Dental Instruments,25007038.001627747,3994.37418,2026-10-08
IDA,IDACORP Inc.,Utilities,Electric Utilities: Central,57842042.99819113,7674.482265,2026-10-08
IDAC,Iron Dome Acquisition I Corp.,,,0.0,0.0,2026-10-08
IDACU,Iron Dome Acquisition I Corp. Units,,,0.0,0.0,2026-10-08
IDACW,Iron Dome Acquisition I Corp. Warrant,,,0.0,0.0,2026-10-08
IDAI,T Stamp Inc.,Technology,Computer Software: Prepackaged Software,5639290.936555891,18.666053,2026-10-08
IDCC,InterDigital Inc.,Miscellaneous,Multi-Sector Companies,25806006.99991158,8755.720115,2026-10-08
IDE,Voya Infrastructure Industrials and Materials Fund,Finance,Finance/Investors Services,0.0,0.0,2026-10-08
IDN,Intellicheck Inc.,Technology,Computer Software: Prepackaged Software,20266742.85714286,46.816176,2026-10-08
IDR,Idaho Strategic Resources Inc.,Basic Materials,Precious Metals,15826169.989126496,436.64403,2026-10-08
IDT,IDT Corporation,Telecommunications,Telecommunications Equipment,24838686.004233595,1994.794873,2026-10-08
IDXX,IDEXX Laboratories Inc.,Health Care,Biotechnology: In Vitro & In Vivo Diagnostic Substances,78781116.00085369,40604.574998,2026-10-08
IDYA,IDEAYA Biosciences Inc.,Health Care,Biotechnology: Pharmaceutical Preparations,96489484.00218399,3534.409799,2026-10-08
IE,Ivanhoe Electric Inc.,Basic Materials,Metal Mining,159590258.95953757,1656.546888,2026-10-08
IEAG,Infinite Eagle Acquisition Corp.,Finance,Blank Checks,0.0,0.0,2026-10-08
IEAGU,Infinite Eagle Acquisition Corp. Unit,,,0.0,0.0,2026-10-08
IEP,Icahn Enterprises L.P.,Energy,Integrated oil Companies,710915093.0618402,4713.367067,2026-10-08
IESC,IES Holdings Inc.,Industrials,Engineering & Construction,39848712.0010531,13622.082954,2026-10-08
IEX,IDEX Corporation,Industrials,Fluid Controls,73719896.00050788,17418.537027,2026-10-08
IFBD,Infobird Co. Ltd,Technology,Computer Software: Prepackaged Software,8188573.515092502,6.727732,2026-10-08
IFF,International Flavors & Fragrances Inc.,Industrials,Major Chemicals,255149963.00047663,21412.184895,2026-10-08
IFN,Aberdeen India Fund Inc.,Finance,Finance/Investors Services,0.0,0.0,2026-10-08
IFRX,InflaRx N.V.,Health Care,Biotechnology: Pharmaceutical Preparations,147368220.88607594,232.841789,2026-10-08
IFS,Intercorp Financial Services Inc.,Finance,Commercial Banks,110397704.99447107,5990.179473,2026-10-08
IGA,Voya Global Advantage and Premium Opportunity Fund,Finance,Investment Managers,0.0,0.0,2026-10-08
IGAC,Invest Green Acquisition Corporation,Finance,Blank Checks,0.0,0.0,2026-10-08
IGC,IGC Pharma Inc.,Health Care,Biotechnology: Pharmaceutical Preparations,103384007.14285713,28.947522,2026-10-08
IGD,Voya Global Equity Dividend and Premium Opportunity Fund,Finance,Trusts Except Educational Religious and Charitable,0.0,0.0,2026-10-08
IGI,Western Asset Investment Grade Opportunity Trust Inc.,Finance,Investment Managers,0.0,0.0,2026-10-08
IGIC,International General Insurance Holdings Ltd. Ordinary Share,Finance,Property-Casualty Insurers,42842215.99839615,1068.484867,2026-10-08
IGR,CBRE Global Real Estate Income Fund,Finance,Finance Companies,0.0,0.0,2026-10-08
IH,iHuman Inc.,Real Estate,Other Consumer Services,51112862.28070176,58.268663,2026-10-08
IHD,Voya Emerging Markets High Income Dividend Equity Fund,Finance,Investment Managers,0.0,0.0,2026-10-08
IHG,Intercontinental Hotels Group,Consumer Discretionary,Hotels/Resorts,147161314.00274077,23625.27735,2026-10-08
IHRT,iHeartMedia Inc.,Consumer Discretionary,Broadcasting,133699126.86567165,268.735245,2026-10-08
IHS,IHS Holding Limited,Telecommunications,Telecommunications Equipment,335521222.0379147,2831.799114,2026-10-08
IHT,InnSuites Hospitality Trust Shares of Beneficial Interest,Real Estate,Real Estate Investment Trusts,11224569.166666668,13.469483,2026-10-08
IIF,Morgan Stanley India Investment Fund Inc.,Finance,Trusts Except Educational Religious and Charitable,0.0,0.0,2026-10-08
III,Information Services Group Inc.,Consumer Discretionary,Professional Services,48413461.99649737,276.440868,2026-10-08
IIIN,Insteel Industries Inc.,Industrials,Steel/Iron Ore,19358247.000331454,584.038312,2026-10-08
IIIV,i3 Verticals Inc.,Technology,Computer Software: Prepackaged Software,26322009.02406417,393.777255,2026-10-08
IIM,Invesco Value Municipal Income Trust,Finance,Investment Managers,47068438.98617512,510.692563,2026-10-08
IIPR,Innovative Industrial Properties Inc.,Finance,Real Estate,27571349.005173102,1385.736001,2026-10-08
IKT,Inhibikase Therapeutics Inc.,Health Care,Biotechnology: Biological Products (No Diagnostic Substances),139535900.0,276.281082,2026-10-08
ILAG,Intelligent Living Application Group Inc.,Consumer Discretionary,Office Equipment/Supplies/Services,2076947.9310344828,6.023149,2026-10-08
ILLU,Illumination Acquisition Corp I,Finance,Blank Checks,10264743.987975951,102.442145,2026-10-08
ILMN,Illumina Inc.,Health Care,Medical Specialities,151000000.0,41304.54,2026-10-08
ILPT,Industrial Logistics Properties Trust,Real Estate,Real Estate Investment Trusts,66745881.028492,480.236614,2026-10-08
IMA,ImageneBio Inc.,Health Care,Biotechnology: Biological Products (No Diagnostic Substances),11351456.086956523,52.216698,2026-10-08
IMAX,Imax Corporation,Consumer Discretionary,Industrial Machinery/Components,54842113.99762752,2773.914126,2026-10-08
IMC,IMC Rare Earths Ltd,Basic Materials,Metal Mining,105100000.0,798.76,2026-10-08
IMCC,IM Cannabis Corp.,Health Care, Medicinal Chemicals and Botanical Products ,992493.8144329897,1.925438,2026-10-08
IMCR,Immunocore Holdings plc,Health Care,Biotechnology: Biological Products (No Diagnostic Substances),51498616.98815567,1521.784132,2026-10-08
IMDX,Insight Molecular Diagnostics Inc.,Health Care,Biotechnology: In Vitro & In Vivo Diagnostic Substances,32724284.02366864,110.60808,2026-10-08
IMKTA,Ingles Markets Incorporated,Consumer Staples,Food Chains,18994376.00093655,1622.499598,2026-10-08
IMMP,Immutep Limited,Health Care,Biotechnology: Pharmaceutical Preparations,7368606.912442396,31.979754,2026-10-08
IMMR,Immersion Corporation,Technology,Computer peripheral equipment,33206041.0041841,238.087314,2026-10-08
IMMX,Immix Biopharma Inc.,Health Care,Biotechnology: Pharmaceutical Preparations,82902951.0373444,799.184448,2026-10-08
IMNM,Immunome Inc.,Health Care,Biotechnology: Pharmaceutical Preparations,118003116.00207147,2278.64017,2026-10-08
IMNN,Imunon Inc.,Health Care,Biotechnology: Pharmaceutical Preparations,5611402.678571428,6.284771,2026-10-08
IMO,Imperial Oil Limited,Energy,Integrated oil Companies,483593000.0,59090.22867,2026-10-08
IMOS,ChipMOS TECHNOLOGIES INC.,Technology,Semiconductors,34999156.00204108,2743.583839,2026-10-08
IMPP,Imperial Petroleum Inc.,Consumer Discretionary,Marine Transportation,45213658.07692307,235.111022,2026-10-08
IMPPP,Imperial Petroleum Inc. 8.75% Series A Cumulative Redeemable Perpetual Preferred Shares,Consumer Discretionary,Marine Transportation,45213658.012084246,1171.101563,2026-10-08
IMRN,Immuron Limited,Health Care,Biotechnology: Pharmaceutical Preparations,8071201.851851852,8.716898,2026-10-08
IMRX,Immuneering Corporation,Health Care,Biotechnology: Pharmaceutical Preparations,64697402.08877285,247.79105,2026-10-08
IMSR,Terrestrial Energy Inc.,Industrials,Metal Fabrications,105935253.94402035,416.325548,2026-10-08
IMSRW,Terrestrial Energy Inc. Warrant,Industrials,Metal Fabrications,105935253.78787878,139.834535,2026-10-08
IMTE,Integrated Media Technology Limited,Consumer Staples,Consumer Electronics/Appliances,3446432.967032967,1.568127,2026-10-08
IMTX,Immatics N.V.,Health Care,Biotechnology: Biological Products (No Diagnostic Substances),149631676.0,1122.23757,2026-10-08
IMUX,Immunic Inc.,Health Care,Biotechnology: Pharmaceutical Preparations,13644467.007672634,106.699732,2026-10-08
IMVT,Immunovant Inc.,Health Care,Biotechnology: Biological Products (No Diagnostic Substances),206552681.99937713,6632.406619,2026-10-08
IMXI,International Money Express Inc.,Consumer Discretionary,Business Services,30211626.964433417,365.25857,2026-10-08
INAB,IN8bio Inc.,Health Care,Biotechnology: Biological Products (No Diagnostic Substances),9858382.73381295,13.703152,2026-10-08
INAC,Indigo Acquisition Corp.,,,0.0,0.0,2026-10-08
INACU,Indigo Acquisition Corp. Unit,,,0.0,0.0,2026-10-08
INBK,First Internet Bancorp,Finance,Major Banks,8733573.999251777,233.448433,2026-10-08
INBKZ,First Internet Bancorp 6.0% Fixed-to-Floating Rate Subordinated Notes Due 2029,Finance,Major Banks,8713093.997779893,219.779083,2026-10-08
INBS,Intelligent Bio Solutions Inc.,Health Care,Medical/Dental Instruments,3316803.164556962,5.240549,2026-10-08
INBX,Inhibrx Biosciences Inc.,Health Care,Biotechnology: Biological Products (No Diagnostic Substances),14717660.004282197,1374.776621,2026-10-08
INCR,Intercure Ltd.,Health Care,Biotechnology: Pharmaceutical Preparations,15003766.917293232,79.82004,2026-10-08
INCY,Incyte Corp.,Health Care,Biotechnology: Commercial Physical & Biological Resarch,202697746.0037257,22850.116907,2026-10-08
INDB,Independent Bank Corp.,Finance,Major Banks,47369099.00491246,3760.63277,2026-10-08
INDI,indie Semiconductor Inc.,Technology,Semiconductors,231808883.15789473,660.655317,2026-10-08
INDO,Indonesia Energy Corporation Limited,Energy,Oil & Gas Production,15386840.072202167,42.621547,2026-10-08
INDP,Indaptus Therapeutics Inc.,Health Care,Biotechnology: Pharmaceutical Preparations,133242323.93822394,345.097619,2026-10-08
INDV,Indivior Pharmaceuticals Inc.,Health Care,Biotechnology: Pharmaceutical Preparations,118031934.01114206,4237.346431,2026-10-08
INEO,INNEOVA Holdings Limited,Consumer Discretionary,Motor Vehicles,16170623.38556914,9.390281,2026-10-08
INFQ,Infleqtion Inc.,Technology,EDP Services,225357051.99362043,2825.977432,2026-10-08
INFU,InfuSystems Holdings Inc.,Health Care,Medical/Dental Instruments,19917181.009796534,264.300992,2026-10-08
INFY,Infosys Limited,Technology,EDP Services,4056360090.9952602,42794.59896,2026-10-08
ING,ING Group N.V.,Finance,Commercial Banks,2902437687.9942694,101295.075311,2026-10-08
INGM,Ingram Micro Holding Corporation,Technology,Retail: Computer Software & Peripheral Equipment,230661904.0113596,6497.745836,2026-10-08
INGN,Inogen Inc,Health Care,Industrial Specialties,26538336.91507799,153.126204,2026-10-08
INGR,Ingredion Incorporated,Consumer Staples,Packaged Foods,63063978.99741602,6101.439968,2026-10-08
INHD,Inno Holdings Inc.,Industrials,Steel/Iron Ore,2520580.9523809524,8.469152,2026-10-08
INIO,INNIO N.V.,Consumer Discretionary,Metal Fabrications,750000000.0,16012.5,2026-10-08
INKT,MiNK Therapeutics Inc.,Health Care,Biotechnology: Biological Products (No Diagnostic Substances),5103001.965811966,59.705123,2026-10-08
INLF,INLIF LIMITED,Industrials,Industrial Machinery/Components,1090297.9651162792,3.750625,2026-10-08
INLX,Intellinetics Inc.,Technology,Computer Software: Prepackaged Software,4494994.020618557,21.800721,2026-10-08
INM,InMed Pharmaceuticals Inc.,Health Care,Biotechnology: Pharmaceutical Preparations,5493735.338345865,7.306668,2026-10-08
INMB,INmune Bio Inc.,Health Care,Biotechnology: Biological Products (No Diagnostic Substances),27753788.770053476,51.899585,2026-10-08
INMD,InMode Ltd.,Health Care,Biotechnology: Electromedical & Electrotherapeutic Apparatus,57480771.97998571,804.156,2026-10-08
INN,Summit Hotel Properties Inc.,Real Estate,Real Estate Investment Trusts,107853462.93823038,646.042243,2026-10-08
INNV,InnovAge Holding Corp.,Health Care,Medical/Nursing Services,136451425.0,1228.062825,2026-10-08
INO,Inovio Pharmaceuticals Inc.,Health Care,Biotechnology: Pharmaceutical Preparations,103397517.69911505,116.839195,2026-10-08
INOD,Innodata Inc.,Technology,EDP Services,34382650.99637681,2277.506802,2026-10-08
INR,Infinity Natural Resources Inc.,Energy,Oil & Gas Production,63422258.0,856.200483,2026-10-08
INSE,Inspired Entertainment Inc.,Technology,Computer Software: Prepackaged Software,26358372.040302265,104.642737,2026-10-08
INSG,Inseego Corp.,Telecommunications,Telecommunications Equipment,16420591.96617336,77.6694,2026-10-08
INSM,Insmed Incorporated,Health Care,Biotechnology: Pharmaceutical Preparations,218381503.00294593,22980.285561,2026-10-08
INSP,Inspire Medical Systems Inc.,Health Care,Medical/Dental Instruments,28910375.0,1971.687575,2026-10-08
INSW,International Seaways Inc.,Consumer Discretionary,Marine Transportation,49531310.99948481,5768.416479,2026-10-08
INTA,Intapp Inc.,Technology,Computer Software: Prepackaged Software,76511147.98811774,2833.20781,2026-10-08
INTC,Intel Corporation,Technology,Semiconductors,5285069511.004444,594570.319988,2026-10-08
INTG,Intergroup Corporation (The),Real Estate,Building operators,2148811.9833275443,61.864297,2026-10-08
INTJ,Intelligent Group Limited,Consumer Discretionary,Professional Services,1537497.9020979023,4.397244,2026-10-08
INTR,Inter & Co. Inc.,Finance,Commercial Banks,441321663.01564723,3102.491291,2026-10-08
INTS,Intensity Therapeutics Inc.,Health Care,Biotechnology: Biological Products (No Diagnostic Substances),3264878.8732394367,11.59032,2026-10-08
INTT,inTest Corporation,Industrials,Electrical Products,12825785.970974429,185.589123,2026-10-08
INTU,Intuit Inc.,Technology,Computer Software: Prepackaged Software,267236000.0,77447.66516,2026-10-08
INTZ,Intrusion Inc.,Telecommunications,Computer Communications Equipment,24506952.54189551,17.402387,2026-10-08
INUV,Inuvo Inc.,Consumer Discretionary,Advertising,16483079.239600979,8.75746,2026-10-08
INV,Innventure Inc.,Finance,Blank Checks,84612656.3051925,47.907686,2026-10-08
INVA,Innoviva Inc.,Health Care,Biotechnology: Pharmaceutical Preparations,72245485.02160347,1504.873453,2026-10-08
INVE,INVE Technologies Inc.,Technology,Computer peripheral equipment,24235752.892561983,58.650522,2026-10-08
INVH,Invitation Homes Inc.,Finance,Real Estate,590623225.994695,15586.546934,2026-10-08
INVX,Innovex International Inc.,Consumer Discretionary,Oil and Gas Field Machinery,69935827.00941347,1931.627542,2026-10-08
INVZ,Innoviz Technologies Ltd.,Consumer Discretionary,Auto Parts:O.E.M.,288032001.22025627,94.41689,2026-10-08
IOND,Ionic Digital Inc.,Finance,Finance: Consumer Services,44996175.0,3738.282219,2026-10-08
IONQ,IonQ Inc.,Technology,EDP Services,381002313.998614,16493.590173,2026-10-08
IONR,ioneer Ltd,Industrials,Mining & Quarrying of Nonmetallic Minerals (No Fuels),76865848.88178913,240.590107,2026-10-08
IONS,Ionis Pharmaceuticals Inc.,Health Care,Biotechnology: Pharmaceutical Preparations,166184322.0,7312.110168,2026-10-08
IOR,Income Opportunity Realty Investors Inc.,Real Estate,Real Estate Investment Trusts,4066178.0080598732,70.629512,2026-10-08
IOSP,Innospec Inc.,Industrials,Major Chemicals,24631047.00152207,2427.389682,2026-10-08
IOT,Samsara Inc.,Technology,EDP Services,585605209.0081457,24443.161424,2026-10-08
IOTR,iOThree Limited,Consumer Discretionary,Telecommunications Equipment,6064397.989949749,12.068152,2026-10-08
IOVA,Iovance Biotherapeutics Inc.,Health Care,Biotechnology: Biological Products (No Diagnostic Substances),452971432.0216049,5870.509759,2026-10-08
IP,International Paper Company,Basic Materials,Paper,529569894.99066585,17020.376425,2026-10-08
IPAR,Interparfums Inc.,Consumer Discretionary,Package Goods/Cosmetics,32025781.0013292,3614.109386,2026-10-08
IPDN,Professional Diversity Network Inc.,Technology,Computer Software: Programming Data Processing,665811.0629067245,3.069389,2026-10-08
IPFX,Inflection Point Acquisition Corp. VI,Finance,Blank Checks,0.0,0.0,2026-10-08
IPFXW,Inflection Point Acquisition Corp. VI Warrant,Finance,Blank Checks,0.0,0.0,2026-10-08
IPGP,IPG Photonics Corporation,Technology,Semiconductors,42534539.0010754,3559.715569,2026-10-08
IPHA,Innate Pharma S.A.,Health Care,Biotechnology: Biological Products (No Diagnostic Substances),111700347.16981131,177.603552,2026-10-08
IPHX,Inflection Point Acquisition Corp. VIII,,,0.0,0.0,2026-10-08
IPHXU,Inflection Point Acquisition Corp. VIII Unit,,,0.0,0.0,2026-10-08
IPHXW,Inflection Point Acquisition Corp. VIII Warrant,,,0.0,0.0,2026-10-08
IPI,Intrepid Potash Inc,Industrials,Mining & Quarrying of Nonmetallic Minerals (No Fuels),13456673.993438711,451.202279,2026-10-08
IPM,Intelligent Protection Management Corp.,Technology,Computer Software: Programming Data Processing,9035729.213483145,16.083598,2026-10-08
IPSC,Century Therapeutics Inc.,Health Care,Biotechnology: Biological Products (No Diagnostic Substances),181075321.21212122,239.019424,2026-10-08
IPST,IP Strategy Holdings Inc.,Consumer Staples,Beverages (Production/Distribution),721578.1456953642,2.179166,2026-10-08
IPVV,InterPrivate Investment Partners V Inc.,Finance,Blank Checks,0.0,0.0,2026-10-08
IPW,iPower Inc.,Consumer Discretionary,RETAIL: Building Materials,1262584.0707964604,1.42672,2026-10-08
IPWR,Ideal Power Inc.,Technology,Semiconductors,16434654.93670886,64.916887,2026-10-08
IPX,IperionX Limited,Basic Materials,Other Metals and Minerals,33938406.99588477,577.292303,2026-10-08
IPXG,Inflection Point Acquisition Corp. VII,Finance,Blank Checks,0.0,0.0,2026-10-08
IQ,iQIYI Inc.,Consumer Discretionary,Consumer Electronics/Video Chains,965024734.6534654,974.674982,2026-10-08
IQI,Invesco Quality Municipal Income Trust,Finance,Finance Companies,52883796.962879635,470.136955,2026-10-08
IQMX,IQM Quantum Computers Oyj,Technology,Computer Software: Prepackaged Software,189496218.03127876,2059.82389,2026-10-08
IQMXW,IQM Quantum Computers Oyj Warrants to purchase,Technology,Computer Software: Prepackaged Software,189496217.77777776,341.093192,2026-10-08
IQST,iQSTEL Inc.,Telecommunications,Telecommunications Equipment,10915859.405940594,11.025018,2026-10-08
IQV,IQVIA Holdings Inc.,Health Care,Biotechnology: Commercial Physical & Biological Resarch,164600000.0,42792.708,2026-10-08
IR,Ingersoll Rand Inc.,Industrials,Industrial Machinery/Components,387999428.9988638,30733.434771,2026-10-08
IRAB,Iris Acquisition Corp II,,,0.0,0.0,2026-10-08
IRD,Opus Genetics Inc.,Health Care,Biotechnology: Pharmaceutical Preparations,83195823.05936073,364.397705,2026-10-08
IRDM,Iridium Communications Inc,Consumer Discretionary,Telecommunications Equipment,105960382.99347472,5196.297182,2026-10-08
IREN,IREN Limited,Finance,Finance: Consumer Services,394058647.9893411,16266.740989,2026-10-08
IRHO,Iron Horse Acquisitions II Corp.,Finance,Blank Checks,0.0,0.0,2026-10-08
IRHOR,Iron Horse Acquisitions Corp. II Rights,Finance,Blank Checks,0.0,0.0,2026-10-08
IRIX,IRIDEX Corporation,Health Care,Biotechnology: Electromedical & Electrotherapeutic Apparatus,17564911.76470588,11.94414,2026-10-08
IRM,Iron Mountain Incorporated (Delaware)Common Stock REIT,Real Estate,Real Estate Investment Trusts,297702812.0,34682.377598,2026-10-08
IRMD,iRadimed Corporation,Health Care,Medical/Dental Instruments,12786991.004480077,1084.592577,2026-10-08
IRON,Disc Medicine Inc.,Health Care,Biotechnology: Pharmaceutical Preparations,38392844.00648824,2366.918833,2026-10-08
IRS,IRSA Inversiones Y Representaciones S.A. Global,Real Estate,Homebuilding,81079711.9831815,1157.00749,2026-10-08
IRT,Independence Realty Trust Inc.,Real Estate,Real Estate Investment Trusts,235744567.00610998,3472.517472,2026-10-08
IRTC,iRhythm Holdings Inc.,Health Care,Medical/Dental Instruments,32963003.003731344,3533.633922,2026-10-08
IRWD,Ironwood Pharmaceuticals Inc.,Health Care,Biotechnology: Pharmaceutical Preparations,165239947.10743803,599.821008,2026-10-08
ISBA,Isabella Bank Corporation,Finance,Major Banks,7628872.98813095,292.452846,2026-10-08
ISD,PGIM High Yield Bond Fund Inc.,Finance,Trusts Except Educational Religious and Charitable,0.0,0.0,2026-10-08
ISNR,Snow Rothschild Acquisition Corp.,Finance,Blank Checks,0.0,0.0,2026-10-08
ISOU,IsoEnergy Ltd.,,,65241358.959537566,677.205306,2026-10-08
ISPC,iSpecimen Inc.,Health Care,Biotechnology: Commercial Physical & Biological Resarch,2518589.7196261683,2.694891,2026-10-08
ISPR,Ispire Technology Inc.,Health Care, Medicinal Chemicals and Botanical Products ,57754470.676691726,76.813446,2026-10-08
ISRG,Intuitive Surgical Inc.,Health Care,Industrial Specialties,353278038.0002965,142992.818661,2026-10-08
ISTR,Investar Holding Corporation,Finance,Major Banks,13777026.006825939,403.666862,2026-10-08
IT,Gartner Inc.,Consumer Discretionary,Other Consumer Services,63148976.000432625,11677.508642,2026-10-08
ITG,ITG Inc.,Industrials,Water Sewer Pipeline Comm & Power Line Construction,124157218.95504253,1021.813912,2026-10-08
ITGR,Integer Holdings Corporation,Health Care,Biotechnology: Electromedical & Electrotherapeutic Apparatus,33992048.003479086,4298.974311,2026-10-08
ITHA,ITHAX Acquisition Corp III,,,0.0,0.0,2026-10-08
ITIC,Investors Title Company,Finance,Specialty Insurers,1887995.9997271765,553.617067,2026-10-08
ITOC,iTonic Holdings Ltd,Health Care,Biotechnology: Electromedical & Electrotherapeutic Apparatus,7315625.06082725,30.067219,2026-10-08
ITP,IT Tech Packaging Inc.,Consumer Discretionary,Containers/Packaging,16965422.81879195,2.527848,2026-10-08
ITRG,Integra Resources Corp.,Basic Materials,Precious Metals,202873069.92481202,539.642366,2026-10-08
ITRI,Itron Inc.,Industrials,Electrical Products,43786753.003733456,3870.311098,2026-10-08
ITRN,Ituran Location and Control Ltd.,Technology,Electronic Components,19893580.00766724,1037.848069,2026-10-08
ITT,ITT Inc.,Industrials,Fluid Controls,89400000.0,18533.514,2026-10-08
ITUB,Itau Unibanco Banco Holding SA,Finance,Major Banks,11026869192.019705,111922.722299,2026-10-08
ITW,Illinois Tool Works Inc.,Industrials,Industrial Machinery/Components,284800000.0,76081.472,2026-10-08
IVA,Inventiva S.A. American Depository Shares,Health Care,Biotechnology: Pharmaceutical Preparations,236280202.0231214,817.529499,2026-10-08
IVAI,Ives Ultra AI Opportunities Inc.,,,0.0,0.0,2026-10-08
IVDA,Iveda Solutions Inc.,Technology,Computer Software: Prepackaged Software,12519025.64102564,3.417694,2026-10-08
IVF,INVO Fertility Inc.,Health Care,Medical/Dental Instruments,4601364.60822538,3.658545,2026-10-08
IVR,INVESCO MORTGAGE CAPITAL INC,Real Estate,Real Estate Investment Trusts,107640416.95804197,615.703185,2026-10-08
IVT,InvenTrust Properties Corp.,Real Estate,Real Estate Investment Trusts,77978430.99159664,2319.858322,2026-10-08
IVVD,Invivyd Inc.,Health Care,Biotechnology: Biological Products (No Diagnostic Substances),294758746.2797619,237.693453,2026-10-08
IVZ,Invesco Ltd,Finance,Investment Managers,441499779.98683345,13412.763316,2026-10-08
IX,ORIX Corporation,Finance,Diversified Financial Services,1089600781.0010765,40489.565022,2026-10-08
IXHL,Incannex Healthcare Inc.,Health Care,Biotechnology: Pharmaceutical Preparations,12544627.12933754,39.766468,2026-10-08
IZEA,IZEA Worldwide Inc.,Consumer Discretionary,Advertising,17416286.122448977,42.669901,2026-10-08
IZM,ICZOOM Group Inc.,Consumer Discretionary,Consumer Electronics/Video Chains,2403622.1662468514,2.385595,2026-10-08
J,Jacobs Solutions Inc.,Industrials,Military/Government/Technical,117038611.00337572,16295.28581,2026-10-08
JACK,Jack In The Box Inc.,Consumer Discretionary,Restaurants,19179329.96742671,235.522172,2026-10-08
JACS,Jackson Acquisition Company II,,,0.0,0.0,2026-10-08
JAGU,Jaguar Uranium Corp.,Basic Materials,Metal Mining,20193776.724137932,23.424781,2026-10-08
JAGX,Jaguar Health Inc.,Health Care,Biotechnology: Pharmaceutical Preparations,1281838.9679715303,7.203935,2026-10-08
JAKK,JAKKS Pacific Inc.,Consumer Discretionary,Recreational Games/Products/Toys,11445011.99416697,313.936679,2026-10-08
JAN,Janus Living Inc. Class A-1,Real Estate,Real Estate Investment Trusts,310290776.0154062,8861.904563,2026-10-08
JANX,Janux Therapeutics Inc.,Health Care,Biotechnology: Pharmaceutical Preparations,61136773.01965456,1026.486419,2026-10-08
JATT,JATT II Acquisition Corp,Finance,Blank Checks,0.0,0.0,2026-10-08
JAZZ,Jazz Pharmaceuticals plc,Health Care,Biotechnology: Pharmaceutical Preparations,64914576.99987035,15020.583972,2026-10-08
JBDI,JBDI Holdings Limited,,,9514531.578947369,9.038805,2026-10-08
JBGS,JBG SMITH Properties,Real Estate,Real Estate Investment Trusts,74618447.97421731,810.356345,2026-10-08
JBHT,J.B. Hunt Transport Services Inc.,Industrials,Trucking Freight/Courier Services,93914938.99880494,21218.202168,2026-10-08
JBI,Janus International Group Inc.,Industrials,Building Products,136435790.0462963,589.402613,2026-10-08
JBIO,Jade Biosciences Inc.,Health Care,Biotechnology: Pharmaceutical Preparations,63597387.0246085,852.84096,2026-10-08
JBK,Lehman ABS 3.50 3.50% Adjustable Corp Backed Tr Certs GS Cap I,Finance,Finance: Consumer Services,0.0,0.0,2026-10-08
JBL,Jabil Inc.,Technology,Electrical Products,104787089.00029108,32399.120048,2026-10-08
JBLU,JetBlue Airways Corporation,Consumer Discretionary,Air Freight/Delivery Services,377312180.89330024,1520.568089,2026-10-08
JBS,JBS N.V.,Consumer Staples,Meat/Poultry/Fish,1070929187.0216306,12872.568828,2026-10-08
JBSS,John B. Sanfilippo & Son Inc.,Consumer Staples,Specialty Foods,11693481.006493505,792.350273,2026-10-08
JBTM,JBT Marel Corporation,Industrials,Industrial Machinery/Components,51876817.00248413,5638.49124,2026-10-08
JCAP,Jefferson Capital Inc.,Finance,Finance Companies,57425536.0020141,1140.471145,2026-10-08
JCE,Nuveen Core Equity Alpha Fund,Finance,Trusts Except Educational Religious and Charitable,0.0,0.0,2026-10-08
JCI,Johnson Controls International plc Ordinary Share,Industrials,Industrial Machinery/Components,605741469.9987403,96167.515777,2026-10-08
JCSE,JE Cleantech Holdings Limited,Consumer Discretionary,Miscellaneous manufacturing industries,5252720.284697508,7.380072,2026-10-08
JCTC,Jewett-Cameron Trading Company,Consumer Discretionary,RETAIL: Building Materials,3520112.837837838,10.419534,2026-10-08
JD,JD.com Inc.,Consumer Discretionary,Other Specialty Stores,1344000000.0,35616.0,2026-10-08
JDZG,JIADE LIMITED,Real Estate,Other Consumer Services,5431483.02238806,29.112749,2026-10-08
JEF,Jefferies Financial Group Inc.,Finance,Investment Bankers/Brokers/Service,193742689.9911032,8710.671342,2026-10-08
JELD,JELD-WEN Holding Inc.,Basic Materials,Forest Products,86763381.86813186,157.909355,2026-10-08
JEM,707 Cayman Holdings Limited,Consumer Discretionary,Clothing/Shoe/Accessory Stores,695341.095890411,2.537995,2026-10-08
JENA,Jena Acquisition Corporation II,Finance,Blank Checks,0.0,0.0,2026-10-08
JF,J and Friends Holdings Limited,Technology,Computer Software: Programming Data Processing,18340154.305112645,17.828464,2026-10-08
JFIN,Jiayin Group Inc.,Finance,Finance: Consumer Services,52329546.268656716,70.121592,2026-10-08
JFR,Nuveen Floating Rate Income Fund,Finance,Trusts Except Educational Religious and Charitable,0.0,0.0,2026-10-08
JFU,9F Inc.,Finance,Finance: Consumer Services,11773332.916666668,28.255999,2026-10-08
JG,Aurora Mobile Limited,Technology,Computer Software: Programming Data Processing,5961583.0,41.731081,2026-10-08
JGH,Nuveen Global High Income Fund,Finance,Investment Managers,0.0,0.0,2026-10-08
JHI,John Hancock Investors Trust,Finance,Trusts Except Educational Religious and Charitable,8744547.019867549,105.634128,2026-10-08
JHS,John Hancock Income Securities Trust,Finance,Finance Companies,11646585.043988269,119.144565,2026-10-08
JHX,James Hardie Industries plc.,Industrials,Building Materials,580522488.014101,14820.739119,2026-10-08
JILL,J. Jill Inc.,Consumer Discretionary,Apparel,14862977.019386105,368.007311,2026-10-08
JJSF,J & J Snack Foods Corp.,Consumer Staples,Specialty Foods,18681608.006042298,1484.06694,2026-10-08
JKHY,Jack Henry & Associates Inc.,Technology,EDP Services,70111999.00297722,10126.276016,2026-10-08
JKS,JinkoSolar Holding Company Limited,Technology,Semiconductors,52370188.00880088,476.045009,2026-10-08
JL,J-Long Group Limited,Consumer Discretionary,Clothing/Shoe/Accessory Stores,3565201.075268817,16.578185,2026-10-08
JLHL,Julong Holding Limited,Consumer Discretionary,Military/Government/Technical,22198631.904761903,93.234254,2026-10-08
JLL,Jones Lang LaSalle Incorporated,Finance,Real Estate,45826722.00118569,13913.909334,2026-10-08
JLS,Nuveen Mortgage and Income Fund,Finance,Investment Managers,0.0,0.0,2026-10-08
JMIA,Jumia Technologies AG,Consumer Discretionary,Catalog/Specialty Distribution,133625841.02941176,908.655719,2026-10-08
JMKE,Jersey Mike's Subs Inc.,Consumer Discretionary,Restaurants,317638900.0,5218.807127,2026-10-08
JMM,Nuveen Multi-Market Income Fund (MA),Finance,Trusts Except Educational Religious and Charitable,0.0,0.0,2026-10-08
JMSB,John Marshall Bancorp Inc.,Finance,Major Banks,14112134.002618944,323.30899,2026-10-08
JNJ,Johnson & Johnson,Health Care,Biotechnology: Pharmaceutical Preparations,2409898597.0013347,613993.964544,2026-10-08
JOB,GEE Group Inc.,Consumer Discretionary,Diversified Commercial Services,109870683.72093023,23.622197,2026-10-08
JOBY,Joby Aviation Inc.,Industrials,Aerospace,993874444.9826989,5744.594292,2026-10-08
JOE,St. Joe Company (The),Real Estate,Homebuilding,56930451.00030312,3756.271157,2026-10-08
JOF,Japan Smaller Capitalization Fund Inc,Finance,Trusts Except Educational Religious and Charitable,0.0,0.0,2026-10-08
JONE,Jones Ventures INTL Acquisition1 Corp,Finance,Blank Checks,0.0,0.0,2026-10-08
JOUT,Johnson Outdoors Inc.,Consumer Discretionary,Recreational Games/Products/Toys,10479669.991075413,469.698809,2026-10-08
JOYY,JOYY Inc.,Technology,EDP Services,51721992.00247985,4171.378655,2026-10-08
JPC,Nuveen Preferred & Income Opportunities Fund,Finance,Investment Managers,0.0,0.0,2026-10-08
JPM,JP Morgan Chase & Co.,Finance,Major Banks,2658186195.001208,880603.92268,2026-10-08
JQC,Nuveen Credit Strategies Income Fund Shares of Beneficial Interest,Finance,Finance Companies,0.0,0.0,2026-10-08
JRI,Nuveen Real Asset Income and Growth Fund,Finance,Finance Companies,0.0,0.0,2026-10-08
JRS,Nuveen Real Estate Income Fund,Finance,Finance/Investors Services,0.0,0.0,2026-10-08
JRSH,Jerash Holdings (US) Inc.,Consumer Discretionary,Apparel,12699940.0,76.834637,2026-10-08
JRVR,James River Group Holdings Inc.,Finance,Property-Casualty Insurers,46249038.04034582,160.484162,2026-10-08
JSM,Navient Corporation 6% Senior Notes due December 15 2043,Finance,Investment Bankers/Brokers/Service,99431038.00542502,1645.872029,2026-10-08
JSPR,Jasper Therapeutics Inc.,Health Care,Biotechnology: Biological Products (No Diagnostic Substances),33274561.685413316,18.637082,2026-10-08
JTAI,Jet.AI Inc.,Consumer Discretionary,Transportation Services,3557520.945945946,5.265131,2026-10-08
JTTT,JATT III Acquisition Corp,Finance,Blank Checks,0.0,0.0,2026-10-08
JUNS,Jupiter Neurosciences Inc.,Health Care,Biotechnology: Pharmaceutical Preparations,1318520.979020979,3.77097,2026-10-08
JVA,Coffee Holding Co. Inc.,Consumer Staples,Packaged Foods,5708598.997493734,22.77731,2026-10-08
JWEL,Jowell Global Ltd.,Consumer Discretionary,Other Consumer Services,2376130.8333333335,5.702714,2026-10-08
JXG,JX Luxventure Group Inc.,Industrials,Office Equipment/Supplies/Services,12059876.963350786,92.13746,2026-10-08
JXN,Jackson Financial Inc.,Finance,Life Insurance,67728743.99969904,9001.827365,2026-10-08
JYD,Jayud Global Logistics Limited,Industrials,Integrated Freight & Logistics,8298900.0,7.46901,2026-10-08
JYNT,The Joint Corp.,Miscellaneous,Multi-Sector Companies,14143154.008438818,100.557825,2026-10-08
JZ,Jianzhi Education Technology Group Company Limited,Real Estate,Other Consumer Services,2408313.389026868,1.066642,2026-10-08
JZXN,Jiuzi Holdings Inc.,Consumer Discretionary,Retail-Auto Dealers and Gas Stations,51512759.090909086,56.664035,2026-10-08
KAI,Kadant Inc,Industrials,Industrial Machinery/Components,11809116.99916559,3113.591788,2026-10-08
KALA,KALA BIO Inc.,Health Care,Biotechnology: Pharmaceutical Preparations,19339785.714285716,7.039682,2026-10-08
KALU,Kaiser Aluminum Corporation,Industrials,Metal Fabrications,16349092.001040515,2513.999877,2026-10-08
KAPA,Kairos Pharma Ltd.,Health Care,Biotechnology: Pharmaceutical Preparations,3385382.6086956523,3.89319,2026-10-08
KARD,Kardigan Inc.,Health Care,Biotechnology: Pharmaceutical Preparations,93503699.0363232,1261.3649,2026-10-08
KARO,Karooooo Ltd.,Technology,Computer Software: Prepackaged Software,30893300.0,1903.02728,2026-10-08
KAZR,Skyline Builders Group Holding Limited,Consumer Discretionary,Engineering & Construction,17942093.91304348,41.266816,2026-10-08
KB,KB Financial Group Inc,Finance,Commercial Banks,358587722.0022443,44737.404197,2026-10-08
KBDC,Kayne Anderson BDC Inc.,,,66037809.99206979,832.736784,2026-10-08
KBH,KB Home,Consumer Discretionary,Homebuilding,61309727.99559472,2783.461651,2026-10-08
KBON,Karbon Capital Partners Corp.,Finance,Blank Checks,0.0,0.0,2026-10-08
KBONU,Karbon Capital Partners Corp. Units,Finance,Blank Checks,0.0,0.0,2026-10-08
KBONW,Karbon Capital Partners Corp. Warrant,Finance,Blank Checks,0.0,0.0,2026-10-08
KBR,KBR Inc.,Industrials,Military/Government/Technical,126067755.01300202,4363.205001,2026-10-08
KBSX,FST Corp.,Consumer Discretionary,Recreational Games/Products/Toys,44766003.03030303,73.863905,2026-10-08
KC,Kingsoft Cloud Holdings Limited,Technology,Computer Software: Prepackaged Software,299369663.95721924,2799.106358,2026-10-08
KCHV,Kochav Defense Acquisition Corp.,,,0.0,0.0,2026-10-08
KD,Kyndryl Holdings Inc.,Technology,EDP Services,217818262.97909406,2500.553659,2026-10-08
KDK,Kodiak AI Inc.,Technology,EDP Services,200618169.76744187,345.063252,2026-10-08
KDKRW,Kodiak AI Inc. Warrants,Technology,EDP Services,200618169.51147735,68.170054,2026-10-08
KDP,Keurig Dr Pepper Inc.,Consumer Staples,Beverages (Production/Distribution),1360826038.0019274,42362.514563,2026-10-08
KE,Kimball Electronics Inc.,Technology,Electrical Products,23991995.000867907,691.089416,2026-10-08
KEEL,Keel Infrastructure Corp.,Finance,Finance: Consumer Services,617573212.1037464,2142.979046,2026-10-08
KELYA,Kelly Services Inc.,Consumer Discretionary,Professional Services,34731942.99485861,540.429033,2026-10-08
KELYB,Kelly Services Inc.,Consumer Discretionary,Professional Services,34731942.99107143,777.995523,2026-10-08
KEN,Kenon Holdings Ltd.,Utilities,Electric Utilities: Central,52108396.99284785,3205.708583,2026-10-08
KEP,Korea Electric Power Corporation,Utilities,Electric Utilities: Central,1283928153.975265,14534.066703,2026-10-08
KEQU,Kewaunee Scientific Corporation,Industrials,Medical Specialities,2895347.0047449586,97.631101,2026-10-08
KEX,Kirby Corporation,Consumer Discretionary,Marine Transportation,52800000.0,7312.8,2026-10-08
KEY,KeyCorp,Finance,Major Banks,1067128554.021847,21491.969078,2026-10-08
KEYS,Keysight Technologies Inc.,Industrials,Industrial Machinery/Components,170244744.99909803,66060.068402,2026-10-08
KEYY,Keystone Acquisition Corp.,Finance,Blank Checks,0.0,0.0,2026-10-08
KEYYW,Keystone Acquisition Corp. Warrants,Finance,Blank Checks,0.0,0.0,2026-10-08
KF,Korea Fund Inc. (The) New,Finance,Investment Managers,0.0,0.0,2026-10-08
KFFB,Kentucky First Federal Bancorp,Finance,Savings Institutions,8086714.956521739,46.498611,2026-10-08
KFII,K&F Growth Acquisition Corp. II,Finance,Blank Checks,0.0,0.0,2026-10-08
KFIIR,K&F Growth Acquisition Corp. II Rights,,,0.0,0.0,2026-10-08
KFRC,Kforce Inc.,Consumer Discretionary,Professional Services,17909000.0,907.62812,2026-10-08
KFY,Korn Ferry,Consumer Discretionary,Diversified Commercial Services,54558850.99915564,3876.951952,2026-10-08
KG,Kestrel Group Ltd.,Finance,Property-Casualty Insurers,7824030.018761726,41.70208,2026-10-08
KGC,Kinross Gold Corporation,Basic Materials,Precious Metals,1194100000.0,28431.521,2026-10-08
KGEI,Kolibri Global Energy Inc.,Energy,Oil & Gas Production,35951494.96855345,228.651508,2026-10-08
KGS,Kodiak Gas Services Inc.,Utilities,Natural Gas Distribution,101377475.00447308,5665.987078,2026-10-08
KHC,The Kraft Heinz Company,Consumer Staples,Packaged Foods,1185823758.011802,26123.697389,2026-10-08
KIDS,OrthoPediatrics Corp.,Health Care,Medical/Dental Instruments,26109787.978863936,592.953285,2026-10-08
KIDZ,KIDZ AI Inc.,Real Estate,Other Consumer Services,860676.8240343347,2.005377,2026-10-08
KIDZW,KIDZ AI Inc. Warrants,Real Estate,Other Consumer Services,860700.0,0.008607,2026-10-08
KIM,Kimco Realty Corporation (HC),Real Estate,Real Estate Investment Trusts,670789372.9900632,14851.276718,2026-10-08
KINS,Kingstone Companies Inc.,Finance,Property-Casualty Insurers,14476132.990805842,267.663699,2026-10-08
KIO,KKR Income Opportunities Fund,Finance,Investment Managers,0.0,0.0,2026-10-08
KITT,Nauticus Robotics Inc.,Industrials,Industrial Machinery/Components,1245327.2727272727,1.917804,2026-10-08
KITTW,Nauticus Robotics Inc. Warrant,Industrials,Industrial Machinery/Components,1245294.1176470588,0.014819,2026-10-08
KKR,KKR & Co. Inc.,Finance,Investment Managers,897635601.0036396,81388.619943,2026-10-08
KKRS,KKR Group Finance Co. IX LLC 4.625% Subordinated Notes due 2061,Finance,Investment Managers,897635600.9702457,13877.446391,2026-10-08
KKRT,KKR & Co. Inc. 6.875% Subordinated Notes due 2065,Finance,Investment Managers,0.0,0.0,2026-10-08
KLAC,KLA Corporation,Technology,Electronic Components,1305006491.9983795,257686.58191,2026-10-08
KLAR,Klarna Group plc,Finance,Finance: Consumer Services,705644499.018868,9349.789612,2026-10-08
KLC,KinderCare Learning Companies Inc.,Consumer Discretionary,Other Consumer Services,118517033.0,237.034066,2026-10-08
KLIC,Kulicke and Soffa Industries Inc.,Technology,Semiconductors,52329115.00204248,5124.066941,2026-10-08
KLRA,Kailera Therapeutics Inc.,Health Care,Biotechnology: Pharmaceutical Preparations,129643675.9926131,1404.041011,2026-10-08
KLRS,Kalaris Therapeutics Inc.,Health Care,Biotechnology: Biological Products (No Diagnostic Substances),23804980.82706767,63.321249,2026-10-08
KLTR,Kaltura Inc.,Technology,Computer Software: Prepackaged Software,152551222.65625,195.265565,2026-10-08
KLXE,KLX Energy Services Holdings Inc.,Energy,Oilfield Services/Equipment,105677168.26568265,143.192563,2026-10-08
KMB,Kimberly-Clark Corporation,Consumer Discretionary,Containers/Packaging,332579037.9973132,32183.673507,2026-10-08
KMDA,Kamada Ltd.,Health Care,Biotechnology: Pharmaceutical Preparations,57710305.05548706,468.030574,2026-10-08
KMI,Kinder Morgan Inc.,Utilities,Natural Gas Distribution,2226802088.9925375,71613.955182,2026-10-08
KMPB,Kemper Corporation 5.875% Fixed-Rate Reset Junior Subordinated Debentures due 2062,Finance,Property-Casualty Insurers,58923154.00485437,1456.580367,2026-10-08
KMPR,Kemper Corporation,Finance,Property-Casualty Insurers,58923154.00843882,1536.126625,2026-10-08
KMRK,K-Tech Solutions Company Limited,Consumer Discretionary,Recreational Games/Products/Toys,21099999.999999996,23.632,2026-10-08
KMT,Kennametal Inc.,Industrials,Industrial Machinery/Components,76390031.00868005,2552.190936,2026-10-08
KMTS,Kestra Medical Technologies Ltd.,Health Care,Medical/Dental Instruments,59561795.01845018,1614.124645,2026-10-08
KMX,CarMax Inc,Consumer Discretionary,Retail-Auto Dealers and Gas Stations,141942806.99945742,7848.017799,2026-10-08
KN,Knowles Corporation,Consumer Staples,Consumer Electronics/Appliances,85410326.001531,3347.230676,2026-10-08
KNDI,Kandi Technologies Group Inc.,Industrials,Auto Manufacturing,100415364.65638149,71.596155,2026-10-08
KNF,Knife Riv Holding Co.,Industrials,Mining & Quarrying of Nonmetallic Minerals (No Fuels),56763420.007514566,3021.516847,2026-10-08
KNOP,KNOT Offshore Partners LP Common Units representing Limited Partner Interests,Consumer Discretionary,Marine Transportation,33660342.048780486,345.018506,2026-10-08
KNRX,KNOREX LTD.,Technology,Computer Software: Programming Data Processing,30423111.87312473,7.097712,2026-10-08
KNSA,Kiniksa Pharmaceuticals International plc,Health Care,Biotechnology: Pharmaceutical Preparations,78024012.99779478,6014.871162,2026-10-08
KNSL,Kinsale Capital Group Inc.,Finance,Property-Casualty Insurers,22778424.99925695,7663.801091,2026-10-08
KNTK,Kinetik Holdings Inc.,Utilities,Natural Gas Distribution,162379129.00834104,8760.35401,2026-10-08
KNX,Knight-Swift Transportation Holdings Inc.,Industrials,Trucking Freight/Courier Services,162756000.0,10518.92028,2026-10-08
KO,Coca-Cola Company (The),Consumer Staples,Beverages (Production/Distribution),4302549242.996403,370750.668269,2026-10-08
KOD,Kodiak Sciences Inc,Health Care,Biotechnology: Biological Products (No Diagnostic Substances),62849456.99588477,5803.518859,2026-10-08
KODK,Eastman Kodak Company Common New,Consumer Discretionary,Industrial Machinery/Components,97900000.00000001,966.273,2026-10-08
KOF,Coca Cola Femsa S.A.B. de C.V.,Consumer Staples,Beverages (Production/Distribution),52520806.99626865,5630.23051,2026-10-08
KOP,Koppers Holdings Inc.,Basic Materials,Forest Products,18911567.999131,870.499475,2026-10-08
KOPN,Kopin Corporation,Technology,Semiconductors,185872613.93442625,907.058356,2026-10-08
KOS,Kosmos Energy Ltd.,Energy,Oil & Gas Production,595487651.1538461,1548.267893,2026-10-08
KOSS,Koss Corporation,Consumer Staples,Consumer Electronics/Appliances,9466438.020833334,36.351122,2026-10-08
KOYN,CSLM Digital Asset Acquisition Corp III,,,0.0,0.0,2026-10-08
KOYNU,CSLM Digital Asset Acquisition Corp III Units,,,0.0,0.0,2026-10-08
KOYNW,CSLM Digital Asset Acquisition Corp III Warrants,,,0.0,0.0,2026-10-08
KPET,KPET Ultra Paceline Corporation,,,0.0,0.0,2026-10-08
KPLT,Katapult Holdings Inc.,Consumer Discretionary,Diversified Commercial Services,84849055.01165502,364.002446,2026-10-08
KPRX,Kiora Pharmaceuticals Inc.,Health Care,Biotechnology: Pharmaceutical Preparations,4424387.2,11.060968,2026-10-08
KPTI,Karyopharm Therapeutics Inc.,Health Care,Biotechnology: Pharmaceutical Preparations,22681460.224649943,14.740681,2026-10-08
KR,Kroger Company (The),Consumer Staples,Food Chains,590588700.0,34496.285967,2026-10-08
KRAQ,KRAKacquisition Corp,,,0.0,0.0,2026-10-08
KRAQU,KRAKacquisition Corp Unit,,,0.0,0.0,2026-10-08
KRAQW,KRAKacquisition Corp Warrants,,,0.0,0.0,2026-10-08
KRC,Kilroy Realty Corporation,Real Estate,Real Estate Investment Trusts,116308987.9941003,3942.874693,2026-10-08
KREF,KKR Real Estate Finance Trust Inc.,Real Estate,Real Estate Investment Trusts,58577947.923322685,366.697954,2026-10-08
KRG,Kite Realty Group Trust,Real Estate,Real Estate Investment Trusts,200346932.98798177,4834.371493,2026-10-08
KRKR,36Kr Holdings Inc.,Consumer Discretionary,Business Services,1973810.1556684682,6.098876,2026-10-08
KRMD,KORU Medical Systems Inc.,Health Care,Medical/Dental Instruments,46171902.0,138.515706,2026-10-08
KRMN,Karman Holdings Inc.,Industrials,Military/Government/Technical,132533707.99038751,4412.047139,2026-10-08
KRNT,Kornit Digital Ltd.,Industrials,Industrial Machinery/Components,42966533.99449036,779.842592,2026-10-08
KRNY,Kearny Financial Corp,Finance,Savings Institutions,64929381.9956616,598.648902,2026-10-08
KRO,Kronos Worldwide Inc,Basic Materials,Major Chemicals,115097516.03053434,904.666476,2026-10-08
KROS,Keros Therapeutics Inc.,Health Care,Biotechnology: Pharmaceutical Preparations,19827188.010899182,218.29734,2026-10-08
KRP,Kimbell Royalty Partners Common Units Representing Limited Partner Interests,Energy,Oil & Gas Production,114703590.02677377,1713.671635,2026-10-08
KRRO,Korro Bio Inc.,Health Care,Biotechnology: Pharmaceutical Preparations,14725646.004098361,143.722305,2026-10-08
KRSA,Korsana Biosciences Inc.,Health Care,Biotechnology: Pharmaceutical Preparations,45541424.99213094,1446.851072,2026-10-08
KRSP,Rice Acquisition Corporation 3,,,0.0,0.0,2026-10-08
KRT,Karat Packaging Inc.,Industrials,Plastic Products,19931720.990873534,1070.1341,2026-10-08
KRUS,Kura Sushi USA Inc.,Consumer Discretionary,Restaurants,12149835.99600599,486.72243,2026-10-08
KRYS,Krystal Biotech Inc.,Health Care,Biotechnology: Biological Products (No Diagnostic Substances),29598835.99951042,9673.195593,2026-10-08
KSCP,Knightscope Inc.,Telecommunications,Telecommunications Equipment,23618356.61817658,16.398225,2026-10-08
KSPI,Joint Stock Company Kaspi.kz American Depository Shares,,,189333464.99570632,17638.305599,2026-10-08
KSS,Kohl's Corporation,Consumer Discretionary,Department/Specialty Retail Stores,113376444.98217015,2225.579615,2026-10-08
KT,KT Corporation,Telecommunications,Telecommunications Equipment,482190126.0,9161.612394,2026-10-08
KTB,Kontoor Brands Inc.,Industrials,Garments and Clothing,54653620.0,3596.208196,2026-10-08
KTCC,Key Tronic Corporation,Technology,Electrical Products,11065886.936936935,24.566269,2026-10-08
KTF,DWS Municipal Income Trust,Finance,Finance Companies,39500937.94808406,319.562588,2026-10-08
KTH,Structures Products Cp 8% CorTS Issued by Peco Energy Cap Tr II Preferred Stock,Finance,Finance: Consumer Services,0.0,0.0,2026-10-08
KTN,Structured Products Corp 8.205% CorTS 8.205% Corporate Backed Trust Securities (CorTS),Finance,Finance: Consumer Services,0.0,0.0,2026-10-08
KTOS,Kratos Defense & Security Solutions Inc.,Industrials,Military/Government/Technical,187721326.99611074,8205.299203,2026-10-08
KTTA,Pasithea Therapeutics Corp.,Health Care,Biotechnology: Pharmaceutical Preparations,33414447.427293066,14.936258,2026-10-08
KTWO,K2 Capital Acquisition Corporation Class A Ordinary Share,Health Care,Medical/Dental Instruments,20041159.96035679,202.215304,2026-10-08
KULR,KULR Technology Group Inc.,Technology,Electrical Products,46280322.00772201,119.866034,2026-10-08
KURA,Kura Oncology Inc.,Health Care,Biotechnology: Pharmaceutical Preparations,88960618.99335234,936.755318,2026-10-08
KUST,Kustom Entertainment Inc.,Technology,Radio And Television Broadcasting And Communications Equipment,650685.9956236323,2.973635,2026-10-08
KVHI,KVH Industries Inc.,Consumer Discretionary,Telecommunications Equipment,18140961.953352768,124.446999,2026-10-08
KVUE,Kenvue Inc.,Consumer Discretionary,Package Goods/Cosmetics,1920773467.0267198,33786.405285,2026-10-08
KVYO,Klaviyo Inc. Series A,Technology,Computer Software: Prepackaged Software,284727436.98795176,4726.475454,2026-10-08
KWR,Quaker Houghton,Industrials,Major Chemicals,17207701.999006703,2771.816638,2026-10-08
KWY,Kingsway Corporation,Finance,Property-Casualty Insurers,28931000.0,276.58036,2026-10-08
KXIN,Kaixin Holdings,Consumer Discretionary,Retail-Auto Dealers and Gas Stations,45278551.74825175,64.748329,2026-10-08
KYIV,Kyivstar Group Ltd.,Telecommunications,Telecommunications Equipment,231863623.9872915,2919.163026,2026-10-08
KYMR,Kymera Therapeutics Inc.,Health Care,Biotechnology: Biological Products (No Diagnostic Substances),83150618.00339687,8812.302496,2026-10-08
KYN,Kayne Anderson Energy Infrastructure Fund Inc.,Finance,Finance/Investors Services,136131529.98595506,1938.512987,2026-10-08
KYNB,Kyntra Bio Inc.,Health Care,Biotechnology: Pharmaceutical Preparations,4049123.9932885906,24.132779,2026-10-08
KYTX,Kyverna Therapeutics Inc.,Health Care,Biotechnology: Biological Products (No Diagnostic Substances),61843443.99350649,380.955615,2026-10-08
KZIA,Kazia Therapeutics Limited,Health Care,Biotechnology: Pharmaceutical Preparations,15548877.96976242,143.98261,2026-10-08
L,Loews Corporation,Finance,Property-Casualty Insurers,204427719.99812138,21763.375071,2026-10-08
LAB,Standard BioTools Inc.,Industrials,Biotechnology: Laboratory Analytical Instruments,392578807.4792244,283.441899,2026-10-08
LABT,Lakewood-Amedex Biotherapeutics Inc.,Health Care,Biotechnology: Pharmaceutical Preparations,2369687.4279123414,2.054519,2026-10-08
LAC,Lithium Americas Corp.,Basic Materials,Metal Mining,363042942.9133858,922.129075,2026-10-08
LAD,Lithia Motors Inc.,Consumer Discretionary,Retail-Auto Dealers and Gas Stations,21983115.999453012,6430.281261,2026-10-08
LADR,Ladder Capital Corp,Real Estate,Real Estate Investment Trusts,126865302.99539171,1101.19083,2026-10-08
LAES,SEALSQ Corp,Technology,Semiconductors,222773999.17355374,539.113078,2026-10-08
LAFA,LaFayette Acquisition Corp. Ordinary Share,,,0.0,0.0,2026-10-08
LAKE,Lakeland Industries Inc.,Health Care,Industrial Specialties,9931345.983379502,107.556477,2026-10-08
LAMR,Lamar Advertising Company,Real Estate,Real Estate Investment Trusts,101549683.99889456,14698.301262,2026-10-08
LAND,Gladstone Land Corporation,Real Estate,Real Estate Investment Trusts,43136572.981366456,416.699295,2026-10-08
LANDO,Gladstone Land Corporation 6.00% Series B Cumulative Redeemable Preferred Stock,Real Estate,Real Estate Investment Trusts,43136573.021853805,858.633486,2026-10-08
LANDP,Gladstone Land Corporation 6.00% Series C Cumulative Redeemable Preferred Stock,Real Estate,Real Estate Investment Trusts,43136573.01349325,863.162826,2026-10-08
LANV,Lanvin Group Holdings Limited,Consumer Discretionary,Apparel,125595913.53909023,116.79164,2026-10-08
LAR,Lithium Argentina AG,Basic Materials,Metal Mining,164100000.0,915.678,2026-10-08
LARK,Landmark Bancorp Inc.,Finance,Major Banks,6100533.994243684,190.763698,2026-10-08
LASE,Laser Photonics Corporation,Miscellaneous,Industrial Machinery/Components,60677716.33986928,46.418453,2026-10-08
LASR,nLIGHT Inc.,Technology,Semiconductors,57690197.00224831,2309.338586,2026-10-08
LATA,Galata Acquisition Corp. II,Finance,Blank Checks,0.0,0.0,2026-10-08
LAUR,Laureate Education Inc.,Real Estate,Other Consumer Services,137749360.0,5268.91302,2026-10-08
LAW,CS Disco Inc.,Technology,Computer Software: Prepackaged Software,64919765.0,272.663013,2026-10-08
LAZ,Lazard Inc.,Finance,Investment Managers,97450572.00220022,3543.302798,2026-10-08
LB,LandBridge Company LLC Class A Shares Representing Limited Liability Company Interests,Energy,Oil & Gas Production,77085412.00233509,6602.365538,2026-10-08
LBGJ,Li Bang International Corporation,Industrials,Industrial Machinery/Components,710425.7894736843,1.349809,2026-10-08
LBRT,Liberty Energy Inc.,Energy,Oilfield Services/Equipment,163191416.00397614,3283.41129,2026-10-08
LBRX,LB Pharmaceuticals Inc,Health Care,Biotechnology: Pharmaceutical Preparations,32259175.01459428,1105.199336,2026-10-08
LBTYA,Liberty Global Ltd.,Telecommunications,Cable & Other Pay Television Services,341087565.97374177,3117.540353,2026-10-08
LBTYB,Liberty Global Ltd.,Telecommunications,Cable & Other Pay Television Services,341087566.0031847,4284.059829,2026-10-08
LBTYK,Liberty Global Ltd.,Telecommunications,Cable & Other Pay Television Services,341087566.0145332,3051.028278,2026-10-08
LCCC,Lakeshore Acquisition III Corp.,Finance,Blank Checks,0.0,0.0,2026-10-08
LCCCU,Lakeshore Acquisition III Corp. Unit,Finance,Blank Checks,0.0,0.0,2026-10-08
LCFY,Locafy Limited Ordinary Share,Technology,Computer Software: Programming Data Processing,1829700.9756097563,3.750887,2026-10-08
LCFYW,Locafy Limited Warrant,Technology,Computer Software: Programming Data Processing,1829701.0084033613,10.886721,2026-10-08
LCID,Lucid Group Inc.,Industrials,Auto Manufacturing,394070175.96153843,1639.331932,2026-10-08
LCII,LCI Industries,Consumer Discretionary,Auto Parts:O.E.M.,24311506.995984912,1998.16276,2026-10-08
LCLN,Lincoln International Inc.,Finance,Investment Managers,103625489.01420216,2480.794207,2026-10-08
LCNB,LCNB Corporation,Finance,Major Banks,14254987.997875731,268.421424,2026-10-08
LCTX,Lineage Cell Therapeutics Inc.,Health Care,Biotechnology: Biological Products (No Diagnostic Substances),252907463.4822476,237.20191,2026-10-08
LCUT,Lifetime Brands Inc.,Consumer Discretionary,Industrial Machinery/Components,22988836.026200872,210.577738,2026-10-08
LDI,loanDepot Inc.,Finance,Finance: Consumer Services,338155268.7823834,208.844694,2026-10-08
LDOS,Leidos Holdings Inc.,Technology,EDP Services,125492208.99820036,14643.685868,2026-10-08
LDP,Cohen & Steers Limited Duration Preferred and Income Fund Inc.,Finance,Finance Companies,0.0,0.0,2026-10-08
LE,Lands' End Inc.,Consumer Discretionary,Clothing/Shoe/Accessory Stores,29544154.03608737,311.099942,2026-10-08
LEA,Lear Corporation,Consumer Discretionary,Auto Parts:O.E.M.,49324764.0,6017.621208,2026-10-08
LECO,Lincoln Electric Holdings Inc.,Industrials,Industrial Machinery/Components,54505757.00079843,15018.516284,2026-10-08
LEDS,SemiLEDS Corporation,Technology,Semiconductors,8273402.953586497,19.607965,2026-10-08
LEE,Lee Enterprises Incorporated,Consumer Discretionary,Newspapers/Magazines,22292044.019815993,157.493291,2026-10-08
LEGH,Legacy Housing Corporation,Consumer Discretionary,Homebuilding,23783038.014527846,687.567629,2026-10-08
LEGN,Legend Biotech Corporation,Health Care,Biotechnology: Pharmaceutical Preparations,194488412.98076925,3640.823091,2026-10-08
LEGO,Legato Merger Corp. IV,Industrials,Military/Government/Technical,30307036.0,303.07036,2026-10-08
LEN,Lennar Corporation,Consumer Discretionary,Homebuilding,237900239.0001292,18415.857501,2026-10-08
LENZ,LENZ Therapeutics Inc.,Health Care,Biotechnology: Biological Products (No Diagnostic Substances),31420343.007915568,119.0831,2026-10-08
LEO,BNY Mellon Strategic Municipals Inc.,Finance,Trusts Except Educational Religious and Charitable,62290853.971119136,345.091331,2026-10-08
LEU,Centrus Energy Corp.,Industrials,Mining & Quarrying of Nonmetallic Minerals (No Fuels),19733907.999740057,3036.653763,2026-10-08
LEVI,Levi Strauss & Co,Consumer Discretionary,Apparel,384850562.00681925,7900.982038,2026-10-08
LEXX,Lexaria Bioscience Corp.,Health Care,Biotechnology: Pharmaceutical Preparations,2106528.086419753,6.825151,2026-10-08
LFAC,Leapfrog Acquisition Corporation,Finance,Blank Checks,0.0,0.0,2026-10-08
LFCR,Lifecore Biomedical Inc.,Health Care,Biotechnology: Pharmaceutical Preparations,37853060.0,244.152237,2026-10-08
LFMD,LifeMD Inc.,Health Care,Medical/Nursing Services,48200836.996337,131.588285,2026-10-08
LFMDP,LifeMD Inc. 8.875% Series A Cumulative Perpetual Preferred Stock,Health Care,Medical/Nursing Services,48200837.00214133,1125.489544,2026-10-08
LFS,LEIFRAS Co. Ltd.,Real Estate,Other Consumer Services,26160618.88412017,60.954242,2026-10-08
LFST,LifeStance Health Group Inc.,Health Care,Medical/Nursing Services,382154147.029703,4631.708262,2026-10-08
LFT,Lument Finance Trust Inc.,Real Estate,Real Estate Investment Trusts,5248612.966601179,26.71544,2026-10-08
LFTO,Liftoff Mobile Inc.,Technology,EDP Services,169331526.9851517,2622.945353,2026-10-08
LFUS,Littelfuse Inc.,Energy,Electrical Products,25398746.999647796,11538.142787,2026-10-08
LFVN,Lifevantage Corporation,Health Care,Biotechnology: Pharmaceutical Preparations,12589444.0397351,76.040242,2026-10-08
LFWD,Lifeward Ltd.,Health Care,Industrial Specialties,2832015.930599369,17.954981,2026-10-08
LGCL,Lucas GC Limited,Technology,Computer Software: Programming Data Processing,1304653.982300885,2.948518,2026-10-08
LGCY,Legacy Education Inc.,Real Estate,Other Consumer Services,12813238.043478262,129.669969,2026-10-08
LGHL,Lion Group Holding Ltd.,Finance,Investment Bankers/Brokers/Service,46143.969849246234,0.183653,2026-10-08
LGI,Lazard Global Total Return and Income Fund,,,0.0,0.0,2026-10-08
LGIH,LGI Homes Inc.,Consumer Discretionary,Homebuilding,23248271.989585593,1071.512856,2026-10-08
LGL,LGL Group Inc. (The),Technology,Industrial Machinery/Components,12613148.988439307,87.282991,2026-10-08
LGN,Legence Corp.,Consumer Discretionary,Engineering & Construction,108075479.99645011,6088.972543,2026-10-08
LGND,Ligand Pharmaceuticals Incorporated,Health Care,Biotechnology: Pharmaceutical Preparations,19935608.998450864,5919.679736,2026-10-08
LGO,Largo Inc.,Industrials,Mining & Quarrying of Nonmetallic Minerals (No Fuels),114580189.55349621,54.402674,2026-10-08
LGPS,LogProstyle Inc.,Consumer Discretionary,Homebuilding,23610869.32898669,17.382322,2026-10-08
LGVN,Longeveron Inc.,Health Care,Biotechnology: Pharmaceutical Preparations,3188199.14893617,7.492268,2026-10-08
LH,Labcorp Holdings Inc.,Health Care,Medical Specialities,81100000.0,25279.681,2026-10-08
LHAI,Linkhome Holdings Inc.,Finance,Real Estate,16529999.999999998,18.3483,2026-10-08
LHSW,Lianhe Sowell International Group Ltd,Technology,Computer Software: Prepackaged Software,10906166.077738516,6.17289,2026-10-08
LHX,L3Harris Technologies Inc.,Industrials,Industrial Machinery/Components,186214615.9983186,44300.457146,2026-10-08
LI,Li Auto Inc.,Industrials,Auto Manufacturing,977274473.0027548,10642.519011,2026-10-08
LICN,Lichen International Limited,Consumer Discretionary,Professional Services,16436825.274725273,14.957511,2026-10-08
LIDR,AEye Inc.,Consumer Discretionary,Auto Parts:O.E.M.,46672169.158878505,49.939221,2026-10-08
LIEN,Chicago Atlantic BDC Inc.,Finance,Finance: Consumer Services,22820589.98946259,216.567399,2026-10-08
LIF,Life360 Inc.,Technology,EDP Services,81480368.99093656,3371.250267,2026-10-08
LIFE,Ethos Technologies Inc.,Finance,Specialty Insurers,63759454.008559205,2234.768863,2026-10-08
LII,Lennox International Inc.,Industrials,Industrial Machinery/Components,34560674.99931625,12636.4196,2026-10-08
LILA,Liberty Latin America Ltd.,Telecommunications,Cable & Other Pay Television Services,195900000.0,1741.551,2026-10-08
LILAK,Liberty Latin America Ltd.,Telecommunications,Cable & Other Pay Television Services,195900000.0,1735.674,2026-10-08
LILAP,Liberty Latin America Ltd. 9.0% Fixed Rate Cumulative Perpetual Redeemable Series A Preference Shares,Telecommunications,Cable & Other Pay Television Services,195900000.0,4039.458,2026-10-08
LIME,Neutron Holdings Inc.,Technology,Computer Software: Prepackaged Software,64984190.01463058,1776.667755,2026-10-08
LIMN,Liminatus Pharma Inc.,Health Care,Biotechnology: Biological Products (No Diagnostic Substances),1343208.108108108,4.96987,2026-10-08
LIMNW,Liminatus Pharma Inc. Warrants,Health Care,Biotechnology: Biological Products (No Diagnostic Substances),1343207.207207207,0.074548,2026-10-08
LIN,Linde plc,Basic Materials,Major Chemicals,460980163.0003062,225857.230862,2026-10-08
LINC,Lincoln Educational Services Corporation,Real Estate,Other Consumer Services,31721478.97977133,721.346432,2026-10-08
LIND,Lindblad Expeditions Holdings Inc.,Consumer Discretionary,Transportation Services,65619688.99667406,2367.558379,2026-10-08
LINE,Lineage Inc.,Real Estate,Real Estate Investment Trusts,227710011.99186993,7842.332813,2026-10-08
LINK,Interlink Electronics Inc.,Technology,Computer peripheral equipment,15753409.066666666,88.612926,2026-10-08
LION,Lionsgate Studios Corp,Consumer Discretionary,Movies/Entertainment,297559680.0,3377.302368,2026-10-08
LIQT,LiqTech International Inc.,Technology,Industrial Machinery/Components,32947841.024598494,16.207043,2026-10-08
LITB,LightInTheBox Holding Co. Ltd.,Consumer Discretionary,Catalog/Specialty Distribution,19726582.142857146,55.23443,2026-10-08
LITE,Lumentum Holdings Inc.,Telecommunications,Telecommunications Equipment,89700000.0,101665.98,2026-10-08
LITS,Lite Strategy Inc.,Health Care,Biotechnology: Pharmaceutical Preparations,30407268.085106384,42.874248,2026-10-08
LIVE,Live Ventures Incorporated,Consumer Discretionary,Other Specialty Stores,3071655.9412550065,23.006703,2026-10-08
LIVN,LivaNova PLC,Health Care,Biotechnology: Electromedical & Electrotherapeutic Apparatus,55093507.006539434,4128.15648,2026-10-08
LKFN,Lakeland Financial Corporation,Finance,Major Banks,24857839.996550538,1441.257563,2026-10-08
LKFT,Lakefront Biotherapeutics,Health Care,Biotechnology: Pharmaceutical Preparations,65897071.0095498,1932.102122,2026-10-08
LKQ,LKQ Corporation,Consumer Discretionary,Motor Vehicles,253002086.0205449,5664.716706,2026-10-08
LKSP,Lake Superior Acquisition Corp.,,,0.0,0.0,2026-10-08
LKSPR,Lake Superior Acquisition Corp. Rights,,,0.0,0.0,2026-10-08
LLY,Eli Lilly and Company,Health Care,Biotechnology: Pharmaceutical Preparations,941357065.0001296,1089611.389167,2026-10-08
LLYVA,Liberty Live Holdings Inc. Series A Liberty Live Group,Consumer Discretionary,Services-Misc. Amusement & Recreation,92005376.0,8855.51744,2026-10-08
LLYVK,Liberty Live Holdings Inc. Series C Liberty Live Group,Consumer Discretionary,Services-Misc. Amusement & Recreation,92005375.99597585,9145.334374,2026-10-08
LMAT,LeMaitre Vascular Inc.,Health Care,Medical/Dental Instruments,22869257.001897532,1807.814766,2026-10-08
LMB,Limbach Holdings Inc.,Consumer Discretionary,Engineering & Construction,11924993.008763388,612.348391,2026-10-08
LMND,Lemonade Inc.,Finance,Property-Casualty Insurers,77396615.01079914,3583.463275,2026-10-08
LMNR,Limoneira Co,Consumer Staples,Farming/Seeds/Milling,18132006.97865353,220.847845,2026-10-08
LMRI,Lumexa Imaging Holdings Inc.,Health Care,Medical Specialities,96074976.00373483,1028.962993,2026-10-08
LMT,Lockheed Martin Corporation,Industrials,Military/Government/Technical,230790752.99929428,117730.97892,2026-10-08
LNAI,Lunai Bioworks Inc.,Health Care,Biotechnology: Pharmaceutical Preparations,4533890.265486727,5.123296,2026-10-08
LNC,Lincoln National Corporation,Finance,Life Insurance,191447336.00285172,8056.103899,2026-10-08
LND,Brasilagro Brazilian Agric Real Estate Co,Consumer Staples,Farming/Seeds/Milling,102683444.05405405,379.928743,2026-10-08
LNG,Cheniere Energy Inc.,Utilities,Oil/Gas Transmission,206534157.99970937,56850.592331,2026-10-08
LNKS,Linkers Industries Limited,Technology,Electrical Products,1606612.6928928494,1.478405,2026-10-08
LNN,Lindsay Corporation,Industrials,Industrial Machinery/Components,10168884.999564193,1166.676176,2026-10-08
LNSR,LENSAR Inc.,Health Care,Medical/Dental Instruments,12285865.074626865,82.315296,2026-10-08
LNT,Alliant Energy Corporation,Utilities,Power Generation,259284699.00748208,16980.554938,2026-10-08
LNTH,Lantheus Holdings Inc.,Health Care,Biotechnology: In Vitro & In Vivo Diagnostic Substances,65272369.00450225,6523.973282,2026-10-08
LNZA,LanzaTech Global Inc.,Industrials,Major Chemicals,13089162.969283275,76.702495,2026-10-08
LNZAW,LanzaTech Global Inc. Warrant,Industrials,Major Chemicals,13089193.548387097,0.162306,2026-10-08
LOAN,Manhattan Bridge Capital Inc,Real Estate,Real Estate Investment Trusts,11425509.067357514,44.102465,2026-10-08
LOAR,Loar Holdings Inc.,Industrials,Military/Government/Technical,93688471.00195822,5741.229503,2026-10-08
LOB,Live Oak Bancshares Inc.,Finance,Major Banks,46283620.00548095,1688.889294,2026-10-08
LOBO,LOBO TECHNOLOGIES LTD.,Consumer Discretionary,Motor Vehicles,13841937.5,7.308543,2026-10-08
LOCL,Local Bounti Corporation,Consumer Staples,Farming/Seeds/Milling,23380119.444444444,25.250529,2026-10-08
LOCO,El Pollo Loco Holdings Inc.,Consumer Discretionary,Restaurants,30432936.970118135,437.929963,2026-10-08
LODE,Comstock Inc.,Industrials,Major Chemicals,75993046.90265487,171.744286,2026-10-08
LOGI,Logitech International S.A.,Technology,Computer peripheral equipment,143188331.99882823,14663.91708,2026-10-08
LOMA,Loma Negra Compania Industrial Argentina Sociedad Anonima,Industrials,Building Materials,116696630.03095976,1130.790345,2026-10-08
LONA,LeonaBio Inc.,Health Care,Biotechnology: Biological Products (No Diagnostic Substances),9421662.956521738,54.174562,2026-10-08
LOOP,Loop Industries Inc.,Industrials,Major Chemicals,48380371.25748503,20.198805,2026-10-08
LOPE,Grand Canyon Education Inc.,Real Estate,Other Consumer Services,26065036.997749917,4054.416505,2026-10-08
LOT,Lotus Technology Inc.,Industrials,Auto Manufacturing,642089874.8835353,482.402123,2026-10-08
LOVE,The Lovesac Company,Consumer Discretionary,Other Specialty Stores,14423432.994579947,212.889871,2026-10-08
LOVIU,Live Oak Acquisition Corp. VI Units,Finance,Blank Checks,0.0,0.0,2026-10-08
LOW,Lowe's Companies Inc.,Consumer Discretionary,RETAIL: Building Materials,561054019.0014701,103048.79167,2026-10-08
LPA,Logistic Properties of the Americas,Finance,Real Estate,31698635.081967216,96.680837,2026-10-08
LPAA,Launch One Acquisition Corp.,,,0.0,0.0,2026-10-08
LPAAW,Launch One Acquisition Corp. Warrant,Finance,Blank Checks,0.0,0.0,2026-10-08
LPBB,Launch Two Acquisition Corp.,,,0.0,0.0,2026-10-08
LPBBW,Launch Two Acquisition Corp. Warrant,Finance,Blank Checks,0.0,0.0,2026-10-08
LPCN,Lipocine Inc.,Health Care,Biotechnology: Pharmaceutical Preparations,8244252.857142856,17.312931,2026-10-08
LPCV,Launchpad Cadenza Acquisition Corp I Class A Ordinary Share,,,0.0,0.0,2026-10-08
LPCVU,Launchpad Cadenza Acquisition Corp I Unit,Finance,Blank Checks,0.0,0.0,2026-10-08
LPG,Dorian LPG Ltd.,Consumer Discretionary,Marine Transportation,42782680.99202834,2415.082342,2026-10-08
LPL,LG Display Co Ltd AMERICAN DEPOSITORY SHARES,Technology,Industrial Machinery/Components,1000000000.0,3090.0,2026-10-08
LPLA,LPL Financial Holdings Inc.,Finance,Investment Bankers/Brokers/Service,78742289.99969915,26173.149773,2026-10-08
LPTH,LightPath Technologies Inc.,Technology,Semiconductors,70036251.97792089,761.294059,2026-10-08
LPX,Louisiana-Pacific Corporation,Basic Materials,Forest Products,69923410.00149499,4677.176895,2026-10-08
LQDA,Liquidia Corporation,Health Care,Biotechnology: Pharmaceutical Preparations,89508891.00733307,2319.175366,2026-10-08
LQDT,Liquidity Services Inc.,Consumer Discretionary,Business Services,31331617.9956637,1300.575463,2026-10-08
LRCX,Lam Research Corporation,Technology,Industrial Machinery/Components,1251424361.999461,417838.080228,2026-10-08
LRE,Lead Real Estate Co. Ltd,Consumer Discretionary,Homebuilding,13641900.332225913,14.371742,2026-10-08
LRHC,La Rosa Holdings Corp.,Finance,Real Estate,569638.7096774194,0.88294,2026-10-08
LRMR,Larimar Therapeutics Inc.,Health Care,Biotechnology: Pharmaceutical Preparations,103882937.05035973,288.794565,2026-10-08
LRN,Stride Inc.,Real Estate,Other Consumer Services,41559845.003134795,3314.397639,2026-10-08
LSAK,Lesaka Technologies Inc.,Finance,Investment Bankers/Brokers/Service,85794722.91220556,400.661356,2026-10-08
LSBK,Lake Shore Bancorp Inc.,Finance,Savings Institutions,7853787.993329628,141.289646,2026-10-08
LSCC,Lattice Semiconductor Corporation,Technology,Semiconductors,142030272.00118986,19098.810676,2026-10-08
LSE,Leishen Energy Holding Co. Ltd.,Consumer Discretionary,Oil and Gas Field Machinery,17025000.10894433,78.136238,2026-10-08
LSF,Laird Superfood Inc.,Consumer Staples,Packaged Foods,11192884.012539186,35.7053,2026-10-08
LSPD,Lightspeed Commerce Inc.,Technology,Computer Software: Prepackaged Software,133314466.96252465,1351.808695,2026-10-08
LSTA,Lisata Therapeutics Inc.,Health Care,Biotechnology: Pharmaceutical Preparations,10804066.11570248,13.07292,2026-10-08
LSTR,Landstar System Inc.,Industrials,Trucking Freight/Courier Services,33936924.99852114,5737.037171,2026-10-08
LTBR,Lightbridge Corporation,Basic Materials,Major Chemicals,37458090.935672514,256.213342,2026-10-08
LTC,LTC Properties Inc.,Real Estate,Real Estate Investment Trusts,53905563.00659755,2287.752094,2026-10-08
LTGO,Latigo Biotherapeutics Inc.,Health Care,Biotechnology: Pharmaceutical Preparations,66299346.98646986,1078.027382,2026-10-08
LTGR,Long Table Growth Corp.,Finance,Blank Checks,0.0,0.0,2026-10-08
LTH,Life Time Group Holdings Inc.,Consumer Discretionary,Hotels/Resorts,223461947.99405646,9023.39346,2026-10-08
LTM,LATAM Airlines Group S.A.,Consumer Discretionary,Air Freight/Delivery Services,287107991.9969366,14995.650422,2026-10-08
LTRN,Lantern Pharma Inc.,Health Care,Biotechnology: Pharmaceutical Preparations,17135576.176994864,16.342199,2026-10-08
LTRX,Lantronix Inc.,Telecommunications,Computer Communications Equipment,46879400.0,343.626002,2026-10-08
LTRYW,Sports Entertainment Gaming Global Corporation Warrants,Technology,Computer Software: Prepackaged Software,3259583.3333333335,0.007823,2026-10-08
LU,Lufax Holding Ltd,Finance,Finance: Consumer Services,866688892.0792079,875.355781,2026-10-08
LUCD,Lucid Diagnostics Inc.,Health Care,Medical/Dental Instruments,203243970.0,121.946382,2026-10-08
LUCK,Lucky Strike Entertainment Corporation,Consumer Discretionary,Services-Misc. Amusement & Recreation,136328020.0378072,721.175226,2026-10-08
LUCY,Innovative Eyewear Inc.,Health Care,Ophthalmic Goods,8712263.192041524,8.057101,2026-10-08
LUCYW,Innovative Eyewear Inc. Series A Warrants 8/16/27,Health Care,Ophthalmic Goods,8712251.308900524,0.332808,2026-10-08
LUD,Luda Technology Group Limited,Industrials,Steel/Iron Ore,22690000.0,96.4325,2026-10-08
LULU,lululemon athletica inc.,Consumer Discretionary,Apparel,105594063.9995727,9884.660331,2026-10-08
LUMN,Lumen Technologies Inc.,Telecommunications,Telecommunications Equipment,1031445404.0643522,6090.685111,2026-10-08
LUNG,Pulmonx Corporation,Health Care,Medical/Dental Instruments,42948269.101123594,76.447919,2026-10-08
LUNR,Intuitive Machines Inc.,Industrials,Industrial Machinery/Components,228924067.9946879,3447.596464,2026-10-08
LUV,Southwest Airlines Company,Consumer Discretionary,Air Freight/Delivery Services,489208200.98939925,20766.888132,2026-10-08
LUXE,LuxExperience B.V.,Consumer Discretionary,Catalog/Specialty Distribution,139699831.0,1396.99831,2026-10-08
LVLU,Lulu's Fashion Lounge Holdings Inc.,Consumer Discretionary,Catalog/Specialty Distribution,2871576.034016235,37.143836,2026-10-08
LVO,LiveOne Inc.,Consumer Discretionary,Restaurants,13711788.92857143,38.393009,2026-10-08
LVS,Las Vegas Sands Corp.,Consumer Discretionary,Hotels/Resorts,647701183.9988984,23518.029991,2026-10-08
LVWR,LiveWire Group Inc.,Consumer Discretionary,Motor Vehicles,205412457.05521473,334.822305,2026-10-08
LW,Lamb Weston Holdings Inc.,Consumer Staples,Packaged Foods,137481010.9997913,6586.715237,2026-10-08
LWAC,LightWave Acquisition Corp.,Finance,Blank Checks,0.0,0.0,2026-10-08
LWACW,LightWave Acquisition Corp. Warrants,Finance,Blank Checks,0.0,0.0,2026-10-08
LWAY,Lifeway Foods Inc.,Consumer Staples,Packaged Foods,15106747.018572824,309.084044,2026-10-08
LWLG,Lightwave Logic Inc.,Industrials,Containers/Packaging,154167254.9822064,866.419973,2026-10-08
LX,LexinFintech Holdings Ltd.,Finance,Finance: Consumer Services,164788274.52110037,114.412499,2026-10-08
LXEH,Lixiang Education Holding Co. Ltd.,Real Estate,Other Consumer Services,1916666.883116883,2.951667,2026-10-08
LXEO,Lexeo Therapeutics Inc.,Health Care,Biotechnology: Biological Products (No Diagnostic Substances),82046255.15151516,270.752642,2026-10-08
LXFR,Luxfer Holdings PLC,Basic Materials,Major Chemicals,26759241.009280745,461.329315,2026-10-08
LXP,LXP Industrial Trust,Real Estate,Real Estate Investment Trusts,58957264.00328138,3593.445241,2026-10-08
LXRX,Lexicon Pharmaceuticals Inc.,Health Care,Biotechnology: Pharmaceutical Preparations,444955934.28571427,778.672885,2026-10-08
LXU,LSB Industries Inc.,Basic Materials,Major Chemicals,71997504.0314651,732.214616,2026-10-08
LYB,LyondellBasell Industries NV,Industrials,Major Chemicals,323037951.99389106,19036.626511,2026-10-08
LYEL,Lyell Immunopharma Inc.,Health Care,Biotechnology: Pharmaceutical Preparations,24505140.998838563,210.989264,2026-10-08
LYFT,Lyft Inc.,Consumer Discretionary,Business Services,378540248.98477155,5965.794324,2026-10-08
LYG,Lloyds Banking Group Plc,Finance,Commercial Banks,14821013914.028778,82404.837362,2026-10-08
LYNX,Lyntris Inc.,Industrials,Industrial Machinery/Components,115949384.01206636,1537.488832,2026-10-08
LYTS,LSI Industries Inc.,Consumer Discretionary,Building Products,37261336.007640876,780.252376,2026-10-08
LYV,Live Nation Entertainment Inc.,Consumer Discretionary,Services-Misc. Amusement & Recreation,235633859.99999997,40481.897148,2026-10-08
LZ,LegalZoom.com Inc.,Technology,EDP Services,171264811.95840555,988.197965,2026-10-08
LZB,La-Z-Boy Incorporated,Consumer Discretionary,Home Furnishings,40052771.00472016,1187.965188,2026-10-08
LZM,Lifezone Metals Limited,Basic Materials,Metal Mining,89914557.03125,345.271899,2026-10-08
LZMH,LZ Technology Holdings Limited,Technology,EDP Services,8978500.0,8.9785,2026-10-08
M,Macy's Inc,Consumer Discretionary,Department/Specialty Retail Stores,261176645.9928762,5866.027469,2026-10-08
MA,Mastercard Incorporated,Consumer Discretionary,Business Services,876009939.9996469,496329.711805,2026-10-08
MAA,Mid-America Apartment Communities Inc.,Real Estate,Real Estate Investment Trusts,116021956.99632448,13573.408749,2026-10-08
MAAS,Maase Inc.,Finance,Investment Managers,442175577.9916318,5283.998157,2026-10-08
MAC,Macerich Company (The),Real Estate,Real Estate Investment Trusts,283559374.9891068,6507.687656,2026-10-08
MACI,Melar Acquisition Corp. I,,,0.0,0.0,2026-10-08
MACIW,Melar Acquisition Corp. I Warrant,Finance,Blank Checks,0.0,0.0,2026-10-08
MAGN,Magnera Corporation,Basic Materials,Paper,35800000.0,419.218,2026-10-08
MAIA,MAIA Biotechnology Inc.,Health Care,Biotechnology: Pharmaceutical Preparations,61741946.2184874,73.472916,2026-10-08
MAIN,Main Street Capital Corporation,Finance,Finance/Investors Services,93508461.00054774,5121.458409,2026-10-08
MAIR,Madison Air Solutions Corporation,Industrials,Pollution Control Equipment,501722611.99186987,12342.376255,2026-10-08
MAKO,Mako Mining Corp,Basic Materials,Precious Metals,87605909.0209021,796.337713,2026-10-08
MAMA,Mama's Creations Inc.,Consumer Staples,Specialty Foods,47147468.9709348,600.18728,2026-10-08
MAMO,Massimo Group,Consumer Discretionary,Industrial Specialties,41640949.602122016,39.246595,2026-10-08
MAN,ManpowerGroup,Consumer Discretionary,Professional Services,46505570.0019279,2412.243916,2026-10-08
MANE,Veradermics Incorporated,Health Care,Biotechnology: Pharmaceutical Preparations,41780136.004038185,4552.363619,2026-10-08
MANH,Manhattan Associates Inc.,Technology,Computer Software: Prepackaged Software,58304971.9976336,11826.58052,2026-10-08
MANU,Manchester United Ltd.,Consumer Discretionary,Services-Misc. Amusement & Recreation,172491392.99019608,3518.824417,2026-10-08
MAR,Marriott International,Consumer Discretionary,Hotels/Resorts,260766288.00099647,94209.644529,2026-10-08
MARA,MARA Holdings Inc.,Finance,Finance: Consumer Services,386299296.9917958,4237.703288,2026-10-08
MARPS,Marine Petroleum Trust Units of Beneficial Interest,Energy,Oil & Gas Production,2000000.0,8.5,2026-10-08
MAS,Masco Corporation,Industrials,Industrial Specialties,197187430.00142998,13789.31698,2026-10-08
MASK,3 E Network Technology Group Ltd,Technology,EDP Services,3619084.5830833833,3.016507,2026-10-08
MASS,908 Devices Inc.,Industrials,Industrial Machinery/Components,41333705.02838605,509.644583,2026-10-08
MAT,Mattel Inc.,Consumer Discretionary,Recreational Games/Products/Toys,285700000.0,4551.201,2026-10-08
MATH,Metalpha Technology Holding Limited,Finance,Finance: Consumer Services,47537986.111111104,51.341025,2026-10-08
MATV,Mativ Holdings Inc.,Basic Materials,Paper,55190098.034398034,673.871097,2026-10-08
MATW,Matthews International Corporation,Telecommunications,Metal Fabrications,31213173.01750772,606.15982,2026-10-08
MATX,Matson Inc.,Consumer Discretionary,Marine Transportation,29903457.99893229,6721.699289,2026-10-08
MAX,MediaAlpha Inc.,Consumer Discretionary,Business Services,61263977.995867774,593.035307,2026-10-08
MAYS,J. W. Mays Inc.,Real Estate,Building operators,2015780.0,80.832778,2026-10-08
MAZE,Maze Therapeutics Inc.,Health Care,Biotechnology: Biological Products (No Diagnostic Substances),55549167.99091941,1468.16451,2026-10-08
MB,MasterBeef Group,Consumer Discretionary,Restaurants,17155000.0,66.2183,2026-10-08
MBAI,MBody AI Ltd. Ordinary Share,Health Care,Medical Electronics,15293583.950617284,49.551212,2026-10-08
MBBC,Marathon Bancorp Inc.,Finance,Banks,3009903.0201342283,44.847555,2026-10-08
MBC,MasterBrand Inc.,Consumer Discretionary,Home Furnishings,203490490.0,1444.782479,2026-10-08
MBGL,Mobility Global Inc.,Consumer Discretionary,Business Services,294821319.9772985,5194.751658,2026-10-08
MBI,MBIA Inc.,Finance,Property-Casualty Insurers,51016444.04494382,227.023176,2026-10-08
MBIN,Merchants Bancorp,Finance,Major Banks,45938074.99499499,2294.606846,2026-10-08
MBINL,Merchants Bancorp,Finance,Major Banks,45938075.010752685,1068.060244,2026-10-08
MBINM,Merchants Bancorp,Finance,Major Banks,45938074.98786508,1164.075414,2026-10-08
MBINN,Merchants Bancorp,Finance,Major Banks,45938075.02645503,868.229618,2026-10-08
MBIO,Mustang Bio Inc.,Health Care,Biotechnology: Pharmaceutical Preparations,7577506.52173913,3.485653,2026-10-08
MBLY,Mobileye Global Inc.,Technology,Computer Software: Prepackaged Software,850187597.9919679,6350.901357,2026-10-08
MBNKO,Medallion Bank Fixed-Rate Reset Non-Cumulative Perpetual Preferred Stock Series G par value $1.00 per share,Finance,Commercial Banks,1000000.0,24.04,2026-10-08
MBOT,Microbot Medical Inc.,Health Care,Medical/Dental Instruments,67164800.93457943,71.866337,2026-10-08
MBRX,Moleculin Biotech Inc.,Health Care,Biotechnology: Pharmaceutical Preparations,20385780.02244669,9.081865,2026-10-08
MBUU,Malibu Boats Inc.,Industrials,Marine Transportation,19677276.010544814,447.854802,2026-10-08
MBVI,M3-Brigade Acquisition VI Corp.,,,0.0,0.0,2026-10-08
MBWM,Mercantile Bank Corporation,Finance,Major Banks,17287385.00764916,1017.01686,2026-10-08
MBX,MBX Biosciences Inc.,Health Care,Biotechnology: Pharmaceutical Preparations,48160095.994378075,2741.272664,2026-10-08
MC,Moelis & Company,Finance,Investment Managers,78269067.99286352,4386.981261,2026-10-08
MCAH,Mountain Crest Acquisition 6 Corp.,Finance,Blank Checks,0.0,0.0,2026-10-08
MCB,Metropolitan Bank Holding Corp.,Finance,Major Banks,12397778.000676207,1100.054842,2026-10-08
MCBS,MetroCity Bankshares Inc.,Finance,Major Banks,28781229.00172117,1003.313643,2026-10-08
MCD,McDonald's Corporation,Consumer Discretionary,Restaurants,707641531.0002152,164491.273881,2026-10-08
MCFT,MasterCraft Boat Holdings Inc.,Industrials,Marine Transportation,24339370.994332816,472.427191,2026-10-08
MCGA,Yorkville Acquisition Corp. Class A Ordinary Share,Utilities,Electric Utilities: Central,0.0,0.0,2026-10-08
MCGAU,Yorkville Acquisition Corp. Unit,Finance,Blank Checks,0.0,0.0,2026-10-08
MCGAW,Yorkville Acquisition Corp. Warrant,,,0.0,0.0,2026-10-08
MCHB,Mechanics Bancorp,Finance,Major Banks,220312060.98052382,3280.446588,2026-10-08
MCHP,Microchip Technology Incorporated,Technology,Semiconductors,543008691.004184,44124.886231,2026-10-08
MCHPP,Microchip Technology Incorporated,Technology,Semiconductors,543008690.9946432,37505.610287,2026-10-08
MCHX,Marchex Inc.,Technology,Computer Software: Prepackaged Software,44337889.70588235,60.29953,2026-10-08
MCI,Barings Corporate Investors,Finance,Trusts Except Educational Religious and Charitable,20261718.997214485,363.697856,2026-10-08
MCK,McKesson Corporation,Health Care,Other Pharmaceuticals,116590362.99977216,107457.839866,2026-10-08
MCN,XAI Madison Equity Premium Income Fund,,,0.0,0.0,2026-10-08
MCO,Moody's Corporation,Finance,Finance: Consumer Services,173200000.0,78341.824,2026-10-08
MCRB,Seres Therapeutics Inc.,Health Care,Biotechnology: Pharmaceutical Preparations,10044781.034482758,29.129865,2026-10-08
MCRI,Monarch Casino & Resort Inc.,Consumer Discretionary,Hotels/Resorts,17922521.001425814,2136.902179,2026-10-08
MCRP,Micropolis AI Robotics,Consumer Discretionary,Auto Parts:O.E.M.,34888447.7124183,21.35173,2026-10-08
MCS,Marcus Corporation (The),Consumer Discretionary,Movies/Entertainment,30832159.00151286,815.202284,2026-10-08
MCY,Mercury General Corporation,Finance,Property-Casualty Insurers,55388627.0,5705.028581,2026-10-08
MD,Pediatrix Medical Group Inc.,Health Care,Hospital/Nursing Management,81253271.0,2112.585046,2026-10-08
MDA,MDA Space Ltd.,Consumer Discretionary,Electronic Components,162130796.99173555,4904.456609,2026-10-08
MDAI,Spectral AI Inc.,Health Care,Medical/Dental Instruments,32184927.710843377,53.42698,2026-10-08
MDAIW,Spectral AI Inc. Warrants,Health Care,Medical/Dental Instruments,32184927.48791465,19.307738,2026-10-08
MDB,MongoDB Inc.,Technology,Computer Software: Prepackaged Software,80556340.99969505,29057.477762,2026-10-08
MDBH,MDB Capital Holdings LLC Class A common,Finance,Finance: Consumer Services,5438631.906242525,11.36946,2026-10-08
MDCX,Medicus Pharma Ltd.,Health Care,Biotechnology: Pharmaceutical Preparations,71710025.12562814,11.416236,2026-10-08
MDCXW,Medicus Pharma Ltd. Warrant,Health Care,Biotechnology: Pharmaceutical Preparations,71710023.33333334,21.513007,2026-10-08
MDGL,Madrigal Pharmaceuticals Inc.,Health Care,Biotechnology: Pharmaceutical Preparations,23104126.00060429,11470.043353,2026-10-08
MDIA,Mediaco Holding Inc.,Consumer Discretionary,Broadcasting,84019857.5471698,89.061049,2026-10-08
MDLN,Medline Inc.,Health Care,Medical/Dental Instruments,1314707492.011252,46737.851341,2026-10-08
MDLZ,Mondelez International Inc.,Consumer Staples,Packaged Foods,1276308056.9942973,76093.486358,2026-10-08
MDRR,Medalist Diversified Inc.,Real Estate,Real Estate Investment Trusts,1628500.0,16.41528,2026-10-08
MDT,Medtronic plc.,Health Care,Biotechnology: Electromedical & Electrotherapeutic Apparatus,1279137889.9988518,111400.11884,2026-10-08
MDU,MDU Resources Group Inc.,Industrials,Mining & Quarrying of Nonmetallic Minerals (No Fuels),210349455.98944592,3986.122191,2026-10-08
MDWD,MediWound Ltd.,Health Care, Medicinal Chemicals and Botanical Products ,12910278.022813687,169.770156,2026-10-08
MDXG,MiMedx Group Inc,Health Care,Medical/Dental Instruments,145760467.96536797,673.413362,2026-10-08
MDXH,MDxHealth SA,Health Care,Medical Specialities,95417381.23020503,57.240887,2026-10-08
MEC,Mayville Engineering Company Inc.,Industrials,Industrial Specialties,25500330.98420413,419.735448,2026-10-08
MED,MEDIFAST INC,Consumer Staples,Packaged Foods,11180703.040834058,128.689892,2026-10-08
MEDP,Medpace Holdings Inc.,Health Care,Biotechnology: Commercial Physical & Biological Resarch,27911655.000829324,16827.9368,2026-10-08
MEDS,DataMeds AI Inc.,Health Care,Other Pharmaceuticals,2833533.8762214985,8.698949,2026-10-08
MEGI,NYLIM CBRE Global Infrastructure Megatrends Term Fund,Finance,Investment Managers,0.0,0.0,2026-10-08
MEGL,Magic Empire Global Limited,Finance,Finance: Consumer Services,67742621.79487179,52.839245,2026-10-08
MEI,Methode Electronics Inc.,Technology,Electrical Products,35645052.98013245,538.2403,2026-10-08
MELI,MercadoLibre Inc.,Consumer Discretionary,Business Services,50696802.000010766,94194.151148,2026-10-08
MENS,Jyong Biotech Ltd.,Health Care,Biotechnology: Pharmaceutical Preparations,76027666.83168317,153.575887,2026-10-08
MEOH,Methanex Corporation,Industrials,Major Chemicals,77364262.99950665,4704.520833,2026-10-08
MERC,Mercer International Inc.,Basic Materials,Paper,67018033.333333336,16.084328,2026-10-08
MESH,Meshflow Acquisition Corp.,,,0.0,0.0,2026-10-08
MESHW,Meshflow Acquisition Corp. Warrants,,,0.0,0.0,2026-10-08
MESO,Mesoblast Limited,Health Care,Biotechnology: Biological Products (No Diagnostic Substances),130084811.02130787,1770.454278,2026-10-08
MET,MetLife Inc.,Finance,Life Insurance,635476926.9967065,61742.938227,2026-10-08
META,Meta Platforms Inc.,Technology,Computer Software: Programming Data Processing,2547506225.0,1882301.399528,2026-10-08
METC,Ramaco Resources Inc.,Energy,Coal Mining,63683273.965936735,523.476512,2026-10-08
METCB,Ramaco Resources Inc.,Energy,Coal Mining,63683274.04921701,284.664235,2026-10-08
METCI,Ramaco Resources Inc. 8.250% Senior Notes due 2030,Energy,Coal Mining,0.0,0.0,2026-10-08
METCZ,Ramaco Resources Inc. 8.375% Senior Notes due 2029,Energy,Coal Mining,0.0,0.0,2026-10-08
MEVO,M Evo Global Acquisition Corp II,Finance,Blank Checks,0.0,0.0,2026-10-08
MEVOW,M Evo Global Acquisition Corp II Warrants,Finance,Blank Checks,0.0,0.0,2026-10-08
MF,MindForge Inc.,Technology,Computer Software: Programming Data Processing,1816400.0,20.70696,2026-10-08
MFA,MFA Financial Inc.,Real Estate,Real Estate Investment Trusts,101087938.04945055,735.920189,2026-10-08
MFAN,MFA Financial Inc. 8.875% Senior Notes due 2029,Real Estate,Real Estate Investment Trusts,102668701.98807158,2582.117855,2026-10-08
MFAO,MFA Financial Inc. 9.000% Senior Notes due 2029,Real Estate,Real Estate Investment Trusts,102668701.98491465,2586.224603,2026-10-08
MFC,Manulife Financial Corporation,Finance,Life Insurance,1668890513.9995341,71645.469766,2026-10-08
MFG,Mizuho Financial Group Inc. Sponosred ADR (Japan),Finance,Major Banks,12449242970.044842,138809.059116,2026-10-08
MFI,mF International Limited,Technology,EDP Services,50176485.053763434,466.641311,2026-10-08
MFIC,MidCap Financial Investment Corporation,Finance,Finance/Investors Services,82372628.0,700.167338,2026-10-08
MFICL,MidCap Financial Investment Corporation 8.00% Notes due 2028,Finance,Finance/Investors Services,93303621.99681781,2345.653057,2026-10-08
MFIN,Medallion Financial Corp.,Finance,Finance: Consumer Services,22960249.02624894,271.160541,2026-10-08
MFM,Aberdeen Municipal Income Fund,Finance,Finance Companies,41187630.97165991,203.466897,2026-10-08
MFP,Midera Food Processing Inc.,Industrials,Industrial Machinery/Components,45230455.00239349,1889.72841,2026-10-08
MG,Mistras Group Inc,Consumer Discretionary,Military/Government/Technical,31849893.009985734,669.80325,2026-10-08
MGA,Magna International Inc.,Consumer Discretionary,Auto Parts:O.E.M.,265454345.99451724,17429.732358,2026-10-08
MGEE,MGE Energy Inc,Energy,Electric Utilities: Central,37784011.99886669,2667.173407,2026-10-08
MGF,Aberdeen Government Markets Income Fund,Finance,Trusts Except Educational Religious and Charitable,32597392.897196263,87.198026,2026-10-08
MGIH,Millennium Group International Holdings Limited,Consumer Discretionary,Publishing,11250000.0,16.425,2026-10-08
MGLD,The Marygold Companies Inc.,Finance,Finance: Consumer Services,42712250.0,85.4245,2026-10-08
MGM,MGM Resorts International,Consumer Discretionary,Hotels/Resorts,258323142.99279633,7889.188787,2026-10-08
MGN,Megan Holdings Limited,Consumer Staples,Farming/Seeds/Milling,925000.0,3.33,2026-10-08
MGNI,Magnite Inc.,Technology,Computer Software: Programming Data Processing,143424157.00483093,3562.65606,2026-10-08
MGNX,MacroGenics Inc.,Health Care,Biotechnology: Pharmaceutical Preparations,63700187.08791208,231.868681,2026-10-08
MGPI,MGP Ingredients Inc.,Consumer Staples,Beverages (Production/Distribution),21414076.03686636,278.81127,2026-10-08
MGR,Affiliated Managers Group Inc. 5.875% Junior Subordinated Notes due 2059,Finance,Investment Managers,28412062.984599046,534.999146,2026-10-08
MGRB,Affiliated Managers Group Inc. 4.750% Junior Subordinated Notes due 2060,Finance,Investment Managers,28412063.017186504,446.35351,2026-10-08
MGRC,McGrath RentCorp,Consumer Discretionary,Diversified Commercial Services,24425663.002203763,2881.739721,2026-10-08
MGRD,Affiliated Managers Group Inc. 4.200% Junior Subordinated Notes due 2061,Finance,Investment Managers,28412063.015647225,399.473606,2026-10-08
MGRE,Affiliated Managers Group Inc. 6.750% Junior Subordinated Notes due 2064,Finance,Investment Managers,28412062.97852474,608.586389,2026-10-08
MGRT,Mega Fortune Company Limited,Technology,EDP Services,13750000.0,1485.0,2026-10-08
MGRX,Mangoceuticals Inc.,Health Care,Misc Health and Biotechnology Services,21567422.22222222,9.70534,2026-10-08
MGTX,MeiraGTx Holdings plc,Health Care,Biotechnology: Biological Products (No Diagnostic Substances),96042996.03773585,1018.055758,2026-10-08
MGX,Metagenomi Therapeutics Inc.,Health Care,Biotechnology: Biological Products (No Diagnostic Substances),37777104.85436893,38.910418,2026-10-08
MGY,Magnolia Oil & Gas Corporation,Energy,Oil & Gas Production,268006322.01336673,6416.071349,2026-10-08
MGYR,Magyar Bancorp Inc.,Finance,Savings Institutions,6455383.0149716055,125.040769,2026-10-08
MH,McGraw Hill Inc.,Consumer Discretionary,Publishing,191308814.02157164,2483.188406,2026-10-08
MHD,Blackrock MuniHoldings Fund Inc.,Finance,Investment Bankers/Brokers/Service,148762470.96774194,1521.840078,2026-10-08
MHF,Western Asset Municipal High Income Fund Inc.,Finance,Finance/Investors Services,0.0,0.0,2026-10-08
MHH,Mastech Digital Inc,Consumer Discretionary,Professional Services,12012581.049562681,82.406306,2026-10-08
MHK,Mohawk Industries Inc.,Consumer Discretionary,Home Furnishings,67738144.99801666,8538.393177,2026-10-08
MHLA,Maiden Holdings Ltd. 6.625% Notes due 2046,Finance,Property-Casualty Insurers,7741943.0,69.677487,2026-10-08
MHNC,Maiden Holdings North America Ltd. 7.75% Notes due 2043,Finance,Property-Casualty Insurers,7741942.9683698295,79.548464,2026-10-08
MHO,M/I Homes Inc.,Consumer Discretionary,Homebuilding,25283031.000075027,3369.975202,2026-10-08
MI,NFT Limited Class A Ordinary Share,Finance,Finance: Consumer Services,510729.26829268294,0.628197,2026-10-08
MIAC,Meridian3 Industrials Acquisition Corp,,,0.0,0.0,2026-10-08
MIACU,Meridian3 Industrials Acquisition Corp Units,,,0.0,0.0,2026-10-08
MIACW,Meridian3 Industrials Acquisition Corp Warrant,,,0.0,0.0,2026-10-08
MIAX,Miami International Holdings Inc.,Finance,Investment Bankers/Brokers/Service,99230897.98635921,3055.319349,2026-10-08
MICC,The Magnum Ice Cream Company N.V.,Consumer Staples,Specialty Foods,612259738.9988359,10518.622316,2026-10-08
MIDD,Middleby Corporation (The),Industrials,Industrial Machinery/Components,45222348.99924471,4789.951206,2026-10-08
MIMI,Mint Incorporation Limited,Consumer Discretionary,Business Services,15892620.981985163,13.497603,2026-10-08
MIN,Aberdeen Intermediate Income Fund,Finance,Trusts Except Educational Religious and Charitable,114897770.99567099,265.413851,2026-10-08
MIND,MIND Technology Inc.,Industrials,Industrial Machinery/Components,9089054.923413565,41.536981,2026-10-08
MINE,Mayfair Gold Corp.,Energy,Oil & Gas Production,67138496.124031,173.21732,2026-10-08
MIR,Mirion Technologies Inc.,Industrials,Industrial Machinery/Components,249037647.0190535,4051.842517,2026-10-08
MIRA,MIRA Pharmaceuticals Inc.,Health Care,Biotechnology: Pharmaceutical Preparations,42022087.66507446,29.911322,2026-10-08
MIRM,Mirum Pharmaceuticals Inc.,Health Care,Biotechnology: Pharmaceutical Preparations,64932203.003154576,5145.877088,2026-10-08
MIST,Milestone Pharmaceuticals Inc.,Health Care,Biotechnology: Pharmaceutical Preparations,124497979.58649568,95.141356,2026-10-08
MITK,Mitek Systems Inc.,Technology,Computer peripheral equipment,45122374.012593016,788.287874,2026-10-08
MITN,TPG Mortgage Investment Trust Inc. 9.500% Senior Notes due 2029,Real Estate,Real Estate Investment Trusts,29492984.007936507,743.223197,2026-10-08
MITP,TPG Mortgage Investment Trust Inc. 9.500% Senior Notes due 2029,Real Estate,Real Estate Investment Trusts,29492983.995234314,742.633337,2026-10-08
MITQ,Moving iMage Technologies Inc.,Consumer Discretionary,Industrial Machinery/Components,9952223.549488055,5.832003,2026-10-08
MITT,TPG Mortgage Investment Trust Inc.,Real Estate,Real Estate Investment Trusts,31803474.95590829,180.325703,2026-10-08
MIY,Blackrock MuniYield Michigan Quality Fund Inc.,Finance,Investment Bankers/Brokers/Service,148762470.98214287,1666.139675,2026-10-08
MKC,McCormick & Company Incorporated,Consumer Staples,Packaged Foods,269064479.0088106,12215.527347,2026-10-08
MKDW,MKDWELL Tech Inc. Ordinary Share,Technology,Consumer Electronics/Appliances,34198442.23522809,42.655717,2026-10-08
MKL,Markel Group Inc.,Finance,Property-Casualty Insurers,12389957.999919463,21537.83569,2026-10-08
MKLY,McKinley Acquisition Corporation,Finance,Blank Checks,0.0,0.0,2026-10-08
MKLYR,McKinley Acquisition Corporation Rights,Finance,Blank Checks,0.0,0.0,2026-10-08
MKSI,MKS Inc.,Industrials,Industrial Machinery/Components,67617558.00078177,19028.256997,2026-10-08
MKTW,MarketWise Inc.,Technology,Computer Software: Prepackaged Software,15774485.021470066,312.255931,2026-10-08
MKTX,MarketAxess Holdings Inc.,Finance,Investment Bankers/Brokers/Service,35192891.00164604,5772.689911,2026-10-08
MKZR,MacKenzie Realty Capital Inc.,Real Estate,Real Estate Investment Trusts,2774687.6811594204,3.829069,2026-10-08
MLAA,Mountain Lake Acquisition Corp. II,Finance,Blank Checks,0.0,0.0,2026-10-08
MLAB,Mesa Laboratories Inc.,Industrials,Industrial Machinery/Components,5595868.998971042,761.373936,2026-10-08
MLCI,Mount Logan Capital Inc.,Finance,Investment Managers,11188767.9245283,35.580282,2026-10-08
MLCIL,Mount Logan Capital Inc. 8.00% Notes Due 2031,Finance,Investment Managers,0.0,0.0,2026-10-08
MLCO,Melco Resorts & Entertainment Limited,Consumer Discretionary,Hotels/Resorts,393465201.8867924,1668.292456,2026-10-08
MLEC,Moolec Science SA,Finance,Blank Checks,726117.9274611399,3.503519,2026-10-08
MLECW,Moolec Science SA Warrant,Finance,Blank Checks,726111.1111111111,0.009149,2026-10-08
MLGO,MicroAlgo Inc.,Technology,EDP Services,12437460.84142395,38.431754,2026-10-08
MLI,Mueller Industries Inc.,Industrials,Metal Fabrications,221181387.99303025,13963.181024,2026-10-08
MLKN,MillerKnoll Inc.,Consumer Discretionary,Office Equipment/Supplies/Services,68799794.98069498,1425.531752,2026-10-08
MLM,Martin Marietta Materials Inc.,Industrials,Mining & Quarrying of Nonmetallic Minerals (No Fuels),71020330.99936607,34729.652062,2026-10-08
MLP,Maui Land & Pineapple Company Inc.,Finance,Real Estate,19859154.987212274,310.597184,2026-10-08
MLR,Miller Industries Inc.,Consumer Discretionary,Construction/Ag Equipment/Trucks,11352183.998521805,614.380198,2026-10-08
MLSS,Milestone Scientific Inc.,Health Care,Industrial Specialties,90644402.07028058,33.27556,2026-10-08
MLTX,MoonLake Immunotherapeutics,Health Care,Biotechnology: Pharmaceutical Preparations,85106685.02283105,931.918201,2026-10-08
MLYS,Mineralys Therapeutics Inc.,Health Care,Biotechnology: Pharmaceutical Preparations,88406885.01138952,1940.531126,2026-10-08
MMA,Mixed Martial Arts Group Limited,Consumer Discretionary,Other Consumer Services,26483539.774291217,9.62147,2026-10-08
MMD,NYLIM MacKay DefinedTerm Muni Opportunities Fund,Finance,Investment Managers,0.0,0.0,2026-10-08
MMED,MiniMed Group Inc.,Health Care,Medical/Dental Instruments,281349931.00814664,5525.712645,2026-10-08
MMI,Marcus & Millichap Inc.,Finance,Real Estate,37871003.006993,1083.110686,2026-10-08
MMLP,Martin Midstream Partners L.P. Limited Partnership,Energy,Oil Refining/Marketing,39124686.22448979,76.684385,2026-10-08
MMM,3M Company,Health Care,Medical/Dental Instruments,515722417.0007334,84392.816318,2026-10-08
MMS,Maximus Inc.,Consumer Discretionary,Business Services,52357763.00292612,2862.922481,2026-10-08
MMSI,Merit Medical Systems Inc.,Health Care,Medical/Dental Instruments,59710419.99764595,5072.997283,2026-10-08
MMT,Aberdeen Multi-Market Income Fund,Finance,Trusts Except Educational Religious and Charitable,59548304.95283019,252.484813,2026-10-08
MMTX,Miluna Acquisition Corp Class A Ordinary Share,Finance,Blank Checks,0.0,0.0,2026-10-08
MMTXU,Miluna Acquisition Corp Units,Finance,Blank Checks,0.0,0.0,2026-10-08
MMU,Western Asset Managed Municipals Fund Inc.,Finance,Investment Managers,0.0,0.0,2026-10-08
MMYT,MakeMyTrip Limited,Consumer Discretionary,Transportation Services,94058662.00138345,4079.324171,2026-10-08
MNDO,MIND C.T.I. Ltd.,Technology,EDP Services,20185166.326530613,19.781463,2026-10-08
MNDR,Mobile-health Network Solutions,Technology,Computer Software: Prepackaged Software,3674537.1900826446,4.44619,2026-10-08
MNDY,monday.com Ltd.,Technology,Computer Software: Prepackaged Software,42906944.00284731,3616.62631,2026-10-08
MNKD,MannKind Corporation,Health Care,Biotechnology: Pharmaceutical Preparations,321544484.09703505,1192.930036,2026-10-08
MNOV,Medicinova Inc,Health Care,Biotechnology: Pharmaceutical Preparations,49221246.06060606,81.215056,2026-10-08
MNPR,Monopar Therapeutics Inc.,Health Care,Biotechnology: Pharmaceutical Preparations,6712171.999497298,534.087526,2026-10-08
MNR,Mach Natural Resources LP Common Units representing Limited Partner Interests,Energy,Oil & Gas Production,166948093.99624765,1779.666682,2026-10-08
MNRO,Monro Inc.,Consumer Discretionary,Automotive Aftermarket,31264059.98536942,427.3797,2026-10-08
MNSB,MainStreet Bancshares Inc.,Finance,Major Banks,7121075.985518906,177.029949,2026-10-08
MNSBP,MainStreet Bancshares Inc.,Finance,Major Banks,7121075.987107172,176.745106,2026-10-08
MNSO,MINISO Group Holding Limited,Consumer Discretionary,Department/Specialty Retail Stores,309391043.99551064,2756.674202,2026-10-08
MNST,Monster Beverage Corporation,Consumer Staples,Beverages (Production/Distribution),2938580584.99422,127093.610301,2026-10-08
MNTK,Montauk Renewables Inc.,Utilities,Natural Gas Distribution,142341139.09774435,378.62743,2026-10-08
MNTN,MNTN Inc.,Consumer Discretionary,Advertising,74803162.98507462,751.771788,2026-10-08
MNTS,Momentus Inc.,Industrials,Military/Government/Technical,21963401.111111112,79.068244,2026-10-08
MNY,MoneyHero Limited,Consumer Discretionary,Business Services,44433218.44225604,29.779143,2026-10-08
MNYWW,MoneyHero Limited Warrants,Consumer Discretionary,Business Services,44433239.43661972,0.946428,2026-10-08
MO,Altria Group Inc.,Health Care, Medicinal Chemicals and Botanical Products ,1669743925.9956236,114460.946127,2026-10-08
MOB,Mobilicom Limited,Industrials,Aerospace,12867653.023255814,55.330908,2026-10-08
MOBBW,Mobilicom Limited Warrants,Industrials,Aerospace,12867652.839377338,14.796514,2026-10-08
MOBI,Mobia Medical Inc.,Health Care,Medical/Dental Instruments,33291096.02272727,292.961645,2026-10-08
MOBX,Mobix Labs Inc.,Technology,Semiconductors,17952044.64285714,20.10629,2026-10-08
MOBXW,Mobix Labs Inc Warrants,Technology,Semiconductors,17952045.454545453,1.974725,2026-10-08
MOD,Modine Manufacturing Company,Consumer Discretionary,Auto Parts:O.E.M.,53112707.99852562,10086.634376,2026-10-08
MODD,Modular Medical Inc.,Health Care,Medical/Dental Instruments,9495823.076923076,25.923597,2026-10-08
MOGU,MOGU Inc.,Consumer Discretionary,Business Services,8183293.010752688,15.220925,2026-10-08
MOH,Molina Healthcare Inc,Health Care,Medical Specialities,52200000.0,10187.874,2026-10-08
MOLN,Molecular Partners AG,Health Care,Biotechnology: Biological Products (No Diagnostic Substances),37511162.96296296,141.792196,2026-10-08
MOMO,Hello Group Inc.,Technology,Computer Software: Prepackaged Software,147747401.04821804,704.755103,2026-10-08
MORN,Morningstar Inc.,Finance,Investment Managers,37513571.0000511,7341.030709,2026-10-08
MOS,Mosaic Company (The),Industrials,Agricultural Chemicals,317895645.9885387,6656.734827,2026-10-08
MOV,Movado Group Inc.,Consumer Discretionary,Consumer Specialties,22312244.99238965,732.957248,2026-10-08
MOVE,Corvex Inc.,Technology,EDP Services,31552274.976392824,334.138592,2026-10-08
MP,MP Materials Corp.,Basic Materials,Metal Mining,178101588.0074181,8643.270066,2026-10-08
MPA,Blackrock MuniYield Pennsylvania Quality Fund,Finance,Finance Companies,0.0,0.0,2026-10-08
MPAA,Motorcar Parts  of America Inc.,Consumer Discretionary,Auto Parts:O.E.M.,18933207.022471912,202.206651,2026-10-08
MPB,Mid Penn Bancorp,Finance,Major Banks,25335214.9889989,921.188417,2026-10-08
MPC,Marathon Petroleum Corporation,Energy,Integrated oil Companies,280824763.0007401,121417.394531,2026-10-08
MPLT,MapLight Therapeutics Inc.,Health Care,Biotechnology: Pharmaceutical Preparations,64773605.98555212,627.656242,2026-10-08
MPLX,MPLX LP Common Units Representing Limited Partner Interests,Energy,Natural Gas Distribution,1013858250.9953263,58570.59116,2026-10-08
MPT,Medical Properties Trust Inc.,Real Estate,Real Estate Investment Trusts,597200000.0,1970.76,2026-10-08
MPTI,M-tron Industries Inc.,Technology,Industrial Machinery/Components,4346475.998428702,331.940372,2026-10-08
MPU,Mega Matrix Inc.,Consumer Discretionary,Movies/Entertainment,3421292.0,9.408553,2026-10-08
MPV,Barings Participation Investors,Finance,Finance Companies,10601700.0,173.337795,2026-10-08
MPWR,Monolithic Power Systems Inc.,Technology,Semiconductors,49143000.0,72421.54767,2026-10-08
MQ,Marqeta Inc.,Technology,Computer Software: Prepackaged Software,104098834.01812689,1722.835703,2026-10-08
MQY,Blackrock MuniYield Quality Fund Inc.,Finance,Investment Bankers/Brokers/Service,148762471.02615696,1478.698962,2026-10-08
MRAM,Everspin Technologies Inc.,Technology,Semiconductors,24350009.009009007,432.45616,2026-10-08
MRBK,Meridian Corporation,Finance,Major Banks,11929048.006379586,224.385393,2026-10-08
MRCO,Mercator Acquisition Corp.,Finance,Blank Checks,0.0,0.0,2026-10-08
MRCOU,Mercator Acquisition Corp. Units,Finance,Blank Checks,0.0,0.0,2026-10-08
MRCY,Mercury Systems Inc,Technology,Electrical Products,60863586.00241546,5039.504921,2026-10-08
MRDN,Meridian Holdings Inc.,Technology,Computer Software: Prepackaged Software,12681533.034914952,141.652724,2026-10-08
MREO,Mereo BioPharma Group plc,Health Care,Biotechnology: Pharmaceutical Preparations,159618608.96886602,55.882475,2026-10-08
MRK,Merck & Company Inc.,Health Care,Biotechnology: Pharmaceutical Preparations,2467171638.0019727,350190.342298,2026-10-08
MRKR,Marker Therapeutics Inc.,Health Care,Biotechnology: Pharmaceutical Preparations,16673126.732673267,16.839858,2026-10-08
MRLN,Merlin Inc.,Technology,EDP Services,101067783.97435898,157.665743,2026-10-08
MRM,MEDIROM Healthcare Technologies Inc.,Consumer Discretionary,Other Consumer Services,7901950.909090908,4.346073,2026-10-08
MRNA,Moderna Inc.,Health Care,Biotechnology: Biological Products (No Diagnostic Substances),399235889.0003201,74840.759752,2026-10-08
MRNO,Murano Global Investments PLC,Consumer Discretionary,Hotels/Resorts,79242872.95081967,19.335261,2026-10-08
MRNOW,Murano Global Investments PLC Warrants,Consumer Discretionary,Hotels/Resorts,79242828.28282827,0.784504,2026-10-08
MRP,Millrose Properties Inc.,Finance,Real Estate,166047927.01769528,3847.330469,2026-10-08
MRSH,Marsh,Finance,Specialty Insurers,477211267.9981367,81956.263166,2026-10-08
MRT,Marti Technologies Inc.,Consumer Discretionary,Rental/Leasing Companies,86042726.02040817,168.643743,2026-10-08
MRTN,Marten Transport Ltd.,Industrials,Trucking Freight/Courier Services,81661668.997669,1050.98568,2026-10-08
MRVI,Maravai LifeSciences Holdings Inc.,Health Care,Biotechnology: Pharmaceutical Preparations,259673624.96815288,2038.437956,2026-10-08
MRVL,Marvell Technology Inc.,Technology,Semiconductors,876900000.0,251679.069,2026-10-08
MRX,Marex Group Limited,Finance,Investment Bankers/Brokers/Service,74132837.00161639,5503.621819,2026-10-08
MS,Morgan Stanley,Finance,Investment Bankers/Brokers/Service,1570566292.0008376,300009.573098,2026-10-08
MSA,MSA Safety Incorporated,Health Care,Industrial Specialties,38578288.99972595,7038.608828,2026-10-08
MSAI,MultiSensor AI Holdings Inc.,Technology,Electronic Components,2205647.912087912,10.035698,2026-10-08
MSAIW,MultiSensor AI Holdings Inc. Warrant,Technology,Electronic Components,2205655.737704918,0.053818,2026-10-08
MSB,Mesabi Trust,Industrials,Precious Metals,13120009.983896941,244.425786,2026-10-08
MSBI,Midland States Bancorp Inc.,Finance,Major Banks,20752111.98901769,680.254231,2026-10-08
MSBIP,Midland States Bancorp Inc.,Finance,Major Banks,20752112.001579158,525.650997,2026-10-08
MSC,Studio City International Holdings Limited,Consumer Discretionary,Hotels/Resorts,210716115.41598696,206.670366,2026-10-08
MSCI,MSCI Inc.,Consumer Discretionary,Business Services,72700000.0,40342.684,2026-10-08
MSD,Morgan Stanley Emerging Markets Debt Fund Inc.,Finance,Trusts Except Educational Religious and Charitable,0.0,0.0,2026-10-08
MSDL,Morgan Stanley Direct Lending Fund,,,0.0,0.0,2026-10-08
MSEX,Middlesex Water Company,Utilities,Water Supply,18843945.992438562,996.844743,2026-10-08
MSFT,Microsoft Corporation,Technology,Computer Software: Prepackaged Software,7425545490.9994335,3930341.228386,2026-10-08
MSGE,Madison Square Garden Entertainment Corp.,Consumer Discretionary,Services-Misc. Amusement & Recreation,47305234.004250534,3783.945668,2026-10-08
MSGM,Motorsport Games Inc.,Technology,Computer Software: Prepackaged Software,4588801.923076923,23.86177,2026-10-08
MSGS,Madison Square Garden Sports Corp.,Consumer Discretionary,Services-Misc. Amusement & Recreation,24079941.000323325,9681.821878,2026-10-08
MSGY,Masonglory Limited,Consumer Discretionary,Engineering & Construction,2119624.9500998007,10.619321,2026-10-08
MSI,Motorola Solutions Inc.,Technology,Radio And Television Broadcasting And Communications Equipment,165493788.000789,75511.505589,2026-10-08
MSIF,MSC Income Fund Inc.,Finance,Finance/Investors Services,45345228.98550724,531.899536,2026-10-08
MSLE,Satellos Bioscience Inc.,Health Care,Biotechnology: Pharmaceutical Preparations,21216438.99204244,159.97195,2026-10-08
MSM,MSC Industrial Direct Company Inc.,Industrials,Industrial Machinery/Components,55846297.99723757,7277.889555,2026-10-08
MSN,Emerson Radio Corporation,Consumer Staples,Consumer Electronics/Appliances,21042651.399491094,8.269762,2026-10-08
MSS,Maison Solutions Inc.,Consumer Staples,Food Chains,855338.7283236994,1.479736,2026-10-08
MSTR,Strategy Inc,Technology,Computer Software: Prepackaged Software,421977907.9975691,69436.464761,2026-10-08
MT,Arcelor Mittal NY Registry Shares NEW,Industrials,Steel/Iron Ore,761125819.0059825,49617.792141,2026-10-08
MTA,Metalla Royalty & Streaming Ltd.,Basic Materials,Precious Metals,93495873.98907104,855.487247,2026-10-08
MTAK,Market Technology Acquisition Corp,,,0.0,0.0,2026-10-08
MTAKU,Market Technology Acquisition Corp Unit,Finance,Blank Checks,0.0,0.0,2026-10-08
MTAL,Metals Acquisition Corp. II,Basic Materials,Metal Mining,82462034.03836696,838.226576,2026-10-08
MTB,M&T Bank Corporation,Finance,Major Banks,144416262.0005486,31589.61315,2026-10-08
MTC,MMTec Inc.,Technology,Computer Software: Prepackaged Software,99587810.97804391,498.934933,2026-10-08
MTCH,Match Group Inc.,Technology,Computer Software: Programming Data Processing,229550985.00738555,9324.361011,2026-10-08
MTD,Mettler-Toledo International Inc.,Industrials,Biotechnology: Laboratory Analytical Instruments,20036558.999915205,30717.447506,2026-10-08
MTDR,Matador Resources Company,Energy,Oil & Gas Production,123754216.00831601,6547.835569,2026-10-08
MTEK,Maris-Tech Ltd.,Telecommunications,Telecommunications Equipment,9698626.249596905,6.015088,2026-10-08
MTEN,Mingteng International Corporation Inc.,Industrials,Building Products,7649865.442787108,7.333926,2026-10-08
MTEX,Mannatech Incorporated,Health Care, Medicinal Chemicals and Botanical Products ,1929669.9614890886,15.032129,2026-10-08
MTG,MGIC Investment Corporation,Finance,Property-Casualty Insurers,205124839.9853801,5612.215622,2026-10-08
MTH,Meritage Homes Corporation,Consumer Discretionary,Homebuilding,65174092.99586119,4094.236522,2026-10-08
MTLS,Materialise NV,Technology,Computer Software: Prepackaged Software,59067185.98130841,505.615112,2026-10-08
MTN,Vail Resorts Inc.,Consumer Discretionary,Services-Misc. Amusement & Recreation,35635298.00275482,5174.24527,2026-10-08
MTNB,Matinas Biopharma Holdings Inc.,Health Care,Biotechnology: Pharmaceutical Preparations,979519.9335548173,2.948355,2026-10-08
MTNE,CH4 Natural Solutions Corporation,,,0.0,0.0,2026-10-08
MTR,Mesa Royalty Trust,Energy,Oil & Gas Production,1863590.2127659575,4.379437,2026-10-08
MTRN,Materion Corporation,Industrials,Industrial Specialties,20833725.0008009,6503.247259,2026-10-08
MTRX,Matrix Service Company,Consumer Discretionary,Engineering & Construction,28291921.023255814,304.138151,2026-10-08
MTSI,MACOM Technology Solutions Holdings Inc.,Technology,Semiconductors,76370931.00065589,26780.994374,2026-10-08
MTUS,Metallus Inc.,Industrials,Steel/Iron Ore,41449283.98661567,867.119021,2026-10-08
MTVA,MetaVia Inc.,Health Care,Biotechnology: Pharmaceutical Preparations,6588100.675675676,9.750389,2026-10-08
MTW,Manitowoc Company Inc. (The),Industrials,Construction/Ag Equipment/Trucks,36061968.99059025,843.128835,2026-10-08
MTX,Minerals Technologies Inc.,Basic Materials,Major Chemicals,31128762.003637463,2053.875717,2026-10-08
MTZ,MasTec Inc.,Industrials,Water Sewer Pipeline Comm & Power Line Construction,80304947.99824792,18333.619628,2026-10-08
MU,Micron Technology Inc.,Technology,Semiconductors,1129393151.0004208,1180848.30296,2026-10-08
MUA,Blackrock MuniAssets Fund Inc,Finance,Investment Bankers/Brokers/Service,148762470.9883103,1399.854852,2026-10-08
MUC,Blackrock MuniHoldings California Quality Fund Inc.,Finance,Investment Bankers/Brokers/Service,148762471.00409836,1451.921717,2026-10-08
MUFG,Mitsubishi UFJ Financial Group Inc.,Finance,Commercial Banks,11867710920.0,275330.893344,2026-10-08
MUJ,Blackrock MuniHoldings New Jersey Quality Fund Inc.,Finance,Investment Bankers/Brokers/Service,148762470.99911582,1682.503547,2026-10-08
MUR,Murphy Oil Corporation,Energy,Oil & Gas Production,143381125.00661552,5418.372714,2026-10-08
MUSA,Murphy USA Inc.,Consumer Discretionary,Retail-Auto Dealers and Gas Stations,18380346.99920083,9429.669421,2026-10-08
MUX,McEwen Inc.,Basic Materials,Precious Metals,61358566.02209944,1110.590045,2026-10-08
MUZE,Muzero Acquisition Corp,Finance,Blank Checks,0.0,0.0,2026-10-08
MUZEU,Muzero Acquisition Corp Unit,Finance,Blank Checks,0.0,0.0,2026-10-08
MUZEW,Muzero Acquisition Corp Warrant,Finance,Blank Checks,0.0,0.0,2026-10-08
MVBF,MVB Financial Corp.,Finance,Major Banks,12967507.004021447,386.950409,2026-10-08
MVIS,MicroVision Inc.,Technology,Industrial Machinery/Components,30150027.21518987,47.637043,2026-10-08
MVST,Microvast Holdings Inc.,Miscellaneous,Industrial Machinery/Components,384534485.6909239,235.142838,2026-10-08
MWA,MUELLER WATER PRODUCTS,Industrials,Metal Fabrications,156125679.00728598,3428.519911,2026-10-08
MWC,Micware Co. Ltd.,Technology,EDP Services,61331990.16393443,93.531285,2026-10-08
MWG,Multi Ways Holdings Limited,Consumer Discretionary,Miscellaneous manufacturing industries,5142024.264705882,6.993153,2026-10-08
MWH,SOLV Energy Inc.,Industrials,Military/Government/Technical,202386721.98340875,5367.295867,2026-10-08
MWYN,Marwynn Holdings Inc.,Consumer Discretionary,Food Distributors,20194804.081632655,29.686362,2026-10-08
MX,Magnachip Semiconductor Corporation,Technology,Semiconductors,38041316.90962099,130.481717,2026-10-08
MXC,Mexco Energy Corporation,Energy,Oil & Gas Production,2046000.0,21.70806,2026-10-08
MXCT,MaxCyte Inc.,Health Care,Biotechnology: Commercial Physical & Biological Resarch,103206206.42201833,112.494765,2026-10-08
MXE,Mexico Equity and Income Fund Inc. (The),Finance,Finance Companies,0.0,0.0,2026-10-08
MXF,Mexico Fund Inc. (The),Finance,Trusts Except Educational Religious and Charitable,0.0,0.0,2026-10-08
MXL,MaxLinear Inc.,Technology,Semiconductors,90693190.99725527,9912.765776,2026-10-08
MYE,Myers Industries Inc.,Industrials,Plastic Products,37618069.99685831,1197.383168,2026-10-08
MYFW,First Western Financial Inc.,Finance,Major Banks,9765129.01623054,294.809245,2026-10-08
MYGN,Myriad Genetics Inc.,Health Care,Biotechnology: In Vitro & In Vivo Diagnostic Substances,95649645.09345794,409.380481,2026-10-08
MYI,Blackrock MuniYield Quality Fund III Inc,Finance,Investment Bankers/Brokers/Service,148762470.95435685,1434.07022,2026-10-08
MYN,Blackrock MuniYield New York Quality Fund Inc.Common Stock,Finance,Finance Companies,0.0,0.0,2026-10-08
MYND,Mynd.ai Inc.,Technology,Computer peripheral equipment,47144605.21968946,14.270672,2026-10-08
MYO,Myomo Inc.,Health Care,Industrial Specialties,39607854.03726708,63.768645,2026-10-08
MYPS,PLAYSTUDIOS Inc.,Technology,Computer Software: Prepackaged Software,12012137.991266375,55.015592,2026-10-08
MYRG,MYR Group Inc.,Industrials,Water Sewer Pipeline Comm & Power Line Construction,15569250.001540786,5052.377318,2026-10-08
MYSE,Myseum.AI Inc.,Telecommunications,Telecommunications Equipment,5196429.87804878,8.522145,2026-10-08
MYSZ,My Size Inc.,Technology,Computer Software: Prepackaged Software,5394777.707006369,8.469801,2026-10-08
MYX,Maywood Acquisition Corp. 2 Class A Ordinary Share,Finance,Blank Checks,0.0,0.0,2026-10-08
MYXXR,Maywood Acquisition Corp. 2 Rights,Finance,Blank Checks,0.0,0.0,2026-10-08
MZTI,The Marzetti Company,Consumer Staples,Packaged Foods,27291000.0,2734.5582,2026-10-08
MZYX,MOZAYYX Acquisition Corp.,,,0.0,0.0,2026-10-08
NA,Nano Labs Ltd,Technology,Semiconductors,23214089.861751154,50.374575,2026-10-08
NAAS,NaaS Technology Inc.,Consumer Discretionary,Other Specialty Stores,24562868.91361469,75.719956,2026-10-08
NABL,N-able Inc.,Technology,Computer Software: Prepackaged Software,188906050.0,834.964741,2026-10-08
NAC,Nuveen California Quality Municipal Income Fund,Finance,Investment Managers,0.0,0.0,2026-10-08
NAD,Nuveen Quality Municipal Income Fund,Finance,Investment Managers,0.0,0.0,2026-10-08
NAGE,Niagen Bioscience Inc.,Health Care, Medicinal Chemicals and Botanical Products ,79126001.85873607,212.848945,2026-10-08
NAII,Natural Alternatives International Inc.,Health Care, Medicinal Chemicals and Botanical Products ,6264847.368421053,8.332247,2026-10-08
NAK,Northern Dynasty Minerals Ltd.,Basic Materials,Precious Metals,562121662.3076923,730.758161,2026-10-08
NAKA,Nakamoto Inc.,Health Care,Medical/Nursing Services,17894943.05120167,171.254605,2026-10-08
NAMI,Jinxin Technology Holding Company,Real Estate,Other Consumer Services,3794793.805309735,8.576234,2026-10-08
NAMM,Namib Minerals,Basic Materials,Precious Metals,55852405.833333336,67.022887,2026-10-08
NAMMW,Namib Minerals Warrants,Basic Materials,Precious Metals,55852406.34920635,8.796754,2026-10-08
NAMS,NewAmsterdam Pharma Company N.V.,Health Care,Biotechnology: Pharmaceutical Preparations,119537169.01661429,2662.092754,2026-10-08
NAMSW,NewAmsterdam Pharma Company N.V. Warrant,Health Care,Biotechnology: Pharmaceutical Preparations,119537169.0,1314.908859,2026-10-08
NAN,Nuveen New York Quality Municipal Income Fund,Finance,Investment Managers,302315800.0,2950.602208,2026-10-08
NAT,Nordic American Tankers Limited,Consumer Discretionary,Marine Transportation,211750663.0170316,1740.59045,2026-10-08
NATH,Nathan's Famous Inc.,Consumer Discretionary,Restaurants,4097660.997643362,417.305796,2026-10-08
NATL,NCR Atleos Corporation,Miscellaneous,Office Equipment/Supplies/Services,73896934.00481716,3374.872976,2026-10-08
NATR,Nature's Sunshine Products Inc.,Health Care,Biotechnology: Pharmaceutical Preparations,17595520.015948966,220.647821,2026-10-08
NAUT,Nautilus Biotechnology Inc.,Industrials,Biotechnology: Laboratory Analytical Instruments,127255223.16384181,225.241745,2026-10-08
NAVI,Navient Corporation,Finance,Investment Bankers/Brokers/Service,93783827.99552073,837.489584,2026-10-08
NAVN,Navan Inc.,Technology,Computer Software: Prepackaged Software,260410493.01780695,5557.159921,2026-10-08
NAZ,Nuveen Arizona Quality Municipal Income Fund,Finance,Finance/Investors Services,0.0,0.0,2026-10-08
NB,NioCorp Developments Ltd.,Basic Materials,Metal Mining,145849630.11363637,513.390698,2026-10-08
NBB,Nuveen Taxable Municipal Income Fund,Finance,Finance Companies,0.0,0.0,2026-10-08
NBBK,NB Bancorp Inc.,Finance,Banks,43818489.98219056,984.163285,2026-10-08
NBH,Neuberger Municipal Fund Inc.,Finance,Finance/Investors Services,0.0,0.0,2026-10-08
NBHC,National Bank Holdings Corporation,Finance,Major Banks,44539546.99424987,1704.083068,2026-10-08
NBIS,Nebius Group N.V.,Technology,Computer Software: Programming Data Processing,271855218.0013607,67928.463322,2026-10-08
NBIX,Neurocrine Biosciences Inc.,Health Care,Biotechnology: Biological Products (No Diagnostic Substances),101649180.99786957,14790.972327,2026-10-08
NBN,Northeast Bank,Finance,Major Banks,8130000.0,1018.8516,2026-10-08
NBP,NovaBridge Biosciences,Health Care,Biotechnology: Pharmaceutical Preparations,115381692.14285715,161.534369,2026-10-08
NBR,Nabors Industries Ltd.,Energy,Oil & Gas Production,16744387.995567594,1359.979193,2026-10-08
NBRG,Newbridge Acquisition Limited Class A Ordinary Share,Finance,Blank Checks,0.0,0.0,2026-10-08
NBRGR,Newbridge Acquisition Limited Rights,,,0.0,0.0,2026-10-08
NBTB,NBT Bancorp Inc.,Finance,Major Banks,51960061.00256562,2632.816291,2026-10-08
NBTX,Nanobiotix S.A.,Health Care,Biotechnology: Pharmaceutical Preparations,50807903.01228696,1281.883393,2026-10-08
NBXG,Neuberger Next Generation Connectivity Fund Inc.,Finance,Trusts Except Educational Religious and Charitable,0.0,0.0,2026-10-08
NC,NACCO Industries Inc.,Energy,Coal Mining,7546695.00137325,274.775165,2026-10-08
NCA,Nuveen California Municipal Value Fund,Finance,Investment Managers,0.0,0.0,2026-10-08
NCDL,Nuveen Churchill Direct Lending Corp.,,,49387065.045871556,538.319009,2026-10-08
NCEL,NewcelX Ltd.,Health Care,Biotechnology: Pharmaceutical Preparations,5776127.942716249,17.101382,2026-10-08
NCEW,New Century Logistics (BVI) Limited,Industrials,Integrated Freight & Logistics,3199999.9999999995,54.144,2026-10-08
NCI,Neo-Concept International Group Holdings Limited,Consumer Discretionary,Apparel,4581951.985640566,4.084352,2026-10-08
NCLH,Norwegian Cruise Line Holdings Ltd.,Consumer Discretionary,Marine Transportation,459187845.97034174,7122.003491,2026-10-08
NCMI,National CineMedia Inc.,Consumer Discretionary,Advertising,94070443.05555555,203.192157,2026-10-08
NCNA,NuCana plc,Health Care,Biotechnology: Pharmaceutical Preparations,4161970.6422018344,4.536548,2026-10-08
NCNO,nCino Inc.,Technology,Computer Software: Prepackaged Software,105736174.00627615,2021.675647,2026-10-08
NCO,Southern Cross Acquisition I Corp.,,,0.0,0.0,2026-10-08
NCPL,Netcapital Inc.,Finance,Finance: Consumer Services,7847899.082568807,8.55421,2026-10-08
NCPLW,Netcapital Inc. Warrants,Finance,Finance: Consumer Services,7847912.77258567,0.251918,2026-10-08
NCRA,Nocera Inc.,Consumer Staples,Farming/Seeds/Milling,2376147.878787879,3.920644,2026-10-08
NCT,Intercont (Cayman) Limited,Consumer Discretionary,Restaurants,1224108.0,1.836162,2026-10-08
NCTY,The9 Limited American Depository Shares,Finance,Finance: Consumer Services,15273166.862170087,52.081499,2026-10-08
NCV,Virtus Convertible & Income Fund,Finance,Finance Companies,90373568.97452645,1383.619341,2026-10-08
NCZ,Virtus Convertible & Income Fund II,Finance,Finance Companies,76115749.00284901,1068.665116,2026-10-08
NDAQ,Nasdaq Inc.,Finance,Investment Bankers/Brokers/Service,558977371.9952314,51576.842114,2026-10-08
NDLS,Noodles & Company,Consumer Discretionary,Restaurants,5966659.985580389,82.757574,2026-10-08
NDMO,Nuveen Dynamic Municipal Opportunities Fund,Finance,Trusts Except Educational Religious and Charitable,59465234.04977376,525.672669,2026-10-08
NDRA,ENDRA Life Sciences Inc.,Health Care,Biotechnology: Electromedical & Electrotherapeutic Apparatus,1499911.9205298014,9.059468,2026-10-08
NDSN,Nordson Corporation,Industrials,Industrial Machinery/Components,55699366.001436174,18615.842105,2026-10-08
NE,Noble Corporation plc A,Energy,Oil & Gas Production,159642217.99758744,6617.169936,2026-10-08
NEA,Nuveen AMT-Free Quality Municipal Income Fund,Finance,Finance/Investors Services,0.0,0.0,2026-10-08
NECB,NorthEast Community Bancorp Inc.,Finance,Banks,13766058.999253174,368.65506,2026-10-08
NEE,NextEra Energy Inc.,Utilities,Electric Utilities: Central,2085978209.0010273,162455.982917,2026-10-08
NEGG,Newegg Commerce Inc.,Consumer Discretionary,Other Specialty Stores,20973423.005877413,249.793468,2026-10-08
NEM,Newmont Corporation,Basic Materials,Precious Metals,1053692271.0026635,122639.243422,2026-10-08
NEN,New England Realty Associates Limited Partnership Class A Depositary Receipts Evidencing Units of Limited Partnership,Real Estate,Building operators,2774254.010050251,138.019137,2026-10-08
NEO,NeoGenomics Inc.,Health Care,Precision Instruments,128475439.98788247,2120.487137,2026-10-08
NEOG,Neogen Corporation,Health Care,Biotechnology: In Vitro & In Vivo Diagnostic Substances,218106005.01672238,2608.54782,2026-10-08
NEON,Neonode Inc.,Technology,Industrial Machinery/Components,16782922.092501123,14.950227,2026-10-08
NEOV,NeoVolta Inc.,Miscellaneous,Industrial Machinery/Components,59013247.01754386,168.187754,2026-10-08
NEOVW,NeoVolta Inc. Warrant,Miscellaneous,Industrial Machinery/Components,59013246.80851064,55.472452,2026-10-08
NEPH,Nephros Inc.,Health Care,Medical/Dental Instruments,10860119.867549669,32.797562,2026-10-08
NERV,Minerva Neurosciences Inc,Health Care,Biotechnology: Pharmaceutical Preparations,47747558.89212828,163.774127,2026-10-08
NESR,National Energy Services Reunited Corp,Energy,Oilfield Services/Equipment,100851754.01876785,2471.876491,2026-10-08
NET,Cloudflare Inc.,Technology,Computer Software: Prepackaged Software,356079714.99957746,126411.859622,2026-10-08
NEU,NewMarket Corp,Industrials,Major Chemicals,9196406.000345469,8518.44695,2026-10-08
NEUP,Neuphoria Therapeutics Inc.,Health Care,Biotechnology: Pharmaceutical Preparations,5411333.913043478,18.669102,2026-10-08
NEWP,New Pacific Metals Corp.,Basic Materials,Precious Metals,185207023.943662,1183.472883,2026-10-08
NEWT,NewtekOne Inc.,Finance,Major Banks,28884731.009830207,323.22014,2026-10-08
NEWTG,NewtekOne Inc. 8.50% Fixed Rate Senior Notes due 2029,Finance,Major Banks,26321852.009015247,657.517231,2026-10-08
NEWTH,NewtekOne Inc. 8.625% Fixed Rate Senior Notes due 2029,Finance,Major Banks,0.0,0.0,2026-10-08
NEWTI,NewtekOne Inc. 8.00% Fixed Rate Senior Notes due 2028,Finance,Major Banks,26321852.0,658.0463,2026-10-08
NEWTO,NewtekOne Inc. 8.50% Fixed Rate Senior Notes due 2031,Finance,Major Banks,0.0,0.0,2026-10-08
NEWTP,NewtekOne Inc.,Finance,Major Banks,28884730.98765432,701.898963,2026-10-08
NEXA,Nexa Resources S.A.,Basic Materials,Metal Mining,132439000.00000001,1648.86555,2026-10-08
NEXM,NexMetals Mining Corp.,Basic Materials,Metal Mining,35648163.78378378,65.949103,2026-10-08
NEXN,Nexxen International Ltd.,Technology,Computer Software: Programming Data Processing,56950169.036697246,496.605474,2026-10-08
NEXR,Nexera Technologies Ltd,Consumer Discretionary,Other Specialty Stores,1635990.1785714284,1.832309,2026-10-08
NEXRW,Nexera Technologies Ltd Warrant,Consumer Discretionary,Other Specialty Stores,1635955.0561797754,0.01456,2026-10-08
NEXT,NextDecade Corporation,Utilities,Oil & Gas Production,266185432.94289896,1818.046507,2026-10-08
NFE,New Fortress Energy Inc.,Utilities,Oil/Gas Transmission,16321615.063520871,89.932099,2026-10-08
NFEGP,New Fortress Energy Inc. Series A Mandatorily Convertible Preferred Stock,Utilities,Oil/Gas Transmission,16321615.000468764,5222.753584,2026-10-08
NFG,National Fuel Gas Company,Utilities,Oil/Gas Transmission,95045099.00446714,7446.783507,2026-10-08
NFGC,New Found Gold Corp,Basic Materials,Precious Metals,384357548.75,614.972078,2026-10-08
NFJ,Virtus Dividend Interest & Premium Strategy Fund,Finance,Finance: Consumer Services,0.0,0.0,2026-10-08
NFLX,Netflix Inc.,Consumer Discretionary,Consumer Electronics/Video Chains,4163939675.9935946,286021.016344,2026-10-08
NG,Novagold Resources Inc.,Basic Materials,Precious Metals,438780614.04833835,2904.727665,2026-10-08
NGEN,NervGen Pharma Corp.,Health Care,Biotechnology: Pharmaceutical Preparations,106412633.14285715,186.222108,2026-10-08
NGG,National Grid Transco PLC National Grid PLC (NEW),Utilities,Natural Gas Distribution,1049966317.9960964,80689.911538,2026-10-08
NGL,NGL ENERGY PARTNERS LP Common Units representing Limited Partner Interests,Utilities,Natural Gas Distribution,124814289.03061225,1957.088052,2026-10-08
NGNE,Neurogene Inc.,Health Care,Biotechnology: Pharmaceutical Preparations,20011382.003929272,509.289672,2026-10-08
NGS,Natural Gas Services Group Inc.,Energy,Oilfield Services/Equipment,12898284.997064004,439.315587,2026-10-08
NGVC,Natural Grocers by Vitamin Cottage Inc.,Consumer Staples,Food Chains,23046115.013404828,687.696072,2026-10-08
NGVT,Ingevity Corporation,Industrials,Major Chemicals,34377922.005494505,2502.712722,2026-10-08
NHC,National HealthCare Corporation,Health Care,Hospital/Nursing Management,15661395.001533272,3575.026637,2026-10-08
NHI,National Health Investors Inc.,Real Estate,Real Estate Investment Trusts,49110433.994507164,3218.697844,2026-10-08
NHIV,NewHold Investment Corp IV,Finance,Blank Checks,0.0,0.0,2026-10-08
NHP,National Healthcare Properties Inc.,Real Estate,Real Estate Investment Trusts,72904875.98978288,1141.690358,2026-10-08
NHS,Neuberger High Yield Strategies Fund Inc.,Finance,Trusts Except Educational Religious and Charitable,0.0,0.0,2026-10-08
NHTC,Natural Health Trends Corp.,Consumer Discretionary,Consumer Specialties,8577848.0,8.577848,2026-10-08
NI,NiSource Inc,Utilities,Power Generation,479560100.0,19503.709267,2026-10-08
NIC,Nicolet Bankshares Inc.,Finance,Major Banks,20957512.999633297,3429.068277,2026-10-08
NICE,NICE Ltd,Technology,Computer Software: Prepackaged Software,59403579.996531695,6851.014881,2026-10-08
NICM,Nicola Mining Inc.,Basic Materials,Metal Mining,19821586.97576317,105.254609,2026-10-08
NIE,Virtus Equity & Convertible Income Fund,Finance,Investment Managers,27708964.992088605,700.482635,2026-10-08
NIKI,Niki BioSolutions Inc.,Industrials,Industrial Machinery/Components,2938625.063010384,14.574111,2026-10-08
NIM,Nuveen Select Maturities Municipal Fund,Finance,Trusts Except Educational Religious and Charitable,0.0,0.0,2026-10-08
NINE,Nine Energy Service Inc.,Energy,Oilfield Services/Equipment,13949989.962358845,111.18142,2026-10-08
NIO,NIO Inc.,Industrials,Auto Manufacturing,2505667022.1264367,8719.721237,2026-10-08
NIOBW,NioCorp Developments Ltd. Warrant,Basic Materials,Metal Mining,145849630.31180108,110.860304,2026-10-08
NIPG,NIP Group Inc.,Consumer Discretionary,Services-Misc. Amusement & Recreation,8521585.991189428,96.720001,2026-10-08
NIQ,NIQ Global Intelligence plc,Technology,Computer Software: Programming Data Processing,294955864.0,5087.988654,2026-10-08
NIU,Niu Technologies,Industrials,Auto Manufacturing,78436088.02083334,150.597289,2026-10-08
NIVF,NewGenIvf Group Limited,Health Care,Misc Health and Biotechnology Services,27287001.013171226,2.693227,2026-10-08
NIVFW,NewGenIvf Group Limited Warrants,Health Care,Misc Health and Biotechnology Services,27286991.8699187,0.33563,2026-10-08
NIXX,Nixxy Inc.,Technology,EDP Services,28908840.115347646,9.022449,2026-10-08
NJR,NewJersey Resources Corporation,Utilities,Oil/Gas Transmission,101467945.99418041,5230.672616,2026-10-08
NKE,Nike Inc.,Consumer Discretionary,Shoe Manufacturing,1485308829.008957,51406.538572,2026-10-08
NKLR,Terra Innovatum Global N.V.,Industrials,Metal Fabrications,110500908.05555555,397.803269,2026-10-08
NKSH,National Bankshares Inc.,Finance,Major Banks,6370620.009263548,275.083372,2026-10-08
NKTR,Nektar Therapeutics,Health Care,Biotechnology: Pharmaceutical Preparations,34142994.01152594,1362.646891,2026-10-08
NKTX,Nkarta Inc.,Health Care,Biotechnology: Pharmaceutical Preparations,71624790.9090909,165.453267,2026-10-08
NKX,Nuveen California AMT-Free Quality Municipal Income Fund,Finance,Finance/Investors Services,0.0,0.0,2026-10-08
NL,NLI Holdings Inc.,Basic Materials,Major Chemicals,48898733.95683453,339.846201,2026-10-08
NLOP,Net Lease Office Properties,Real Estate,Real Estate Investment Trusts,14814075.051759833,143.103965,2026-10-08
NLY,Annaly Capital Management Inc.,Real Estate,Real Estate Investment Trusts,753714442.0195439,13883.420022,2026-10-08
NMAD,Nomad Power Solutions Inc.,Health Care,Biotechnology: Pharmaceutical Preparations,16101067.894131185,69.95914,2026-10-08
NMAI,Nuveen Multi-Asset Income Fund,Finance,Investment Managers,0.0,0.0,2026-10-08
NMAX,Newsmax Inc.,Industrials,Broadcasting,129160644.95504496,1292.898056,2026-10-08
NMCO,Nuveen Municipal Credit Opportunities Fund,Finance,Finance/Investors Services,54771474.01847575,474.320965,2026-10-08
NMFC,New Mountain Finance Corporation,Finance,Finance/Investors Services,94452390.05847953,646.054348,2026-10-08
NMFCZ,New Mountain Finance Corporation 8.250% Notes due 2028,,,106360961.00827096,2700.5048,2026-10-08
NMG,Nouveau Monde Graphite Inc.,Basic Materials,Other Metals and Minerals,329156830.4347826,378.530355,2026-10-08
NMI,Nuveen Municipal Income Fund Inc.,Finance,Trusts Except Educational Religious and Charitable,0.0,0.0,2026-10-08
NMIH,NMI Holdings Inc.,Finance,Property-Casualty Insurers,75217850.98972689,3001.944433,2026-10-08
NML,Neuberger Energy Infrastructure and Income Fund Inc.,Finance,Finance/Investors Services,0.0,0.0,2026-10-08
NMM,Navios Maritime Partners LP Common Units Representing Limited Partner Interests,Consumer Discretionary,Marine Transportation,29168307.003720727,2665.399894,2026-10-08
NMP,NMP Acquisition Corp.,Finance,Blank Checks,0.0,0.0,2026-10-08
NMR,Nomura Holdings Inc ADR,Finance,Investment Bankers/Brokers/Service,2901337224.0286303,28375.078051,2026-10-08
NMRA,Neumora Therapeutics Inc.,Health Care,Biotechnology: Biological Products (No Diagnostic Substances),187895912.95116773,88.498975,2026-10-08
NMRK,Newmark Group Inc.,Finance,Real Estate,181228627.00555998,2281.668414,2026-10-08
NMS,Nuveen Minnesota Quality Municipal Income Fund,Finance,Finance Companies,0.0,0.0,2026-10-08
NMT,Nuveen Massachusetts Quality Municipal Income Fund,Finance,Finance/Investors Services,0.0,0.0,2026-10-08
NMTC,NeuroOne Medical Technologies Corporation,Health Care,Medical/Dental Instruments,9105762.831858408,10.289512,2026-10-08
NMZ,Nuveen Municipal High Income Opportunity Fund,Finance,Finance/Investors Services,0.0,0.0,2026-10-08
NN,NextNav Inc.,Industrials,Industrial Machinery/Components,168809910.0226074,2240.107506,2026-10-08
NNBR,NN Inc.,Industrials,Industrial Machinery/Components,93744209.9009901,378.726608,2026-10-08
NNDM,Nano Dimension Ltd.,Technology,Electrical Products,210839010.82802546,331.017247,2026-10-08
NNE,Nano Nuclear Energy Inc.,Utilities,Electric Utilities: Central,53698146.0278957,885.482428,2026-10-08
NNI,Nelnet Inc.,Finance,Finance: Consumer Services,35779437.998713,4448.099732,2026-10-08
NNN,NNN REIT Inc.,Real Estate,Real Estate Investment Trusts,191931400.0,7775.141014,2026-10-08
NNNN,Anbio Biotechnology,Health Care,Biotechnology: In Vitro & In Vivo Diagnostic Substances,143891200.0,705.06688,2026-10-08
NNOX,NANO-X IMAGING LTD,Health Care,Medical Electronics,78588638.28404291,48.363448,2026-10-08
NNVC,NanoViricides Inc.,Health Care,Biotechnology: Pharmaceutical Preparations,25525000.0,35.735,2026-10-08
NNY,Nuveen New York Municipal Value Fund,Finance,Investment Managers,0.0,0.0,2026-10-08
NOA,North American Construction Group Ltd.,Energy,Oilfield Services/Equipment,27710462.00980392,339.176055,2026-10-08
NOAH,Noah Holdings Limited,Finance,Investment Managers,67051656.95876289,520.320858,2026-10-08
NOC,Northrop Grumman Corporation,Industrials,Industrial Machinery/Components,142063026.0002898,68632.068491,2026-10-08
NODK,NI Holdings Inc.,Finance,Property-Casualty Insurers,20404723.019634396,301.377759,2026-10-08
NOEM,CO2 Energy Transition Corp.,,,0.0,0.0,2026-10-08
NOEMU,CO2 Energy Transition Corp. Unit,,,0.0,0.0,2026-10-08
NOEMW,CO2 Energy Transition Corp. Warrant,,,0.0,0.0,2026-10-08
NOG,Northern Oil and Gas Inc.,Energy,Oil & Gas Production,106549127.97992472,2547.58965,2026-10-08
NOK,Nokia Corporation Sponsored,Technology,Radio And Television Broadcasting And Communications Equipment,5742239695.98906,62992.369465,2026-10-08
NOMA,NOMADAR Corp.,Consumer Discretionary,Services-Misc. Amusement & Recreation,15283529.012345677,24.759317,2026-10-08
NOMD,Nomad Foods Limited,Consumer Staples,Packaged Foods,142086091.97812214,1558.684429,2026-10-08
NOV,NOV Inc.,Consumer Discretionary,Oil and Gas Field Machinery,356478125.0,6773.084375,2026-10-08
NOVT,Novanta Inc.,Miscellaneous,Industrial Machinery/Components,37817770.0,5638.629507,2026-10-08
NOVTU,Novanta Inc. Tangible Equity Units,Miscellaneous,Industrial Machinery/Components,37817770.00465766,2435.842566,2026-10-08
NOW,ServiceNow Inc.,Technology,Computer Software: Prepackaged Software,1034000000.0,142660.98,2026-10-08
NP,Neptune Insurance Holdings Inc.,Finance,Specialty Insurers,137233089.99632218,3731.367717,2026-10-08
NPAC,New Providence Acquisition Corp. III,Finance,Blank Checks,0.0,0.0,2026-10-08
NPACU,New Providence Acquisition Corp. III Units,Finance,Blank Checks,0.0,0.0,2026-10-08
NPACW,New Providence Acquisition Corp. III Warrants,Finance,Blank Checks,0.0,0.0,2026-10-08
NPB,Northpointe Bancshares Inc.,Finance,Major Banks,34581841.99356913,537.747643,2026-10-08
NPCE,Neuropace Inc.,Health Care,Medical/Dental Instruments,34324274.03314917,434.888552,2026-10-08
NPCT,Nuveen Core Plus Impact Fund,Finance,Investment Managers,0.0,0.0,2026-10-08
NPFD,Nuveen Variable Rate Preferred & Income Fund,Finance,Trusts Except Educational Religious and Charitable,0.0,0.0,2026-10-08
NPK,National Presto Industries Inc.,Industrials,Ordnance And Accessories,7136066.997851772,1062.98854,2026-10-08
NPKI,NPK International Inc.,Industrials,Misc Corporate Leasing Services,84909894.00499584,1019.767827,2026-10-08
NPO,Enpro Inc.,Industrials,Metal Fabrications,21167681.00042161,7028.940153,2026-10-08
NPT,Texxon Holding Limited,Consumer Discretionary,Specialty Chemicals,22185000.0,51.69105,2026-10-08
NPV,Nuveen Virginia Quality Municipal Income Fund,Finance,Investment Managers,0.0,0.0,2026-10-08
NPWR,NET Power Inc.,Energy,Industrial Machinery/Components,224858561.06870228,294.564715,2026-10-08
NRC,NRC Health,Health Care,Biotechnology: Commercial Physical & Biological Resarch,22119565.98605578,444.160885,2026-10-08
NRDS,NerdWallet Inc.,Technology,EDP Services,63923174.04063206,566.359322,2026-10-08
NRDY,Nerdy Inc.,Real Estate,Other Consumer Services,12773993.037037037,86.224453,2026-10-08
NREF,NexPoint Real Estate Finance Inc.,Real Estate,Real Estate Investment Trusts,18848028.97800776,291.390528,2026-10-08
NRG,NRG Energy Inc.,Utilities,Electric Utilities: Central,210210483.0019305,21777.806039,2026-10-08
NRGV,Energy Vault Holdings Inc.,Miscellaneous,Industrial Machinery/Components,181839570.1030928,705.537532,2026-10-08
NRIM,Northrim BanCorp Inc,Finance,Savings Institutions,22244766.004056796,548.333482,2026-10-08
NRIX,Nurix Therapeutics Inc.,Health Care,Biotechnology: Pharmaceutical Preparations,103781683.00884955,2345.466036,2026-10-08
NRK,Nuveen New York AMT-Free Quality Municipal Income Fund,Finance,Trusts Except Educational Religious and Charitable,0.0,0.0,2026-10-08
NRO,Neuberger Real Estate Securities Income Fund Inc.,Finance,Finance/Investors Services,0.0,0.0,2026-10-08
NRP,Natural Resource Partners LP Limited Partnership,Energy,Coal Mining,13250412.001088535,1460.725419,2026-10-08
NRSN,NeuroSense Therapeutics Ltd.,Health Care,Biotechnology: Pharmaceutical Preparations,1896901.9656019656,7.720391,2026-10-08
NRSNW,NeuroSense Therapeutics Ltd. Warrant,Health Care,Biotechnology: Pharmaceutical Preparations,1896875.0,0.027315,2026-10-08
NRT,North European Oil Royality Trust,Energy,Oil & Gas Production,9190590.012033693,76.373803,2026-10-08
NRUC,National Rural Utilities Cooperative Finance Corporation 5.500% Subordinated Notes due 2064 (Subordinated Deferrable Interest Notes),Finance,Diversified Financial Services,0.0,0.0,2026-10-08
NRXP,NRX Pharmaceuticals Inc.,Health Care,Biotechnology: Pharmaceutical Preparations,43295767.00680272,127.289555,2026-10-08
NRXS,Neuraxis Inc.,Health Care,Biotechnology: Electromedical & Electrotherapeutic Apparatus,12557765.044247787,85.141647,2026-10-08
NSAI,NorthStrive Acquisition Corp I.,,,0.0,0.0,2026-10-08
NSAIR,NorthStrive Acquisition Corp I. Rights,,,0.0,0.0,2026-10-08
NSAIU,NorthStrive Acquisition Corp I. Units,,,0.0,0.0,2026-10-08
NSAIW,NorthStrive Acquisition Corp I. Warrants,,,0.0,0.0,2026-10-08
NSC,Norfolk Southern Corporation,Industrials,Railroads,224608373.00116974,71045.874464,2026-10-08
NSIT,Insight Enterprises Inc.,Consumer Discretionary,Catalog/Specialty Distribution,29348850.003134992,4680.848087,2026-10-08
NSLR,Neostellar Capital Corp.,Finance,Finance: Consumer Services,26473222.0,198.549165,2026-10-08
NSLRL,Neostellar Capital Corp. 6.00% Notes due 2026,Finance,Finance: Consumer Services,26473221.98623402,673.081669,2026-10-08
NSP,Insperity Inc.,Consumer Discretionary,Professional Services,38195269.99138302,1773.024433,2026-10-08
NSPR,InspireMD Inc.,Health Care,Medical/Dental Instruments,46489118.431073874,24.416085,2026-10-08
NSRX,Nasus Pharma Ltd.,Health Care,Biotechnology: Pharmaceutical Preparations,11710808.072916668,44.969503,2026-10-08
NSSC,NAPCO Security Technologies Inc.,Telecommunications,Telecommunications Equipment,35768437.00873362,1310.555532,2026-10-08
NSTR,NorthStar Earth & Space Enterprises Inc.,Consumer Discretionary,Telecommunications Equipment,64155528.99543379,281.001217,2026-10-08
NSYS,Nortech Systems Incorporated,Technology,Industrial Machinery/Components,2853766.0023405086,32.189339,2026-10-08
NTAP,NetApp Inc.,Technology,Electronic Components,196419004.9989057,44871.921692,2026-10-08
NTB,Bank of N.T. Butterfield & Son Limited (The) Voting,Finance,Commercial Banks,40000000.0,2352.4,2026-10-08
NTCL,NETCLASS TECHNOLOGY INC,Technology,Computer Software: Prepackaged Software,2428858.2215193105,4.760805,2026-10-08
NTCT,NetScout Systems Inc.,Technology,EDP Services,72707312.00292754,2980.272719,2026-10-08
NTES,NetEase Inc.,Technology,Computer Software: Prepackaged Software,638128104.9970605,75981.913462,2026-10-08
NTGR,NETGEAR Inc.,Utilities,Telecommunications Equipment,27179021.006944444,626.204644,2026-10-08
NTHI,NeOnc Technologies Holdings Inc.,Health Care,Biotechnology: Pharmaceutical Preparations,29766094.98327759,89.000624,2026-10-08
NTIC,Northern Technologies International Corporation,Industrials,Industrial Specialties,9496438.949391415,74.119706,2026-10-08
NTIP,Network-1 Technologies Inc.,Miscellaneous,Multi-Sector Companies,22863180.981595095,37.266985,2026-10-08
NTLA,Intellia Therapeutics Inc.,Health Care,Biotechnology: In Vitro & In Vivo Diagnostic Substances,140126692.96685532,1733.367192,2026-10-08
NTNX,Nutanix Inc.,Technology,Computer Software: Prepackaged Software,270570178.9946874,19862.55684,2026-10-08
NTR,Nutrien Ltd.,Industrials,Agricultural Chemicals,481962233.005618,34315.71099,2026-10-08
NTRA,Natera Inc.,Health Care,Medical Specialities,144144170.00124797,57751.361711,2026-10-08
NTRB,Nutriband Inc.,Health Care,Industrial Specialties,12155682.934131738,81.199962,2026-10-08
NTRP,NextTrip Inc.,Consumer Discretionary,Transportation Services,15086101.05820106,28.512731,2026-10-08
NTRS,Northern Trust Corporation,Finance,Major Banks,182955652.99775758,31003.664957,2026-10-08
NTRSO,Northern Trust Corporation,Finance,Major Banks,182955652.97977036,3346.258893,2026-10-08
NTSK,Netskope Inc.,Technology,Computer Software: Prepackaged Software,408587748.0142566,8024.663371,2026-10-08
NTST,NetSTREIT Corp.,Real Estate,Real Estate Investment Trusts,101527998.01587301,1790.953885,2026-10-08
NTWK,NetSol Technologies Inc. Common  Stock,Technology,Computer Software: Prepackaged Software,11952568.071312804,73.747345,2026-10-08
NTWO,Newbury Street II Acquisition Corp,,,0.0,0.0,2026-10-08
NTWOU,Newbury Street II Acquisition Corp Unit,,,0.0,0.0,2026-10-08
NTWOW,Newbury Street II Acquisition Corp Warrant,,,0.0,0.0,2026-10-08
NU,Nu Holdings Ltd.,Finance,Finance: Consumer Services,4855673631.992337,76039.849077,2026-10-08
NUAI,New Era Energy & Digital Inc.,Energy,Oil & Gas Production,106559339.07849829,624.437727,2026-10-08
NUAIW,New Era Energy & Digital Inc. Warrants,Energy,Oil & Gas Production,106559338.99848256,351.113022,2026-10-08
NUCL,Eagle Nuclear Energy Corp.,Basic Materials,Other Metals and Minerals,29579797.933227345,186.056929,2026-10-08
NUCLW,Eagle Nuclear Energy Corp. Warrants,Basic Materials,Other Metals and Minerals,29579798.245614037,16.860485,2026-10-08
NUE,Nucor Corporation,Industrials,Steel/Iron Ore,226875675.99872547,56961.675973,2026-10-08
NUR,Nuran Wireless Inc.,,,13194699.65104686,10.587427,2026-10-08
NUS,Nu Skin Enterprises Inc.,Health Care,Other Pharmaceuticals,48676633.96624472,230.727245,2026-10-08
NUTX,Nutex Health Inc.,Consumer Discretionary,Business Services,6847972.999084249,1495.597303,2026-10-08
NUV,Nuveen Municipal Value Fund Inc.,Finance,Trusts Except Educational Religious and Charitable,0.0,0.0,2026-10-08
NUVB,Nuvation Bio Inc.,Health Care,Biotechnology: Pharmaceutical Preparations,351123232.9918033,1713.481377,2026-10-08
NUW,Nuveen AMT-Free Municipal Value Fund,Finance,Investment Managers,0.0,0.0,2026-10-08
NUWE,Nuwellis Inc.,Health Care,Biotechnology: Electromedical & Electrotherapeutic Apparatus,3647264.2989587793,2.557097,2026-10-08
NVA,Nova Minerals Corp,Basic Materials,Precious Metals,38194368.02120141,216.180123,2026-10-08
NVAX,Novavax Inc.,Health Care,Biotechnology: Biological Products (No Diagnostic Substances),164945725.97173145,1867.185618,2026-10-08
NVCR,NovoCure Limited,Health Care,Medical/Dental Instruments,116445840.01336005,1743.194225,2026-10-08
NVCT,Nuvectis Pharma Inc.,Health Care,Biotechnology: Pharmaceutical Preparations,32614066.0009985,653.259742,2026-10-08
NVDA,NVIDIA Corporation,Technology,Semiconductors,24100000000.0,5765684.0,2026-10-08
NVEC,NVE Corporation,Technology,Semiconductors,4837166.00017163,563.674954,2026-10-08
NVG,Nuveen AMT-Free Municipal Credit Income Fund,Finance,Investment Managers,0.0,0.0,2026-10-08
NVGS,Navigator Holdings Ltd.,Consumer Discretionary,Marine Transportation,61699970.98686997,1456.736315,2026-10-08
NVMI,Nova Ltd.,Technology,Electronic Components,31782972.00111539,12537.746795,2026-10-08
NVNI,Nvni Group Limited,Technology,Computer Software: Prepackaged Software,11692133.152173914,10.326492,2026-10-08
NVNO,enVVeno Medical Corporation,Health Care,Medical/Dental Instruments,694825.9756097562,5.697573,2026-10-08
NVO,Novo Nordisk A/S,Health Care,Biotechnology: Pharmaceutical Preparations,4427930520.010658,166180.232416,2026-10-08
NVR,NVR Inc.,Consumer Discretionary,Homebuilding,2664860.0,16113.342476,2026-10-08
NVRI,Enviri Corporation,Miscellaneous,Diversified Commercial Services,28190119.007021062,562.110973,2026-10-08
NVS,Novartis AG,Health Care,Biotechnology: Pharmaceutical Preparations,1908151678.997088,268648.674886,2026-10-08
NVST,Envista Holdings Corporation,Health Care,Medical/Dental Instruments,160617708.98152128,3737.574088,2026-10-08
NVT,nVent Electric plc,Industrials,Industrial Machinery/Components,161857938.99884924,28130.909798,2026-10-08
NVTS,Navitas Semiconductor Corporation,Technology,Semiconductors,261093487.9699248,3125.289051,2026-10-08
NVX,NOVONIX Limited American Depository Shares,Miscellaneous,Industrial Machinery/Components,21522828.962818004,54.990828,2026-10-08
NWAX,New America Acquisition I Corp.,Finance,Blank Checks,0.0,0.0,2026-10-08
NWBI,Northwest Bancshares Inc.,Finance,Major Banks,146459121.96918955,2186.634691,2026-10-08
NWCL,newcleo plc,Industrials,Metal Fabrications,281534950.0,2359.262881,2026-10-08
NWCLW,newcleo plc Warrants,Industrials,Metal Fabrications,281534950.0,304.057746,2026-10-08
NWE,NorthWestern Energy Group Inc.,Utilities,Power Generation,61517850.0,4239.810222,2026-10-08
NWFL,Norwood Financial Corp.,Finance,Major Banks,10902073.99471676,371.433661,2026-10-08
NWG,NatWest Group plc,Finance,Commercial Banks,3975034592.9824557,70238.861258,2026-10-08
NWGL,CL Workshop Group Limited,Basic Materials,Forest Products,56528165.384615384,73.486615,2026-10-08
NWL,Newell Brands Inc.,Industrials,Plastic Products,425900000.0,2363.745,2026-10-08
NWN,Northwest Natural Holding Company,Utilities,Oil/Gas Transmission,42093537.98988622,1997.759313,2026-10-08
NWPX,NWPX Infrastructure Inc.,Industrials,Steel/Iron Ore,9637202.000379218,1016.532067,2026-10-08
NWS,News Corporation,Consumer Discretionary,Newspapers/Magazines,540446003.0139594,17034.858015,2026-10-08
NWSA,News Corporation,Consumer Discretionary,Newspapers/Magazines,540446003.0122591,15429.733386,2026-10-08
NWTG,Newton Golf Company Inc.,Consumer Discretionary,Recreational Games/Products/Toys,5654477.777777778,6.615739,2026-10-08
NX,Quanex Building Products Corporation,Industrials,Metal Fabrications,45826208.010610074,863.824021,2026-10-08
NXAT,Nexus Advanced Technologies Inc.,Consumer Discretionary,Movies/Entertainment,2710253.3512064344,2.021849,2026-10-08
NXATW,Nexus Advanced Technologies Inc. Warrant,Consumer Discretionary,Movies/Entertainment,2710235.2941176468,0.023037,2026-10-08
NXB,NextBoat Inc. Common Stcok,Industrials,Marine Transportation,25142894.94949495,49.782932,2026-10-08
NXDR,Nextdoor Holdings Inc.,Technology,Computer Software: Programming Data Processing,386848402.06611574,936.173133,2026-10-08
NXDT,NexPoint Diversified Real Estate Trust,Real Estate,Real Estate Investment Trusts,53106027.02702703,275.08922,2026-10-08
NXE,Nexgen Energy Ltd.,Basic Materials,Other Metals and Minerals,670506100.9544009,6322.872532,2026-10-08
NXG,NXG NextGen Infrastructure Income Fund,,,2601714.0024142093,150.873395,2026-10-08
NXGL,NexGel Inc,Health Care,Medical/Dental Instruments,9747663.389242336,1.685371,2026-10-08
NXGLW,NexGel Inc Warrant,Health Care,Medical/Dental Instruments,9747700.0,0.097477,2026-10-08
NXH,Neighborhood Intelligence Inc.,Consumer Discretionary,Catalog/Specialty Distribution,95497683.06010929,174.76076,2026-10-08
NXL,Nexalin Technology Inc.,Health Care,Biotechnology: Electromedical & Electrotherapeutic Apparatus,829400.0,3.7323,2026-10-08
NXP,Nuveen Select Tax Free Income Portfolio,Finance,Trusts Except Educational Religious and Charitable,46799113.01059001,618.684274,2026-10-08
NXPI,NXP Semiconductors N.V.,Technology,Semiconductors,252164173.99950898,61623.880842,2026-10-08
NXPL,NextPlat Corp,Telecommunications,Telecommunications Equipment,2713222.006472492,25.151568,2026-10-08
NXRT,NexPoint Residential Trust Inc.,Real Estate,Real Estate Investment Trusts,25549812.983151637,515.595226,2026-10-08
NXST,Nexstar Media Group Inc.,Industrials,Broadcasting,30808300.99771225,4847.994245,2026-10-08
NXT,Nextpower Inc.,Technology,Semiconductors,151729520.0022704,13365.853417,2026-10-08
NXTC,NextCure Inc.,Health Care,Biotechnology: Pharmaceutical Preparations,4577359.014951628,26.022286,2026-10-08
NXTS,Nexentis Technologies Inc.,Industrials,Agricultural Chemicals,1488212.9496402878,2.068616,2026-10-08
NXTT,Next Technology Holding Inc.,Technology,EDP Services,1472961.9389587073,8.204398,2026-10-08
NXXT,NextNRG Inc.,Consumer Discretionary,Retail-Auto Dealers and Gas Stations,16813345.075815592,10.977433,2026-10-08
NYAX,Nayax Ltd.,Technology,Computer Software: Prepackaged Software,37359195.009835385,1804.262323,2026-10-08
NYC,American Strategic Investment Co.,Real Estate,Real Estate Investment Trusts,3163632.0,19.7727,2026-10-08
NYT,New York Times Company (The),Consumer Discretionary,Newspapers/Magazines,160502861.9946933,10283.418368,2026-10-08
NYXH,Nyxoah SA,Health Care,Medical/Dental Instruments,100072814.68531469,143.104125,2026-10-08
NZF,Nuveen Municipal Credit Income Fund,Finance,Finance Companies,0.0,0.0,2026-10-08
O,Realty Income Corporation,Real Estate,Real Estate Investment Trusts,946218032.9953917,51332.32829,2026-10-08
OABI,OmniAb Inc.,Health Care,Biotechnology: Commercial Physical & Biological Resarch,145390397.9310345,632.448231,2026-10-08
OABIW,OmniAb Inc. Warrant,Health Care,Biotechnology: Commercial Physical & Biological Resarch,145390397.43589744,56.702255,2026-10-08
OACC,Oaktree Acquisition Corp. III Life Sciences Class A Ordinary Share,Finance,Blank Checks,0.0,0.0,2026-10-08
OACCW,Oaktree Acquisition Corp. III Life Sciences Warrant,Finance,Blank Checks,0.0,0.0,2026-10-08
OBA,Oxley Bridge Acquisition Limited,Finance,Blank Checks,0.0,0.0,2026-10-08
OBAI,Our Bond Inc.,Consumer Discretionary,Telecommunications Equipment,32576595.74468085,6.43062,2026-10-08
OBDC,Blue Owl Capital Corporation,Finance,Diversified Financial Services,493142568.99302095,4946.219967,2026-10-08
OBE,Obsidian Energy Ltd.,Energy,Oil & Gas Production,66725569.96233522,708.625553,2026-10-08
OBIO,Orchestra BioMed Holdings Inc.,Health Care, Medicinal Chemicals and Botanical Products ,60105048.97260274,351.013486,2026-10-08
OBK,Origin Bancorp Inc.,Finance,Major Banks,30849678.00075729,1629.479992,2026-10-08
OBT,Orange County Bancorp Inc.,Finance,Major Banks,13407963.013333334,502.798613,2026-10-08
OBX,Obsidian Therapeutics Inc.,Health Care,Biotechnology: Pharmaceutical Preparations,61772876.021180026,816.637421,2026-10-08
OC,Owens Corning Inc,Industrials,Industrial Machinery/Components,79048683.00217065,9468.45125,2026-10-08
OCAC,Ocean Capital Acquisition Corporation,Finance,Blank Checks,0.0,0.0,2026-10-08
OCC,Optical Cable Corporation,Industrials,Telecommunications Equipment,8842024.028690973,147.927062,2026-10-08
OCCI,OFS Credit Company Inc.,Finance,Trusts Except Educational Religious and Charitable,11616509.85915493,24.743166,2026-10-08
OCCIM,OFS Credit Company Inc. 7.875% Series F Term Preferred Stock,,,0.0,0.0,2026-10-08
OCCIN,OFS Credit Company Inc. 5.25% Series E Term Preferred Stock Due 2026,Finance,Trusts Except Educational Religious and Charitable,11616509.987966307,289.599594,2026-10-08
OCFC,OceanFirst Financial Corp.,Finance,Major Banks,96645218.98507462,1618.807418,2026-10-08
OCG,Oriental Culture Holding LTD,Consumer Discretionary,Other Consumer Services,1938311.9760479042,3.236981,2026-10-08
OCGN,Ocugen Inc.,Health Care,Biotechnology: Biological Products (No Diagnostic Substances),339110400.96153843,352.674817,2026-10-08
OCLT,OceanLight Acquisition Corporation,Finance,Blank Checks,0.0,0.0,2026-10-08
OCLTU,OceanLight Acquisition Corporation Units,Finance,Blank Checks,0.0,0.0,2026-10-08
OCLTW,OceanLight Acquisition Corporation Warrants,Finance,Blank Checks,0.0,0.0,2026-10-08
OCS,Oculis Holding AG,Health Care,Biotechnology: Pharmaceutical Preparations,61588073.050458714,537.047997,2026-10-08
OCSAW,Oculis Holding AG Warrants,Health Care,Biotechnology: Pharmaceutical Preparations,61588073.06122448,150.890779,2026-10-08
OCSL,Oaktree Specialty Lending Corporation,Finance,Finance: Consumer Services,88085522.99145299,1030.600619,2026-10-08
OCTV,Octave Intelligence plc,Technology,Computer Software: Prepackaged Software,268437787.9817444,5293.593179,2026-10-08
OCUL,Ocular Therapeutix Inc.,Health Care,Biotechnology: Pharmaceutical Preparations,219615867.98365122,1611.980471,2026-10-08
ODC,Oil-Dri Corporation Of America,Consumer Discretionary,Miscellaneous manufacturing industries,14488335.005106093,1276.856964,2026-10-08
ODD,ODDITY Tech Ltd.,Consumer Discretionary,Package Goods/Cosmetics,56656684.98701299,1090.641186,2026-10-08
ODFL,Old Dominion Freight Line Inc.,Industrials,Trucking Freight/Courier Services,207356621.99752834,36913.625848,2026-10-08
ODTX,Odyssey Therapeutics Inc.,Health Care,Biotechnology: Biological Products (No Diagnostic Substances),48058527.02702703,871.301095,2026-10-08
ODYS,Odysight.ai Inc.,Technology,EDP Services,20244405.035971224,56.279446,2026-10-08
OEC,Orion S.A.,Industrials,Major Chemicals,56522698.951048955,323.309838,2026-10-08
OESX,Orion Energy Systems Inc.,Consumer Discretionary,Building Products,4089285.985915493,116.135722,2026-10-08
OFAL,OFA Group,Consumer Discretionary,Military/Government/Technical,26453480.43478261,12.168601,2026-10-08
OFG,OFG Bancorp,Finance,Major Banks,42265494.00078678,2148.777715,2026-10-08
OFIX,Orthofix Medical Inc.,Health Care,Medical/Dental Instruments,40732607.97024442,383.293841,2026-10-08
OFLX,Omega Flex Inc.,Industrials,Industrial Specialties,10094322.007575758,266.490101,2026-10-08
OFRM,Once Upon a Farm PBC,Consumer Staples,Packaged Foods,41990653.01852959,702.503625,2026-10-08
OFS,OFS Capital Corporation,Finance,Finance/Investors Services,13398077.884615384,55.736004,2026-10-08
OFSSH,OFS Capital Corporation 4.95% Notes due 2028,Finance,Finance Companies,13398077.981651375,321.28591,2026-10-08
OFSSO,OFS Capital Corporation 7.50% Notes due 2028,,,0.0,0.0,2026-10-08
OGC,OceanaGold Corporation,,,224218022.98764506,5988.863394,2026-10-08
OGE,OGE Energy Corp,Utilities,Electric Utilities: Central,206581286.99825478,9469.686196,2026-10-08
OGEN,Oragenics Inc.,Health Care,Biotechnology: Pharmaceutical Preparations,4511956.701030928,2.188299,2026-10-08
OGG,Osisko Gold Group Inc.,Basic Materials,Precious Metals,305837837.14285713,856.345944,2026-10-08
OGGWZ,Osisko Gold Group Inc. Warrant expiring 5/27/2027,Basic Materials,Precious Metals,305837826.9617706,15.20014,2026-10-08
OGI,Organigram Global Inc.,Health Care,Biotechnology: Pharmaceutical Preparations,141006497.26832286,136.790403,2026-10-08
OGN,Organon & Co.,Health Care,Biotechnology: Pharmaceutical Preparations,262609432.96943232,3608.253609,2026-10-08
OGS,ONE Gas Inc.,Utilities,Oil/Gas Transmission,62856270.00683527,4597.936151,2026-10-08
OHAC,Oceanhawk Acquisition Corp.,,,0.0,0.0,2026-10-08
OHACU,Oceanhawk Acquisition Corp. Units,,,0.0,0.0,2026-10-08
OHI,Omega Healthcare Investors Inc.,Real Estate,Real Estate Investment Trusts,303013000.0,13565.89201,2026-10-08
OI,O-I Glass Inc.,Consumer Discretionary,Containers/Packaging,153659746.95652175,883.543545,2026-10-08
OIA,Invesco Municipal Income Opportunities Trust,Finance,Finance Companies,47605589.02439024,273.256081,2026-10-08
OIG,Orion180 Insurance Group Inc.,Finance,Specialty Insurers,99032452.02780996,854.650061,2026-10-08
OII,Oceaneering International Inc.,Energy,Oilfield Services/Equipment,99529645.00778297,4475.848136,2026-10-08
OIM,OneIM Acquisition Corp.,,,0.0,0.0,2026-10-08
OIO,OIO Group,Utilities,Environmental Services,348022107.7777778,626.439794,2026-10-08
OIS,Oil States International Inc.,Consumer Discretionary,Oil and Gas Field Machinery,60322618.96135266,499.471285,2026-10-08
OKE,ONEOK Inc.,Utilities,Oil & Gas Production,630369666.9954051,56247.885386,2026-10-08
OKLO,Oklo Inc.,Utilities,Electric Utilities: Central,186017650.01297018,7170.980408,2026-10-08
OKTA,Okta Inc.,Technology,Computer Software: Prepackaged Software,174820928.00109756,38228.092326,2026-10-08
OKUR,OnKure Therapeutics Inc.,Health Care,Biotechnology: Pharmaceutical Preparations,40496308.94308943,99.62092,2026-10-08
OKYO,OKYO Pharma Limited,Health Care,Biotechnology: Biological Products (No Diagnostic Substances),52479526.71232877,76.620109,2026-10-08
OLB,The OLB Group Inc.,Consumer Discretionary,Business Services,24032929.268292684,9.853501,2026-10-08
OLED,Universal Display Corporation,Technology,Electrical Products,45966834.99874467,3661.718076,2026-10-08
OLLI,Ollie's Bargain Outlet Holdings Inc.,Consumer Discretionary,Department/Specialty Retail Stores,59402402.997150995,5212.560863,2026-10-08
OLMA,Olema Pharmaceuticals Inc.,Health Care,Biotechnology: Pharmaceutical Preparations,87497606.94444445,692.981047,2026-10-08
OLN,Olin Corporation,Industrials,Major Chemicals,113982490.00616902,1847.656163,2026-10-08
OLOX,Olenox Industries Inc.,Consumer Discretionary,RETAIL: Building Materials,1659347.2,2.074184,2026-10-08
OLP,One Liberty Properties Inc.,Real Estate,Real Estate Investment Trusts,21825024.016282227,482.551281,2026-10-08
OM,Outset Medical Inc.,Health Care,Biotechnology: Electromedical & Electrotherapeutic Apparatus,18797164.00966184,77.820259,2026-10-08
OMAB,Grupo Aeroportuario del Centro Norte S.A.B. de C.V.,Consumer Discretionary,Aerospace,48271178.000845306,4568.384286,2026-10-08
OMC,Omnicom Group Inc.,Consumer Discretionary,Advertising,274345967.0039947,20603.382122,2026-10-08
OMCL,Omnicell Inc.,Technology,Computer Manufacturing,45614884.01015228,1617.503787,2026-10-08
OMDA,Omada Health Inc.,Health Care,Medical/Nursing Services,61216702.99083454,1269.022253,2026-10-08
OMER,Omeros Corporation,Health Care,Biotechnology: Pharmaceutical Preparations,72388315.99135602,1339.907729,2026-10-08
OMEX,Odyssey Marine Exploration Inc.,Consumer Discretionary,Marine Transportation,58691389.66997188,39.657772,2026-10-08
OMF,OneMain Holdings Inc.,Finance,Finance: Consumer Services,115041468.99252403,6463.029728,2026-10-08
OMH,Ohmyhome Limited,Finance,Real Estate,1688688.9328063242,4.272383,2026-10-08
OMSE,OMS Energy Technologies Inc.,Consumer Discretionary,Oil and Gas Field Machinery,42448704.0,191.019168,2026-10-08
ON,ON Semiconductor Corporation,Technology,Semiconductors,389318612.9996524,33602.089488,2026-10-08
ONB,Old National Bancorp,Finance,Major Banks,382570000.0,9524.08015,2026-10-08
ONBPO,Old National Bancorp,Finance,Major Banks,382570000.0,9460.9561,2026-10-08
ONBPP,Old National Bancorp,Finance,Major Banks,382570000.0,9575.7271,2026-10-08
ONC,BeOne Medicines Ltd.,Health Care,Biotechnology: Pharmaceutical Preparations,113701876.99983461,41248.766938,2026-10-08
ONCH,1RT Acquisition Corp. Class A Ordinary Share,,,0.0,0.0,2026-10-08
ONCHU,1RT Acquisition Corp. Units,,,0.0,0.0,2026-10-08
ONCO,Onconetix Inc.,Health Care,Biotechnology: Pharmaceutical Preparations,4380521.85751021,2.895963,2026-10-08
ONCY,Oncolytics Biotech Inc.,Health Care,Biotechnology: Pharmaceutical Preparations,127510505.01672241,76.251282,2026-10-08
ONDS,Ondas Inc.,Technology,Radio And Television Broadcasting And Communications Equipment,582302699.0553306,4314.863,2026-10-08
ONEG,OneConstruction Group Limited,Consumer Discretionary,Homebuilding,16000000.0,14.8832,2026-10-08
ONEN,ONE Nuclear Energy Inc.,Utilities,Electric Utilities: Central,26023332.8358209,52.306899,2026-10-08
ONEW,OneWater Marine Inc.,Consumer Discretionary,Auto & Home Supply Stores,16665619.03292181,161.989817,2026-10-08
ONFO,Onfolio Holdings Inc.,Technology,EDP Services,2499247.623463946,2.155851,2026-10-08
ONFOW,Onfolio Holdings Inc. Warrant,Technology,EDP Services,2499271.523178808,0.037739,2026-10-08
ONIT,Onity Group Inc.,Finance,Finance: Consumer Services,8354519.985595967,232.00502,2026-10-08
ONL,Orion Properties Inc.,Real Estate,Real Estate Investment Trusts,57044714.163090125,132.914184,2026-10-08
ONMD,OneMedNet Corp,Health Care,Biotechnology: Commercial Physical & Biological Resarch,6012590.945674045,29.882577,2026-10-08
ONMDW,OneMedNet Corp Warrant,Health Care,Biotechnology: Commercial Physical & Biological Resarch,6012591.463414634,0.197213,2026-10-08
ONON,On Holding AG,Consumer Discretionary,Shoe Manufacturing,603431069.9969815,19991.671349,2026-10-08
ONT,Onterris Inc.,Consumer Discretionary,Professional Services,35117423.96694215,509.904996,2026-10-08
ONTO,Onto Innovation Inc.,Industrials,Industrial Machinery/Components,49074246.99882057,15395.082026,2026-10-08
OOMA,Ooma Inc.,Technology,EDP Services,27600000.0,548.136,2026-10-08
OPAD,Offerpad Solutions Inc.,Finance,Real Estate,4832748.859934853,14.836539,2026-10-08
OPAL,OPAL Fuels Inc.,Utilities,Natural Gas Distribution,174690000.0,312.6951,2026-10-08
OPBK,OP Bancorp,Finance,Major Banks,14932614.970453052,227.423726,2026-10-08
OPCH,Option Care Health Inc.,Health Care,Medical/Nursing Services,149785243.0,4643.342533,2026-10-08
OPEN,Opendoor Technologies Inc,Finance,Real Estate,971091050.2202643,2204.376684,2026-10-08
OPENL,Opendoor Technologies Inc  Series A Warrants each whole warrant exercisable to purchase one share of,Finance,Real Estate,971091053.3515732,70.986756,2026-10-08
OPENW,Opendoor Technologies Inc  Series K Warrants each whole warrant exercisable to purchase one share of,Finance,Real Estate,971091045.8081244,112.355234,2026-10-08
OPENZ,Opendoor Technologies Inc  Series Z Warrants each whole warrant exercisable to purchase one share of,Finance,Real Estate,971091051.2483574,73.900029,2026-10-08
OPFI,OppFi Inc.,Finance,Finance: Consumer Services,85208246.92556635,526.586966,2026-10-08
OPHC,OptimumBank Holdings Inc.,Finance,Major Banks,12622470.034052212,111.203961,2026-10-08
OPI,Office Properties Income Trust,Finance,Real Estate,21953577.00063012,348.403267,2026-10-08
OPK,OPKO Health Inc.,Health Care,Biotechnology: Pharmaceutical Preparations,746328225.3424658,1089.639209,2026-10-08
OPLN,OPENLANE Inc.,Consumer Discretionary,Retail-Auto Dealers and Gas Stations,122069864.98855835,4267.56248,2026-10-08
OPNW,OpenWorld Inc.,Technology,EDP Services,13407360.0,83.125632,2026-10-08
OPP,RiverNorth/DoubleLine Strategic Opportunity Fund Inc.,Finance,Finance/Investors Services,0.0,0.0,2026-10-08
OPRA,Opera Limited,Technology,Computer Software: Prepackaged Software,89880513.02083333,1553.135265,2026-10-08
OPRT,Oportun Financial Corporation,Finance,Finance: Consumer Services,45987253.00480769,382.613945,2026-10-08
OPRX,OptimizeRx Corporation,Consumer Discretionary,Business Services,18835950.96481271,165.944728,2026-10-08
OPTH,Optimi Health Corp.,Health Care,Biotechnology: Pharmaceutical Preparations,5725867.070217918,23.647831,2026-10-08
OPTT,Ocean Power Technologies Inc.,Utilities,Electric Utilities: Central,12276748.113207547,13.013353,2026-10-08
OPTU,Optimum Communications Inc.,Telecommunications,Cable & Other Pay Television Services,455584855.2083334,437.361461,2026-10-08
OPTX,Syntec Optics Holdings Inc.,Technology,Electronic Components,40279878.00407332,395.548402,2026-10-08
OPTXW,Syntec Optics Holdings Inc. Warrant,Technology,Electronic Components,40279877.91164658,100.296896,2026-10-08
OPXS,Optex Systems Holdings Inc.,Technology,Electronic Components,6959873.039215687,70.990705,2026-10-08
OPY,Oppenheimer Holdings Inc.,Finance,Investment Bankers/Brokers/Service,10708005.000829326,1291.171243,2026-10-08
OR,OR Royalties Inc.,Basic Materials,Precious Metals,187495863.99767914,6462.982432,2026-10-08
ORA,Ormat Technologies Inc.,Utilities,Electric Utilities: Central,61496941.001396805,5723.520299,2026-10-08
ORBS,Eightco Holdings Inc.,Finance,Finance Companies,429777400.0,455.564044,2026-10-08
ORC,Orchid Island Capital Inc.,Real Estate,Real Estate Investment Trusts,199603438.06706113,1011.989431,2026-10-08
ORCL,Oracle Corporation,Technology,Computer Software: Prepackaged Software,3031501149.001865,438870.421341,2026-10-08
ORGO,Organogenesis Holdings Inc.,Health Care,Biotechnology: Pharmaceutical Preparations,128674547.76119402,172.423894,2026-10-08
ORI,Old Republic International Corporation,Finance,Property-Casualty Insurers,241432921.99421206,9176.865365,2026-10-08
ORIC,Oric Pharmaceuticals Inc.,Health Care,Biotechnology: Pharmaceutical Preparations,103652656.0100167,1241.758819,2026-10-08
ORIO,Orion Digital Corp.,Finance,Finance: Consumer Services,23781000.0,24.73224,2026-10-08
ORIQ,Origin Investment Corp I,,,0.0,0.0,2026-10-08
ORIQU,Origin Investment Corp I Units,,,6900000.0,71.415,2026-10-08
ORIQW,Origin Investment Corp I Warrant.,Finance,Blank Checks,0.0,0.0,2026-10-08
ORKA,Oruka Therapeutics Inc.,Health Care,Biotechnology: In Vitro & In Vivo Diagnostic Substances,66209699.00224494,5308.693666,2026-10-08
ORKT,Orangekloud Technology Inc.,Technology,Computer Software: Prepackaged Software,5839770.103092784,5.664577,2026-10-08
ORLY,O'Reilly Automotive Inc.,Consumer Discretionary,Auto & Home Supply Stores,808960792.0014094,68874.921831,2026-10-08
ORMP,Oramed Pharmaceuticals Inc.,Health Care,Biotechnology: Pharmaceutical Preparations,41597354.10958904,182.196411,2026-10-08
ORN,Orion Group Holdings Inc. Common,Industrials,Military/Government/Technical,40495289.95726496,379.035914,2026-10-08
ORRF,Orrstown Financial Services Inc.,Finance,Major Banks,19669626.01016211,812.945643,2026-10-08
OSBC,Old Second Bancorp Inc.,Finance,Major Banks,50875716.00798403,1274.436686,2026-10-08
OSCR,Oscar Health Inc.,Health Care,Medical Specialities,308644999.99999994,9981.5793,2026-10-08
OSG,Octave Specialty Group Inc.,Finance,Property-Casualty Insurers,45051485.93073593,208.137865,2026-10-08
OSIS,OSI Systems Inc.,Technology,Semiconductors,15941967.999597099,3165.437166,2026-10-08
OSK,Oshkosh Corporation (Holding Company)Common Stock,Industrials,Auto Manufacturing,61739748.99719973,8157.673035,2026-10-08
OSPN,OneSpan Inc.,Technology,EDP Services,36852173.014145814,677.34294,2026-10-08
OSPR,Osprey Acquisition Corp. III,Finance,Blank Checks,0.0,0.0,2026-10-08
OSS,One Stop Systems Inc.,Technology,Computer Manufacturing,24940129.976019185,208.000684,2026-10-08
OSTX,OS Therapies Incorporated,Health Care,Biotechnology: Pharmaceutical Preparations,46470789.93288591,69.241477,2026-10-08
OSUR,OraSure Technologies Inc.,Health Care,Medical/Dental Instruments,68968627.05570292,260.011724,2026-10-08
OSW,OneSpaWorld Holdings Limited,Consumer Discretionary,Hotels/Resorts,101498711.98453608,2362.890015,2026-10-08
OTAI,Starlink AI Acquisition Corporation,,,0.0,0.0,2026-10-08
OTEX,Open Text Corporation,Technology,EDP Services,250602777.01453105,5691.189066,2026-10-08
OTF,Blue Owl Technology Finance Corp.,,,458185388.9957265,4288.615241,2026-10-08
OTGA,OTG Acquisition Corp. I Class A Ordinary Share,Finance,Blank Checks,0.0,0.0,2026-10-08
OTGAU,OTG Acquisition Corp. I Unit,Finance,Blank Checks,0.0,0.0,2026-10-08
OTIS,Otis Worldwide Corporation,Technology,Consumer Electronics/Appliances,380669339.006772,25295.477577,2026-10-08
OTLK,Outlook Therapeutics Inc.,Health Care,Biotechnology: Biological Products (No Diagnostic Substances),243447554.1958042,139.252001,2026-10-08
OTLY,Oatly Group AB,Consumer Staples,Packaged Foods,31912258.03996194,335.397832,2026-10-08
OTTR,Otter Tail Corporation,Utilities,Electric Utilities: Central,41985580.0,3745.113736,2026-10-08
OUST,Ouster Inc.,Industrials,Industrial Machinery/Components,72112332.999332,3238.564875,2026-10-08
OUT,OUTFRONT Media Inc.,Real Estate,Real Estate Investment Trusts,176135251.01479188,5120.251747,2026-10-08
OVBC,Ohio Valley Banc Corp.,Finance,Major Banks,4711001.007777412,215.033641,2026-10-08
OVID,Ovid Therapeutics Inc.,Health Care,Biotechnology: Pharmaceutical Preparations,195297856.9620253,462.855921,2026-10-08
OVLY,Oak Valley Bancorp (CA),Finance,Major Banks,8412707.993049521,290.490807,2026-10-08
OVV,Ovintiv Inc. (DE),Energy,Oil & Gas Production,282700000.0,17380.396,2026-10-08
OWL,Blue Owl Capital Inc.,Finance,Investment Managers,1559092223.0429988,14140.966463,2026-10-08
OWLS,OBOOK Holdings Inc.,Technology,Computer Software: Prepackaged Software,37825411.02941176,205.770236,2026-10-08
OWLT,Owlet Inc.,Industrials,Industrial Machinery/Components,29221677.09611452,142.894001,2026-10-08
OXBR,Oxbridge Re Holdings Limited,Finance,Property-Casualty Insurers,8138576.851851852,8.789663,2026-10-08
OXBRW,Oxbridge Re Holdings Limited Warrant expiring 3/26/2029,Finance,Property-Casualty Insurers,8138578.830495929,1.099522,2026-10-08
OXLC,Oxford Lane Capital Corp.,Finance,Investment Managers,173600000.0,1506.848,2026-10-08
OXLCG,Oxford Lane Capital Corp. 7.95% Notes due 2032,Finance,Investment Managers,0.0,0.0,2026-10-08
OXLCI,Oxford Lane Capital Corp. 8.75% Notes due 2030,,,0.0,0.0,2026-10-08
OXLCL,Oxford Lane Capital Corp. 6.75% Notes due 2031,Finance,Finance Companies,173600000.0,4154.248,2026-10-08
OXLCM,Oxford Lane Capital Corp. Preferred Stock Shares 8.25% Series 2031,Finance,Investment Managers,173600000.0,4340.0,2026-10-08
OXLCN,Oxford Lane Capital Corp. 7.125% Series 2029 Term Preferred Stock,Finance,Investment Managers,173600000.0,4223.70536,2026-10-08
OXLCO,Oxford Lane Capital Corp. Preferred Stock Shares 6.00% Series 2029,Finance,Investment Managers,173600000.0,4096.96,2026-10-08
OXLCZ,Oxford Lane Capital Corp. 5.00% Notes due 2027,Finance,Finance Companies,173600000.0,4331.32,2026-10-08
OXM,Oxford Industries Inc.,Industrials,Garments and Clothing,14978273.989799922,381.796204,2026-10-08
OXSQ,Oxford Square Capital Corp.,Finance,Blank Checks,107707775.0,137.865952,2026-10-08
OXSQG,Oxford Square Capital Corp. 5.50% Notes due 2028,Consumer Discretionary,Other Consumer Services,63757860.0,1571.631249,2026-10-08
OXSQH,Oxford Square Capital Corp. 7.75% Notes due 2030,Finance,Blank Checks,0.0,0.0,2026-10-08
OXY,Occidental Petroleum Corporation,Energy,Oil & Gas Production,999637370.9926282,58308.84785,2026-10-08
OYSE,Oyster Enterprises II Acquisition Corp,Finance,Blank Checks,0.0,0.0,2026-10-08
OZ,Belpointe PREP LLC Class A Units,Finance,Real Estate,4053666.0078086876,166.119233,2026-10-08
OZK,Bank OZK,Finance,Major Banks,113136132.0098699,5043.608765,2026-10-08
OZKAP,Bank OZK 4.625% Series A Non-Cumulative Perpetual Preferred Stock,Finance,Major Banks,113136132.0,1668.757947,2026-10-08
P,Everpure Inc.,Technology,Electronic Components,333227250.9986413,49051.051347,2026-10-08
PAA,Plains All American Pipeline L.P. Common Units representing Limited Partner Interests,Energy,Natural Gas Distribution,705566460.0166252,16975.929028,2026-10-08
PAAC,Proem Acquisition Corp I,Finance,Investment Managers,17723332.96703297,177.410563,2026-10-08
PAACU,Proem Acquisition Corp I Units,Finance,Blank Checks,0.0,0.0,2026-10-08
PAACW,Proem Acquisition Corp I Warrants,Finance,Investment Managers,0.0,0.0,2026-10-08
PAAI,Paradium.AI Inc.,Technology,EDP Services,47610652.94117647,48.562866,2026-10-08
PAAS,Pan American Silver Corp.,Basic Materials,Precious Metals,414618000.0,19039.25856,2026-10-08
PAC,Grupo Aeroportuario Del Pacifico S.A. B. de C.V. Grupo Aeroportuario Del Pacifico S.A. de C.V. (each representing 10 Series B shares),Consumer Discretionary,Aerospace,59501820.0,12447.780744,2026-10-08
PACB,Pacific Biosciences of California Inc.,Industrials,Biotechnology: Laboratory Analytical Instruments,310830758.8888889,839.243049,2026-10-08
PACH,Pioneer Acquisition I Corp,,,0.0,0.0,2026-10-08
PACK,Ranpak Holdings Corp,Consumer Discretionary,Containers/Packaging,85758288.91687657,340.460407,2026-10-08
PACS,PACS Group Inc.,Health Care,Hospital/Nursing Management,158335612.0065405,6778.34755,2026-10-08
PAG,Penske Automotive Group Inc.,Consumer Discretionary,Retail-Auto Dealers and Gas Stations,65662873.00135672,13067.568356,2026-10-08
PAGP,Plains GP Holdings L.P. Class A Units representing Limited Partner Interests,Energy,Natural Gas Distribution,197904124.00914636,5193.004214,2026-10-08
PAGS,PagSeguro Digital Ltd.,Technology,EDP Services,290677708.95522386,3116.06504,2026-10-08
PAHC,Phibro Animal Health Corporation,Health Care,Biotechnology: Pharmaceutical Preparations,40601603.00464354,1486.424686,2026-10-08
PAI,Western Asset Investment Grade Income Fund Inc.,Finance,Trusts Except Educational Religious and Charitable,0.0,0.0,2026-10-08
PAII,Pyrophyte Acquisition Corp. II,,,0.0,0.0,2026-10-08
PAL,Proficient Auto Logistics Inc.,Consumer Discretionary,Transportation Services,28052923.099415205,95.940997,2026-10-08
PALI,Palisade Bio Inc.,Health Care,Biotechnology: Biological Products (No Diagnostic Substances),174270557.7181208,259.663131,2026-10-08
PALO,Paloma Acquisition Corp I,Finance,Blank Checks,0.0,0.0,2026-10-08
PAM,Pampa Energia S.A.,Utilities,Electric Utilities: Central,54540814.997545406,4443.985606,2026-10-08
PAMT,PAMT CORP,Industrials,Trucking Freight/Courier Services,20942256.96969697,241.883068,2026-10-08
PANL,Pangaea Logistics Solutions Ltd.,Consumer Discretionary,Marine Transportation,65473772.05707491,550.634423,2026-10-08
PANW,Palo Alto Networks Inc.,Technology,Computer peripheral equipment,818000000.0,343486.38,2026-10-08
PAPL,Pineapple Financial Inc.,Finance,Finance: Consumer Services,25271197.3827699,23.173688,2026-10-08
PAR,PAR Technology Corporation,Miscellaneous,Office Equipment/Supplies/Services,41362708.0,599.759266,2026-10-08
PARA,Banzai International Inc.,Industrials,Broadcasting,,,2026-10-08
PARAW,Banzai International Inc. Warrant,Technology,Computer Software: Prepackaged Software,4624900.0,0.046249,2026-10-08
PARK,Park Dental Partners Inc.,Health Care,Misc Health and Biotechnology Services,4755281.977593765,97.625939,2026-10-08
PARR,Par Pacific Holdings Inc.,Energy,Oil & Gas Production,50099627.00494765,4354.158583,2026-10-08
PASG,Passage Bio Inc.,Health Care,Biotechnology: Biological Products (No Diagnostic Substances),3217810.0490196077,13.128665,2026-10-08
PASW,Ping An Biomedical Co. Ltd.,Consumer Discretionary,Apparel,124549999.99999999,15.680845,2026-10-08
PATH,UiPath Inc.,Technology,Computer Software: Prepackaged Software,521155409.0076336,6827.135858,2026-10-08
PATK,Patrick Industries Inc.,Consumer Discretionary,Auto Parts:O.E.M.,32118264.00060024,2140.361113,2026-10-08
PAVM,PAVmed Inc.,Health Care,Medical/Dental Instruments,7995918.130841122,21.389081,2026-10-08
PAVS,Paranovus Entertainment Technology Ltd.,Technology,EDP Services,869637.908496732,3.326365,2026-10-08
PAX,Patria Investments Limited,Finance,Investment Managers,162286720.98214287,1817.611275,2026-10-08
PAXGU,Pine Tree Acquisition Corp. Units,Finance,Blank Checks,0.0,0.0,2026-10-08
PAXS,PIMCO Access Income Fund,Finance,Investment Managers,0.0,0.0,2026-10-08
PAY,Paymentus Holdings Inc.,Consumer Discretionary,Business Services,125939646.98833175,3993.546206,2026-10-08
PAYC,Paycom Software Inc.,Technology,Computer Software: Prepackaged Software,45071618.998381585,10025.73093,2026-10-08
PAYO,Payoneer Global Inc.,Consumer Discretionary,Business Services,338850835.9440559,2422.783477,2026-10-08
PAYP,PayPay Corporation American Depository Shares,Consumer Discretionary,Business Services,677143135.0096712,10502.490024,2026-10-08
PAYS,Paysign Inc.,Technology,EDP Services,56462155.98885794,810.79656,2026-10-08
PAYX,Paychex Inc.,Industrials,Diversified Commercial Services,355980472.99544644,35961.147382,2026-10-08
PB,Prosperity Bancshares Inc.,Finance,Major Banks,120176770.99850969,8063.861334,2026-10-08
PBA,Pembina Pipeline Corp.,Energy,Oil & Gas Production,581555000.0,27164.43405,2026-10-08
PBAM,Private Bancorp of America Inc.,Finance,Major Banks,5729787.994432201,493.965023,2026-10-08
PBF,PBF Energy Inc.,Energy,Integrated oil Companies,118536837.99469113,9824.333133,2026-10-08
PBFS,Pioneer Bancorp Inc.,Finance,Banks,24841663.016823497,435.598561,2026-10-08
PBH,Prestige Consumer Healthcare Inc.,Health Care,Biotechnology: Pharmaceutical Preparations,47374522.00689062,2200.072802,2026-10-08
PBHC,Pathfinder Bancorp Inc.,Finance,Major Banks,4898359.976317347,82.7333,2026-10-08
PBI,Pitney Bowes Inc.,Miscellaneous,Office Equipment/Supplies/Services,137090212.01690823,2270.213911,2026-10-08
PBK,PowerBank Corporation,Utilities,Power Generation,47697278.22580645,11.828925,2026-10-08
PBLS,Parabilis Medicines Inc.,Health Care,Biotechnology: Pharmaceutical Preparations,121952030.00693001,3519.535586,2026-10-08
PBM,Psyence Biomedical Ltd.,Health Care,Biotechnology: Pharmaceutical Preparations,3814328.0876494027,19.147927,2026-10-08
PBMWW,Psyence Biomedical Ltd. Warrant,Health Care,Biotechnology: Pharmaceutical Preparations,3814307.6923076925,0.074379,2026-10-08
PBR,Petroleo Brasileiro S.A. Petrobras,Energy,Oil & Gas Production,6444366381.008403,153375.919868,2026-10-08
PBT,Permian Basin Royalty Trust,Energy,Oil & Gas Production,46608796.005961254,1563.725106,2026-10-08
PBYI,Puma Biotechnology Inc,Health Care,Biotechnology: Pharmaceutical Preparations,51620066.0,490.390627,2026-10-08
PCAP,ProCap Acquisition Corp,Finance,Blank Checks,0.0,0.0,2026-10-08
PCAPU,ProCap Acquisition Corp Unit,,,0.0,0.0,2026-10-08
PCAPW,ProCap Acquisition Corp Warrant,Finance,Blank Checks,0.0,0.0,2026-10-08
PCAR,PACCAR Inc.,Industrials,Auto Manufacturing,526364953.0003659,57542.216662,2026-10-08
PCB,PCB Bancorp,Finance,Major Banks,14044601.992882561,394.653316,2026-10-08
PCF,High Income Securities Fund,Finance,Trusts Except Educational Religious and Charitable,0.0,0.0,2026-10-08
PCG,Pacific Gas & Electric Co.,Utilities,Power Generation,2680110496.0,33501.3812,2026-10-08
PCLA,PicoCELA Inc.,Consumer Discretionary,Building Products,9613805.038167939,62.970423,2026-10-08
PCM,PCM Fund Inc.,Finance,Trusts Except Educational Religious and Charitable,0.0,0.0,2026-10-08
PCN,Pimco Corporate & Income Strategy Fund,Finance,Investment Managers,0.0,0.0,2026-10-08
PCOR,Procore Technologies Inc.,Technology,Computer Software: Prepackaged Software,151955338.00330943,8264.850834,2026-10-08
PCQ,PIMCO California Municipal Income Fund,Finance,Investment Managers,0.0,0.0,2026-10-08
PCRX,Pacira BioSciences Inc.,Health Care,Biotechnology: Pharmaceutical Preparations,39861885.985460415,986.980297,2026-10-08
PCSA,Processa Pharmaceuticals Inc.,Health Care,Biotechnology: Pharmaceutical Preparations,2793386.1842105263,4.245947,2026-10-08
PCT,PureCycle Technologies Inc.,Industrials,Major Chemicals,200904809.9875156,804.623764,2026-10-08
PCTTU,PureCycle Technologies Inc. Unit,Industrials,Major Chemicals,200904809.95762712,948.270703,2026-10-08
PCTTW,PureCycle Technologies Inc. Warrant,Industrials,Major Chemicals,200904810.6060606,132.597175,2026-10-08
PCTY,Paylocity Holding Corporation,Technology,Computer Software: Prepackaged Software,53056962.99945266,7754.805712,2026-10-08
PCVX,Vaxcyte Inc.,Health Care,Biotechnology: Biological Products (No Diagnostic Substances),148805278.005997,9925.312043,2026-10-08
PCYO,Pure Cycle Corporation,Utilities,Water Supply,24097369.972702455,264.830096,2026-10-08
PD,PagerDuty Inc.,Technology,Computer Software: Prepackaged Software,78649872.99222799,1214.354039,2026-10-08
PDC,Perpetuals.com Ltd,Technology,EDP Services,8114137.910447761,27.182362,2026-10-08
PDCC,Pearl Diver Credit Company Inc.,,,0.0,0.0,2026-10-08
PDD,PDD Holdings Inc.,Consumer Discretionary,Business Services,1423396462.0025508,111594.282621,2026-10-08
PDEX,Pro-Dex Inc.,Health Care,Medical/Dental Instruments,3203333.9956869995,207.960443,2026-10-08
PDFS,PDF Solutions Inc.,Technology,Computer Software: Prepackaged Software,42227215.999265246,2298.849639,2026-10-08
PDI,PIMCO Dynamic Income Fund,Finance,Trusts Except Educational Religious and Charitable,243090000.0,3500.496,2026-10-08
PDLB,Ponce Financial Group Inc.,Finance,Savings Institutions,24187900.983284168,491.981906,2026-10-08
PDM,Piedmont Realty Trust Inc.,Real Estate,Building operators,125132825.02768551,1129.94941,2026-10-08
PDO,PIMCO Dynamic Income Opportunities Fund,Finance,Trusts Except Educational Religious and Charitable,145934072.01986754,1762.88359,2026-10-08
PDPA,Pearl Diver Credit Company Inc. 8.00% Series A Preferred Stock Due 2029,,,0.0,0.0,2026-10-08
PDS,Precision Drilling Corporation,Energy,Oil & Gas Production,12587469.995278565,1066.410458,2026-10-08
PDSB,PDS Biotechnology Corporation,Health Care,Biotechnology: Pharmaceutical Preparations,72474207.6555024,75.735547,2026-10-08
PDT,John Hancock Premium Dividend Fund,Finance,Finance Companies,0.0,0.0,2026-10-08
PDX,PIMCO Dynamic Income Strategy Fund,Finance,Finance/Investors Services,44707000.0,931.69388,2026-10-08
PDYN,Palladyne AI Corp.,Technology,Computer Software: Prepackaged Software,49338510.07462686,264.454414,2026-10-08
PEB,Pebblebrook Hotel Trust,Real Estate,Real Estate Investment Trusts,112842716.01685984,2141.75475,2026-10-08
PEBK,Peoples Bancorp of North Carolina Inc.,Finance,Major Banks,5461490.006813536,240.469405,2026-10-08
PEBO,Peoples Bancorp Inc.,Finance,Major Banks,35942315.00136129,1320.16123,2026-10-08
PECE,Peace Acquisition Corp,Finance,Blank Checks,0.0,0.0,2026-10-08
PECER,Peace Acquisition Corp Right,Finance,Blank Checks,0.0,0.0,2026-10-08
PECO,Phillips Edison & Company Inc.,Real Estate,Real Estate Investment Trusts,128700000.0,4831.398,2026-10-08
PED,Pedevco Corp.,Energy,Oil & Gas Production,13292012.990936555,175.986252,2026-10-08
PEG,Public Service Enterprise Group Incorporated,Utilities,Power Generation,498420030.0013941,35751.668752,2026-10-08
PEGA,Pegasystems Inc.,Technology,EDP Services,164404945.0,5688.411097,2026-10-08
PEN,Penumbra Inc.,Health Care,Medical/Dental Instruments,39389421.999684595,12488.416245,2026-10-08
PENG,Penguin Solutions Inc.,Technology,Semiconductors,51242699.00327052,3290.293703,2026-10-08
PENN,PENN Entertainment Inc.,Consumer Discretionary,Hotels/Resorts,134066591.01194218,2132.999463,2026-10-08
PEO,Adams Natural Resources Fund Inc.,Finance,Finance/Investors Services,0.0,0.0,2026-10-08
PEP,PepsiCo Inc.,Consumer Staples,Beverages (Production/Distribution),1364891557.9985683,171580.517756,2026-10-08
PEPG,PepGen Inc.,Health Care,Biotechnology: Pharmaceutical Preparations,69259516.88311689,159.989484,2026-10-08
PERF,Perfect Corp. Class A Ordinary Share,Technology,Computer Software: Prepackaged Software,101848671.20418848,194.530962,2026-10-08
PERI,Perion Network Ltd.,Technology,EDP Services,39330318.94736842,336.274227,2026-10-08
PESI,Perma-Fix Environmental Services Inc.,Industrials,Environmental Services,21218351.001939237,328.24789,2026-10-08
PETS,PetMed Express Inc.,Consumer Staples,Retail-Drug Stores and Proprietary Stores,21678913.740458015,28.399377,2026-10-08
PETZ,TDH Holdings Inc.,Finance,Real Estate,10323267.692307692,13.420248,2026-10-08
PEW,GrabAGun Digital Holdings Inc.,Consumer Discretionary,Other Specialty Stores,29513438.07106599,58.141473,2026-10-08
PFAI,Pinnacle Food Group Limited,Consumer Staples,Farming/Seeds/Milling,11736579.914529916,27.463597,2026-10-08
PFBC,Preferred Bank,Finance,Major Banks,14356709.996173713,1500.850463,2026-10-08
PFD,Flaherty & Crumrine Preferred and Income Fund Incorporated,Finance,Investment Managers,0.0,0.0,2026-10-08
PFE,Pfizer Inc.,Health Care,Biotechnology: Pharmaceutical Preparations,5699673589.018182,156741.023698,2026-10-08
PFG,Principal Financial Group Inc,Finance,Accident &Health Insurance,214104641.00273472,23487.279118,2026-10-08
PFGC,Performance Food Group Company,Consumer Discretionary,Food Distributors,157533032.00042653,14773.447741,2026-10-08
PFH,Prudential Financial Inc. 4.125% Junior Subordinated Notes due 2060,Finance,Life Insurance,357000000.0,5319.3,2026-10-08
PFIS,Peoples Financial Services Corp.,Finance,Major Banks,10010366.993935892,693.318018,2026-10-08
PFL,PIMCO Income Strategy Fund Shares of Beneficial Interest,Finance,Finance Companies,0.0,0.0,2026-10-08
PFLA,PennantPark Floating Rate Capital Ltd. 7.375% Notes Due 2031,Finance,Finance: Consumer Services,0.0,0.0,2026-10-08
PFLT,PennantPark Floating Rate Capital Ltd.,Finance,Finance: Consumer Services,99217895.98811293,667.73644,2026-10-08
PFN,PIMCO Income Strategy Fund II,Finance,Finance/Investors Services,0.0,0.0,2026-10-08
PFO,Flaherty & Crumrine Preferred and Income Opportunity Fund Incorporated,Finance,Finance Companies,0.0,0.0,2026-10-08
PFS,Provident Financial Services Inc,Finance,Savings Institutions,130422617.99820466,2905.815929,2026-10-08
PFSA,Profusa Inc.,Health Care,Medical/Dental Instruments,605646.9879518072,1.005374,2026-10-08
PFSI,PennyMac Financial Services Inc.,Finance,Finance: Consumer Services,51951572.004461445,3260.480659,2026-10-08
PFX,PhenixFIN Corporation,Finance,Finance: Consumer Services,1931272.9955947136,87.679794,2026-10-08
PFXNZ,PhenixFIN Corporation  5.25% Notes due 2028,Finance,Finance: Consumer Services,2003869.0190614061,48.03254,2026-10-08
PG,Procter & Gamble Company (The),Consumer Discretionary,Package Goods/Cosmetics,2324433060.002695,344969.110435,2026-10-08
PGAC,Pantages Capital Acquisition Corporation,,,0.0,0.0,2026-10-08
PGACU,Pantages Capital Acquisition Corporation Unit,,,0.0,0.0,2026-10-08
PGC,Peapack-Gladstone Financial Corporation,Finance,Commercial Banks,17727951.991851516,783.220919,2026-10-08
PGEN,Precigen Inc.,Health Care,Biotechnology: Pharmaceutical Preparations,358035247.01986754,2703.166115,2026-10-08
PGNY,Progyny Inc.,Health Care,Misc Health and Biotechnology Services,76726797.99305287,1987.991336,2026-10-08
PGP,Pimco Global StocksPlus & Income Fund,Finance,Finance Companies,0.0,0.0,2026-10-08
PGR,Progressive Corporation (The),Finance,Property-Casualty Insurers,581371770.002358,123279.883829,2026-10-08
PGY,Pagaya Technologies Ltd.,Finance,Finance: Consumer Services,83425842.99168974,1505.836466,2026-10-08
PGZ,Principal Real Estate Income Fund,Finance,Investment Managers,0.0,0.0,2026-10-08
PH,Parker-Hannifin Corporation,Industrials,Metal Fabrications,126112415.00035536,124209.378658,2026-10-08
PHAR,Pharming Group N.V.,Health Care,Biotechnology: Pharmaceutical Preparations,70625229.9586777,683.652226,2026-10-08
PHAT,Phathom Pharmaceuticals Inc.,Health Care,Biotechnology: Pharmaceutical Preparations,80900934.07079646,548.508333,2026-10-08
PHG,Koninklijke Philips N.V. NY Registry Shares,Health Care,Medical Electronics,982884786.9979297,23736.667606,2026-10-08
PHI,PLDT Inc.,Telecommunications,Telecommunications Equipment,216055775.01381978,3908.44897,2026-10-08
PHIN,PHINIA Inc.,Consumer Discretionary,Auto Parts:O.E.M.,36638088.001974985,2226.130227,2026-10-08
PHIO,Phio Pharmaceuticals Corp.,Health Care,Biotechnology: Pharmaceutical Preparations,11617249.597747386,11.552193,2026-10-08
PHK,Pimco High Income Fund,Finance,Finance/Investors Services,0.0,0.0,2026-10-08
PHM,PulteGroup Inc.,Consumer Discretionary,Homebuilding,187452540.0,21763.239894,2026-10-08
PHOE,Phoenix Asia Holdings Limited,Consumer Discretionary,Engineering & Construction,21600000.0,416.016,2026-10-08
PHOS,First Phosphate Corp.,Industrials,Mining & Quarrying of Nonmetallic Minerals (No Fuels),18914452.983599253,271.7099,2026-10-08
PHR,Phreesia Inc.,Consumer Discretionary,Business Services,62070944.0,636.227176,2026-10-08
PHUN,Phunware Inc.,Technology,EDP Services,20462675.0,41.743857,2026-10-08
PHVS,Pharvaris N.V.,Health Care,Biotechnology: Pharmaceutical Preparations,69666452.98843187,2168.020017,2026-10-08
PI,Impinj Inc.,Technology,Industrial Machinery/Components,30554412.999565594,5626.900698,2026-10-08
PICS,PicS N.V.,Finance,Finance: Consumer Services,129587543.01765649,1614.660786,2026-10-08
PII,Polaris Inc.,Consumer Discretionary,Industrial Specialties,56903524.00075772,3003.937032,2026-10-08
PIII,P3 Health Partners Inc.,Health Care,Medical/Nursing Services,7260982.028469751,40.806719,2026-10-08
PIIIW,P3 Health Partners Inc. Warrant,Health Care,Medical/Nursing Services,7261000.0,0.079871,2026-10-08
PIM,Franklin Master Intermediate Income Trust Shares of Beneficial Interest,Finance,Finance Companies,50253394.0,150.760182,2026-10-08
PINE,Alpine Income Property Trust Inc.,Real Estate,Real Estate Investment Trusts,17935406.985915493,318.353474,2026-10-08
PINS,Pinterest Inc.,Technology,Computer Software: Programming Data Processing,566313027.0094857,11343.249931,2026-10-08
PIPR,Piper Sandler Companies,Finance,Investment Bankers/Brokers/Service,70670290.9990862,4640.211307,2026-10-08
PJT,PJT Partners Inc.,Finance,Investment Managers,41011609.00107411,5727.271197,2026-10-08
PK,Park Hotels & Resorts Inc.,Consumer Discretionary,Hotels/Resorts,201338330.03278688,3070.409533,2026-10-08
PKBK,Parke Bancorp Inc.,Finance,Major Banks,11761470.012202563,385.540987,2026-10-08
PKE,Park Aerospace Corp.,Industrials,Military/Government/Technical,21751211.01131071,653.841403,2026-10-08
PKG,Packaging Corporation of America,Consumer Discretionary,Containers/Packaging,89098298.99886829,20469.443212,2026-10-08
PKOH,Park-Ohio Holdings Corp.,Industrials,Industrial Specialties,14490010.004108464,705.373687,2026-10-08
PKX,POSCO HOLDINGS INC.,Industrials,Steel/Iron Ore,323731808.0013619,19016.006402,2026-10-08
PL,Planet Labs PBC,Technology,Radio And Television Broadcasting And Communications Equipment,363847989.0145396,6756.657156,2026-10-08
PLAB,Photronics Inc.,Technology,Semiconductors,58997167.001946785,1818.292687,2026-10-08
PLAG,Planet Green Holdings Corp.,Consumer Staples,Packaged Foods,14232713.88888889,10.247554,2026-10-08
PLAY,Dave & Buster's Entertainment Inc.,Consumer Discretionary,Restaurants,34830644.02332361,238.938218,2026-10-08
PLBC,Plumas Bancorp,Finance,Finance Companies,6959015.9967585085,429.371287,2026-10-08
PLBL,Polibeli Group Ltd,Consumer Discretionary,Consumer Electronics/Appliances,366387470.03424656,2139.702825,2026-10-08
PLBY,Playboy Inc.,Consumer Discretionary,Other Specialty Stores,119807688.46153846,124.599996,2026-10-08
PLCE,Children's Place Inc. (The),Consumer Discretionary,Clothing/Shoe/Accessory Stores,22237067.015706807,42.472798,2026-10-08
PLCI,Pelican Acquisition II Corporation,Finance,Blank Checks,0.0,0.0,2026-10-08
PLD,Prologis Inc.,Real Estate,Real Estate Investment Trusts,948076000.0,121998.41968,2026-10-08
PLG,Platinum Group Metals Ltd.,Basic Materials,Precious Metals,127885111.71875,163.692943,2026-10-08
PLGO,Pelagos Insurance Capital Limited,Finance,Property-Casualty Insurers,86480145.01472445,2055.633047,2026-10-08
PLMK,Plum Acquisition Corp. IV,,,0.0,0.0,2026-10-08
PLMR,Palomar Holdings Inc.,Finance,Property-Casualty Insurers,26317682.999684744,3339.187619,2026-10-08
PLNT,Planet Fitness Inc.,Consumer Discretionary,Hotels/Resorts,75216964.99408284,3177.916771,2026-10-08
PLOW,Douglas Dynamics Inc.,Industrials,Construction/Ag Equipment/Trucks,23077045.993117012,938.774231,2026-10-08
PLPC,Preformed Line Products Company,Industrials,Water Sewer Pipeline Comm & Power Line Construction,4888701.0011387365,2060.685246,2026-10-08
PLRX,Pliant Therapeutics Inc.,Health Care,Biotechnology: Pharmaceutical Preparations,61921897.087378636,63.779554,2026-10-08
PLRZ,Polyrizon Ltd.,Health Care,Medical/Dental Instruments,2428603.9897825164,23.483872,2026-10-08
PLSE,Pulse Biosciences Inc,Health Care,Medical/Dental Instruments,71322606.99497488,3548.299698,2026-10-08
PLSM,Pulsenmore Ltd.,Health Care,Medical/Dental Instruments,6502843.981481481,14.046143,2026-10-08
PLTK,Playtika Holding Corp.,Technology,EDP Services,381418186.0262009,873.447646,2026-10-08
PLTR,Palantir Technologies Inc.,Technology,Computer Software: Prepackaged Software,2402053480.002083,461362.411904,2026-10-08
PLUG,Plug Power Inc.,Energy,Industrial Machinery/Components,1397195277.9569893,2598.783217,2026-10-08
PLUN,Plutonian Acquisition Corp II,,,0.0,0.0,2026-10-08
PLUR,Pluri Inc.,Health Care,Biotechnology: Biological Products (No Diagnostic Substances),12344736.363636363,12.221289,2026-10-08
PLUS,ePlus inc.,Technology,Retail: Computer Software & Peripheral Equipment,26090418.00127443,2456.673759,2026-10-08
PLUT,Plutus Financial Group Limited,Finance,Investment Bankers/Brokers/Service,15350000.000000002,35.305,2026-10-08
PLX,Protalix BioTherapeutics Inc. (DE),Health Care,Biotechnology: Biological Products (No Diagnostic Substances),80571642.12454213,219.960583,2026-10-08
PLXS,Plexus Corp.,Technology,Electrical Products,26652098.99864285,7266.16175,2026-10-08
PLYX,Polaryx Therapeutics Inc.,Health Care,Biotechnology: Pharmaceutical Preparations,49845992.85714286,104.676585,2026-10-08
PM,Philip Morris International Inc,Health Care, Medicinal Chemicals and Botanical Products ,1558613439.0021007,296759.998786,2026-10-08
PMA,PMA Graphene Technology Group Inc.,Consumer Discretionary,Engineering & Construction,162975000.0,200.45925,2026-10-08
PMAX,Powell Max Limited,Consumer Discretionary,Other Consumer Services,1961964.5345155161,1.548971,2026-10-08
PMCB,PharmaCyte  Biotech Inc.,Health Care,Biotechnology: Biological Products (No Diagnostic Substances),10735648.674242424,4.534738,2026-10-08
PMEC,Primech Holdings Ltd.,Consumer Discretionary,Diversified Commercial Services,38417986.85891586,21.049215,2026-10-08
PMI,Picard Medical Inc.,Health Care,Medical/Dental Instruments,2338633.9816933637,20.439661,2026-10-08
PML,Pimco Municipal Income Fund II,Finance,Investment Managers,0.0,0.0,2026-10-08
PMM,Franklin Managed Municipal Income Trust Shares of Beneficial Interest,Finance,Investment Managers,48738808.92857143,272.93733,2026-10-08
PMN,ProMIS Neurosciences Inc.,Health Care,Biotechnology: Pharmaceutical Preparations,8967693.051031487,82.592453,2026-10-08
PMO,Franklin Municipal Opportunities Trust Shares of Beneficial Interest,Finance,Finance Companies,33981566.98924731,316.028573,2026-10-08
PMT,PennyMac Mortgage Investment Trust,Real Estate,Real Estate Investment Trusts,87202362.01743463,700.234967,2026-10-08
PMTR,Perimeter Acquisition Corp. I,Finance,Blank Checks,0.0,0.0,2026-10-08
PMTRW,Perimeter Acquisition Corp. I Warrant,Finance,Blank Checks,0.0,0.0,2026-10-08
PMTS,CPI Card Group Inc.,Consumer Discretionary,Publishing,11591982.019308126,288.176673,2026-10-08
PMTU,PennyMac Mortgage Investment Trust 8.50% Senior Notes due 2028,Real Estate,Real Estate Investment Trusts,87202361.98738171,2211.4519,2026-10-08
PMTV,PennyMac Mortgage Investment Trust 9.00% Senior Notes due 2030,Real Estate,Real Estate Investment Trusts,0.0,0.0,2026-10-08
PMTW,PennyMac Mortgage Investment Trust 9.00% Senior Notes due 2030,Real Estate,Real Estate Investment Trusts,0.0,0.0,2026-10-08
PMVP,PMV Pharmaceuticals Inc.,Health Care,Biotechnology: Pharmaceutical Preparations,75515432.29813664,121.579846,2026-10-08
PN,PN Smart Energy Limited,Technology,Retail: Computer Software & Peripheral Equipment,14754025.0,35.999821,2026-10-08
PNAQ,Pinnacle Acquisition Corporation,,,0.0,0.0,2026-10-08
PNBK,Patriot National Bancorp Inc.,Finance,Major Banks,118742200.25923526,109.931529,2026-10-08
PNC,PNC Financial Services Group Inc. (The),Finance,Major Banks,398943667.0012718,87831.437727,2026-10-08
PNFP,Pinnacle Financial Partners Inc.,Finance,Major Banks,151112640.0041606,14527.96921,2026-10-08
PNI,Pimco New York Municipal Income Fund II,Finance,Trusts Except Educational Religious and Charitable,0.0,0.0,2026-10-08
PNNT,PennantPark Investment Corporation,Finance,Finance: Consumer Services,65296094.080996886,209.600462,2026-10-08
PNR,Pentair plc. Ordinary Share,Industrials,Industrial Machinery/Components,159637950.0,8451.233073,2026-10-08
PNRG,PrimeEnergy Resources Corporation,Energy,Oil & Gas Production,1582600.0,332.74165,2026-10-08
PNTG,The Pennant Group Inc.,Health Care,Medical/Nursing Services,34929074.0082593,1395.591152,2026-10-08
PNW,Pinnacle West Capital Corporation,Utilities,Electric Utilities: Central,121197233.99632803,11882.176821,2026-10-08
POAS,Phaos Technology Holdings (Cayman) Limited,Industrials,Industrial Machinery/Components,31572002.58397933,4.887346,2026-10-08
POCI,Precision Optics Corporation Inc.,Health Care,Biotechnology: Electromedical & Electrotherapeutic Apparatus,10972792.0,49.377564,2026-10-08
PODC,PodcastOne Inc.,Technology,Computer Software: Programming Data Processing,30252695.945945945,67.160985,2026-10-08
PODD,Insulet Corporation,Health Care,Medical/Dental Instruments,69354198.997996,9344.091231,2026-10-08
POET,POET Technologies Inc.,Technology,Semiconductors,173058087.9377432,1334.277858,2026-10-08
POLA,Polar Power Inc.,Miscellaneous,Industrial Machinery/Components,4309319.298245614,4.912624,2026-10-08
POLE,Andretti Acquisition Corp. II,,,0.0,0.0,2026-10-08
POLEU,Andretti Acquisition Corp. II Unit,,,0.0,0.0,2026-10-08
POLEW,Andretti Acquisition Corp. II Warrant,,,0.0,0.0,2026-10-08
POM,POMDOCTOR LIMITED,Consumer Discretionary,Other Specialty Stores,9267655.445544554,9.360332,2026-10-08
PONO,Pono Capital Four Inc.,Finance,Blank Checks,0.0,0.0,2026-10-08
PONY,Pony AI Inc.,Technology,EDP Services,433541553.0179445,2657.60972,2026-10-08
POOL,Pool Corporation,Consumer Discretionary,Industrial Specialties,36340746.99823053,5750.559805,2026-10-08
POR,Portland General Electric Co,Utilities,Electric Utilities: Central,117607740.00451772,5206.49465,2026-10-08
POST,Post Holdings Inc.,Consumer Staples,Packaged Foods,43956805.00545554,3222.912943,2026-10-08
POWI,Power Integrations Inc.,Technology,Semiconductors,55873297.99625468,2983.634113,2026-10-08
POWL,Powell Industries Inc.,Energy,Electrical Products,36432563.99921833,7457.381525,2026-10-08
POWW,Outdoor Holding Company,Industrials,Ordnance And Accessories,116060931.01851851,250.691611,2026-10-08
POWWP,Outdoor Holding Company 8.75% Series A Cumulative Redeemable Perpetual Preferred Stock,Industrials,Ordnance And Accessories,116060930.99875674,2800.550265,2026-10-08
PPBT,Purple Biotech Ltd.,Health Care,Biotechnology: Pharmaceutical Preparations,1626866.6666666667,2.391494,2026-10-08
PPC,Pilgrim's Pride Corporation,Consumer Staples,Meat/Poultry/Fish,238108523.98709214,6640.846734,2026-10-08
PPCB,Propanc Biopharma Inc.,Health Care,Biotechnology: Pharmaceutical Preparations,9831115.408100957,4.830027,2026-10-08
PPG,PPG Industries Inc.,Consumer Discretionary,Paints/Coatings,222300000.0,23679.396,2026-10-08
PPHC,Public Policy Holding Company Inc.,,,29895289.032258067,324.363886,2026-10-08
PPIH,Perma-Pipe International Holdings Inc.,Industrials,Pollution Control Equipment,8195179.00092507,265.769655,2026-10-08
PPL,PPL Corporation,Utilities,Electric Utilities: Central,752544841.0089021,25360.761142,2026-10-08
PPLC,PPL Corporation Corporate Units,Utilities,Electric Utilities: Central,752544841.0070361,34225.739369,2026-10-08
PPLI,People Incorporated,Technology,Computer Software: Programming Data Processing,74463924.99394527,3074.615463,2026-10-08
PPSI,Pioneer Power Solutions Inc.,Miscellaneous,Industrial Machinery/Components,11099266.141732285,35.24017,2026-10-08
PPT,Franklin Premier Income Trust Shares of Beneficial Interest,Finance,Finance Companies,99528263.1097561,326.452703,2026-10-08
PPTA,Perpetua Resources Corp.,Basic Materials,Precious Metals,125095803.00678952,2579.475458,2026-10-08
PR,Permian Resources Corporation,Energy,Oil & Gas Production,837557028.9932885,18719.399598,2026-10-08
PRAA,PRA Group Inc.,Finance,Finance Companies,37648005.98802395,754.46604,2026-10-08
PRAX,Praxis Precision Medicines Inc.,Health Care,Biotechnology: Pharmaceutical Preparations,27919987.998857714,7821.505438,2026-10-08
PRCH,Porch Group Inc.,Technology,Computer Software: Prepackaged Software,131832043.97204424,2263.556195,2026-10-08
PRCT,PROCEPT BioRobotics Corporation,Health Care,Medical/Dental Instruments,57273658.994860075,1002.861769,2026-10-08
PRDO,Perdoceo Education Corporation,Real Estate,Other Consumer Services,62577054.99064254,2006.220383,2026-10-08
PRE,Prenetics Global Limited Class A Ordinary Share,Finance,Blank Checks,16937720.0,345.529488,2026-10-08
PRFX,PRF Technologies Ltd.,Health Care,Biotechnology: Pharmaceutical Preparations,3499144.5126107703,3.079947,2026-10-08
PRG,PROG Holdings Inc.,Consumer Discretionary,Diversified Commercial Services,39831632.99232736,1245.93348,2026-10-08
PRGO,Perrigo Company plc,Health Care,Biotechnology: Pharmaceutical Preparations,138769245.0,1942.76943,2026-10-08
PRGS,Progress Software Corporation,Technology,Computer Software: Prepackaged Software,40874191.98924731,1520.519942,2026-10-08
PRH,Prudential Financial Inc. 5.950% Junior Subordinated Notes due 2062,Finance,Life Insurance,352000000.0,7156.16,2026-10-08
PRHI,Presurance Holdings Inc.,Finance,Property-Casualty Insurers,3746092.046936115,28.732526,2026-10-08
PRHIZ,Presurance Holdings Inc. 9.75% Senior Unsecured Notes due 2028,Finance,Property-Casualty Insurers,12222880.99078341,318.283821,2026-10-08
PRI,Primerica Inc.,Finance,Life Insurance,30777350.00179128,8590.881706,2026-10-08
PRIM,Primoris Services Corporation,Industrials,Water Sewer Pipeline Comm & Power Line Construction,53832326.99776392,4574.132825,2026-10-08
PRK,Park National Corporation,Finance,Major Banks,18064160.999556247,3256.606945,2026-10-08
PRKS,United Parks & Resorts Inc.,Consumer Discretionary,Services-Misc. Amusement & Recreation,45341309.002361275,1536.163549,2026-10-08
PRLB,Proto Labs Inc.,Industrials,Metal Fabrications,23921896.998355262,2327.12214,2026-10-08
PRLD,Prelude Therapeutics Incorporated,Health Care,Biotechnology: Pharmaceutical Preparations,79803485.03937007,304.051278,2026-10-08
PRM,Perimeter Solutions SA,Industrials,Major Chemicals,163686922.99091545,4684.719736,2026-10-08
PRMB,Primo Brands Corporation,Consumer Staples,Beverages (Production/Distribution),362354045.00520295,6964.444745,2026-10-08
PRME,Prime Medicine Inc.,Health Care,Biotechnology: Biological Products (No Diagnostic Substances),181376856.0,634.818996,2026-10-08
PROF,Profound Medical Corp.,Health Care,Medical/Dental Instruments,36532594.078947365,222.118172,2026-10-08
PROK,ProKidney Corp.,Health Care,Biotechnology: Biological Products (No Diagnostic Substances),302322655.0,483.716248,2026-10-08
PROP,Prairie Operating Co.,Energy,Oil & Gas Production,112798010.63022019,44.566494,2026-10-08
PROV,Provident Financial Holdings Inc.,Finance,Savings Institutions,6233958.006535948,114.455469,2026-10-08
PRPL,Purple Innovation Inc.,Consumer Discretionary,Home Furnishings,4353108.796296296,9.402715,2026-10-08
PRPO,Precipio Inc.,Industrials,Biotechnology: Laboratory Analytical Instruments,1790188.0170575695,41.979909,2026-10-08
PRQR,ProQR Therapeutics N.V.,Health Care,Biotechnology: Pharmaceutical Preparations,141121475.75757575,232.850435,2026-10-08
PRS,Prudential Financial Inc. 5.625% Junior Subordinated Notes due 2058,Finance,Life Insurance,352000000.0,6878.08,2026-10-08
PRSO,Peraso Inc.,Technology,Semiconductors,15064476.358815731,6.818182,2026-10-08
PRSU,Pursuit Attractions and Hospitality Inc.,Consumer Discretionary,Services-Misc. Amusement & Recreation,27264154.99715532,1437.638893,2026-10-08
PRT,PermRock Royalty Trust Units of Beneficial Interest,Energy,Oil & Gas Production,12165732.258064516,22.628262,2026-10-08
PRTA,Prothena Corporation plc,Health Care,Biotechnology: Pharmaceutical Preparations,51336973.94014963,411.722531,2026-10-08
PRTH,Priority Technology Holdings Inc.,Consumer Discretionary,Business Services,82440371.97943445,641.386094,2026-10-08
PRTS,CarParts.com Inc.,Consumer Discretionary,Auto & Home Supply Stores,8065432.0557491295,69.44337,2026-10-08
PRU,Prudential Financial Inc.,Finance,Life Insurance,345000000.0,39171.3,2026-10-08
PRVA,Privia Health Group Inc.,Health Care,Medical/Nursing Services,127734207.00197238,2590.449718,2026-10-08
PRZO,ParaZero Technologies Ltd.,Industrials,Military/Government/Technical,25928572.10776545,16.360929,2026-10-08
PS,Pershing Square Inc.,Finance,Investment Managers,400000000.0,23900.0,2026-10-08
PSA,Public Storage,Real Estate,Real Estate Investment Trusts,186852295.00087458,53411.728526,2026-10-08
PSBD,Palmer Square Capital BDC Inc.,,,0.0,0.0,2026-10-08
PSEC,Prospect Capital Corporation,Finance,Finance: Consumer Services,533816849.18032783,976.884834,2026-10-08
PSF,Cohen & Steers Select Preferred and Income Fund Inc.,Finance,Investment Managers,49138627.986725666,888.426394,2026-10-08
PSFE,Paysafe Limited,Consumer Discretionary,Business Services,52215471.942446046,290.318024,2026-10-08
PSHG,Performance Shipping Inc.,Consumer Discretionary,Marine Transportation,12431458.235294119,21.133479,2026-10-08
PSIG,PS International Group Ltd.,Industrials,Integrated Freight & Logistics,15380822.103004292,71.674631,2026-10-08
PSIX,Power Solutions International Inc.,Industrials,Industrial Machinery/Components,23065450.01043188,1105.527019,2026-10-08
PSMT,PriceSmart Inc.,Consumer Discretionary,Department/Specialty Retail Stores,30860524.0,5308.010128,2026-10-08
PSN,Parsons Corporation,Technology,EDP Services,106805393.99049881,4496.507087,2026-10-08
PSNL,Personalis Inc.,Health Care,Medical Specialities,106799871.99001871,1712.001948,2026-10-08
PSNY,Polestar Automotive Holding UK PLC,Industrials,Auto Manufacturing,164280129.00505903,974.181165,2026-10-08
PSNYW,Polestar Automotive Holding UK PLC Class C-1,Industrials,Auto Manufacturing,164280129.08653846,683.405337,2026-10-08
PSO,Pearson Plc,Consumer Discretionary,Books,601719893.0147059,9820.068654,2026-10-08
PSQH,PSQ Holdings Inc.,Consumer Discretionary,Advertising,3727167.9292929294,14.759585,2026-10-08
PSQL,Pasqal Holding SA Ordinary Share,Technology,EDP Services,212293690.93567252,1452.088846,2026-10-08
PSQLW,Pasqal Holding SA Warrant,Technology,EDP Services,212293690.74074072,229.277186,2026-10-08
PSTL,Postal Realty Trust Inc.,Real Estate,Real Estate Investment Trusts,30248872.983693257,686.346928,2026-10-08
PSUS,Pershing Square USA Ltd.,,,26150000.0,986.901,2026-10-08
PSX,Phillips 66,Energy,Integrated oil Companies,399020916.00133437,107651.852928,2026-10-08
PTA,Cohen & Steers Tax-Advantaged Preferred Securities and Income Fund,Finance,Trusts Except Educational Religious and Charitable,55273456.98486613,949.597991,2026-10-08
PTAC,Patriot Acquisition Corp.,Finance,Blank Checks,0.0,0.0,2026-10-08
PTACU,Patriot Acquisition Corp. Units,,,0.0,0.0,2026-10-08
PTC,PTC Inc.,Technology,Computer Software: Prepackaged Software,108506261.0,20941.708373,2026-10-08
PTCT,PTC Therapeutics Inc.,Health Care,Biotechnology: Pharmaceutical Preparations,83460801.99372056,5316.453087,2026-10-08
PTEN,Patterson-UTI Energy Inc.,Energy,Oil & Gas Production,381384873.97020155,4351.601412,2026-10-08
PTGX,Protagonist Therapeutics Inc.,Health Care,Biotechnology: Pharmaceutical Preparations,64708285.002523616,8974.392047,2026-10-08
PTHS,Pelthos Therapeutics Inc.,Health Care,Biotechnology: Biological Products (No Diagnostic Substances),3828468.9944134075,82.235514,2026-10-08
PTLE,PTL LTD,Energy,Oil Refining/Marketing,6281122.033898305,44.470344,2026-10-08
PTLO,Portillo's Inc.,Consumer Discretionary,Restaurants,75943224.07407407,287.065387,2026-10-08
PTN,Palatin Technologies Inc.,Health Care,Biotechnology: Pharmaceutical Preparations,1780939.0010626991,16.758636,2026-10-08
PTON,Peloton Interactive Inc.,Consumer Discretionary,Recreational Games/Products/Toys,438871801.02669406,2137.305671,2026-10-08
PTOR,Praetorian Acquisition Corp.,Finance,Blank Checks,0.0,0.0,2026-10-08
PTRN,Pattern Group Inc. Series A,Consumer Discretionary,Catalog/Specialty Distribution,177399089.00112233,3161.251766,2026-10-08
PTY,Pimco Corporate & Income Opportunity Fund,Finance,Investment Managers,0.0,0.0,2026-10-08
PUBM,PubMatic Inc.,Technology,Computer Software: Programming Data Processing,45550060.980926424,835.843619,2026-10-08
PUK,Prudential Public Limited Company,Finance,Life Insurance,1249797823.9837399,30745.02647,2026-10-08
PULM,Pulmatrix Inc.,Health Care,Biotechnology: Pharmaceutical Preparations,3652285.314685315,5.222768,2026-10-08
PUMP,ProPetro Holding Corp.,Energy,Oilfield Services/Equipment,122823916.99895069,1170.511929,2026-10-08
PURR,Hyperliquid Strategies Inc,Finance,Finance: Consumer Services,278271288.0,3478.3911,2026-10-08
PUSA,Powerus Corporation,Consumer Discretionary,Hotels/Resorts,162243582.13660246,463.205427,2026-10-08
PVH,PVH Corp.,Industrials,Garments and Clothing,46137833.00089503,3608.439919,2026-10-08
PVL,Permianville Royalty Trust Units of Beneficial Interest,Energy,Oil & Gas Production,33000000.0,60.06,2026-10-08
PVLA,Palvella Therapeutics Inc.,Health Care,Biotechnology: Pharmaceutical Preparations,14408407.0,1844.276096,2026-10-08
PW,Power REIT (MD),Real Estate,Real Estate Investment Trusts,367119.97146932955,2.573511,2026-10-08
PWCM,PowerCompute Inc.,Finance,Finance: Consumer Services,2421471.6981132072,2.56676,2026-10-08
PWP,Perella Weinberg Partners,Finance,Finance: Consumer Services,97311326.01416613,1511.244893,2026-10-08
PWR,Quanta Services Inc.,Industrials,Engineering & Construction,147329778.99966648,106012.615777,2026-10-08
PWRL,Powerlaw Corp.,,,0.0,0.0,2026-10-08
PXED,Phoenix Education Partners Inc.,Real Estate,Other Consumer Services,36047375.990491286,909.83577,2026-10-08
PXLW,Pixelworks Inc.,Technology,Computer Software: Prepackaged Software,6049392.932330826,40.228463,2026-10-08
PXS,Pyxis Tankers Inc.,Consumer Discretionary,Marine Transportation,10275139.000648929,79.169946,2026-10-08
PYPD,PolyPid Ltd.,Health Care,Medical/Dental Instruments,20311766.081871346,104.19936,2026-10-08
PYPL,PayPal Holdings Inc.,Industrials,Diversified Commercial Services,855460873.9974364,46716.718329,2026-10-08
PYT,PPlus Tr GSC-2 Tr Ctf Fltg Rate,Finance,Finance: Consumer Services,0.0,0.0,2026-10-08
PYXS,Pyxis Oncology Inc.,Health Care,Biotechnology: Pharmaceutical Preparations,119083007.92079207,240.547676,2026-10-08
PZG,Paramount Gold Nevada Corp.,Basic Materials,Metal Mining,86215380.67226891,102.596303,2026-10-08
PZZA,Papa John's International Inc.,Consumer Discretionary,Restaurants,32921686.976506643,644.606631,2026-10-08
Q,Qnity Electronics Inc.,Technology,Semiconductors,209208542.9993265,27956.537601,2026-10-08
QADR,QDRO Acquisition Corp.,Finance,Blank Checks,0.0,0.0,2026-10-08
QBTS,D-Wave Quantum Inc.,Technology,EDP Services,379626627.9924003,5994.304456,2026-10-08
QCLS,Q/C Technologies Inc.,Health Care,Biotechnology: In Vitro & In Vivo Diagnostic Substances,8189837.704680481,5.651807,2026-10-08
QCOM,QUALCOMM Incorporated,Technology,Radio And Television Broadcasting And Communications Equipment,1050233921.0020438,190123.846719,2026-10-08
QCRH,QCR Holdings Inc.,Finance,Major Banks,16375613.997172289,1621.513298,2026-10-08
QDEL,QuidelOrtho Corporation,Health Care,Biotechnology: In Vitro & In Vivo Diagnostic Substances,68575426.96897374,861.993117,2026-10-08
QETA,Quetta Acquisition Corporation,Finance,Blank Checks,0.0,0.0,2026-10-08
QETAU,Quetta Acquisition Corporation Unit,Finance,Blank Checks,0.0,0.0,2026-10-08
QFIN,Qfin Holdings Inc.,Finance,Finance: Consumer Services,121751883.98744112,775.559501,2026-10-08
QGEN,Qiagen N.V.,Health Care,Biotechnology: Biological Products (No Diagnostic Substances),206074752.9901424,9407.312474,2026-10-08
QH,Quhuo Limited,Consumer Discretionary,Business Services,2750892.941176471,9.353036,2026-10-08
QLEP,Quantum Leap Acquisition Corp,,,0.0,0.0,2026-10-08
QLYS,Qualys Inc.,Technology,Computer Software: Prepackaged Software,34595001.00035012,6916.57855,2026-10-08
QMCO,Quantum Corporation,Technology,Electronic Components,39410000.98595758,1319.052733,2026-10-08
QMLS,QumulusAI Inc.,Technology,EDP Services,33458514.935064934,206.104452,2026-10-08
QNBC,QNB Corp.,Finance,Major Banks,6048589.003511853,275.573715,2026-10-08
QNC,Quantum eMotion Corp.,,,219419669.9386503,357.654062,2026-10-08
QNCX,Quince Therapeutics Inc.,Health Care,Biotechnology: Biological Products (No Diagnostic Substances),1017062.9988810146,27.267459,2026-10-08
QNME,Quanome Technologies Inc.,Industrials,Integrated Freight & Logistics,34427559.85443401,17.974629,2026-10-08
QNRX,Quoin Pharmaceuticals Ltd.,Health Care,Biotechnology: Pharmaceutical Preparations,4804161.016949153,22.67564,2026-10-08
QNST,QuinStreet Inc.,Consumer Discretionary,Business Services,57223392.01065247,859.495348,2026-10-08
QNT,Quantinuum Inc.,Technology,EDP Services,265677669.9934196,12112.244975,2026-10-08
QNTM,Quantum Biopharma Ltd.,Health Care,Biotechnology: Pharmaceutical Preparations,8087521.0355987055,24.99044,2026-10-08
QQQX,Nuveen NASDAQ 100 Dynamic Overwrite Fund Shares of Beneficial Interest,Finance,Finance Companies,0.0,0.0,2026-10-08
QRED,QuasarEdge Acquisition Corporation,Finance,Blank Checks,0.0,0.0,2026-10-08
QRHC,Quest Resource Holding Corporation,Utilities,Environmental Services,21092855.88235294,28.686284,2026-10-08
QS,QuantumScape Corporation,Miscellaneous,Industrial Machinery/Components,619113507.0967741,2878.877808,2026-10-08
QSEA,Quartzsea Acquisition Corporation,Finance,Blank Checks,0.0,0.0,2026-10-08
QSI,Quantum-Si Incorporated,Industrials,Industrial Machinery/Components,218883912.29508197,267.038373,2026-10-08
QSR,Restaurant Brands International Inc.,Consumer Discretionary,Restaurants,454508892.99544424,31924.704644,2026-10-08
QTEX,QTREX Quantum Ltd.,Health Care,Medical/Dental Instruments,55963933.96226415,88.982655,2026-10-08
QTI,QT Imaging Holdings Inc.,Health Care,Biotechnology: Electromedical & Electrotherapeutic Apparatus,14636524.031007752,37.762232,2026-10-08
QTRX,Quanterix Corporation,Industrials,Biotechnology: Laboratory Analytical Instruments,47293065.11627907,162.688144,2026-10-08
QTTB,Q32 Bio Inc.,Health Care,Biotechnology: Pharmaceutical Preparations,29769465.967940815,241.430369,2026-10-08
QTWO,Q2 Holdings Inc.,Technology,Computer Software: Prepackaged Software,62354695.00174155,3580.406587,2026-10-08
QUAD,Quad Graphics Inc,Consumer Discretionary,Publishing,51461302.02342918,483.221626,2026-10-08
QUBT,Quantum Computing Inc.,Technology,Computer Software: Prepackaged Software,226346860.9414758,1779.086327,2026-10-08
QUCY,Quantum Cyber N.V.,Health Care,Biotechnology: Pharmaceutical Preparations,84068192.24806201,108.447968,2026-10-08
QUIK,QuickLogic Corporation,Technology,Semiconductors,18317740.9921671,210.470844,2026-10-08
QUMS,Quantumsphere Acquisition Corp.,,,0.0,0.0,2026-10-08
QURE,uniQure N.V.,Health Care,Biotechnology: Pharmaceutical Preparations,69366412.01214224,1599.589461,2026-10-08
QVCG,QVC Group Inc.,Consumer Discretionary,Catalog/Specialty Distribution,49999896.99474079,665.498629,2026-10-08
QXL,Quantum X Labs Inc.,Technology,Computer Software: Prepackaged Software,21567825.916870415,88.212408,2026-10-08
QXO,QXO Inc.,Consumer Discretionary,RETAIL: Building Materials,1037490709.0008258,12564.012486,2026-10-08
R,Ryder System Inc.,Consumer Discretionary,Rental/Leasing Companies,38346868.00186307,9056.379816,2026-10-08
RA,Brookfield Real Assets Income Fund Inc.,Finance,Investment Managers,0.0,0.0,2026-10-08
RAC,Rithm Acquisition Corp.,,,0.0,0.0,2026-10-08
RACC,Research Alliance Corporation III,Finance,Blank Checks,0.0,0.0,2026-10-08
RACD,Research Alliance Corporation IV,,,0.0,0.0,2026-10-08
RACE,Ferrari N.V.,Industrials,Auto Manufacturing,233944534.0,90419.562391,2026-10-08
RADX,Radiopharm Theranostics Limited,Health Care,Biotechnology: Pharmaceutical Preparations,14458498.305084746,17.061028,2026-10-08
RAIL,FreightCar America Inc.,Industrials,Railroads,32791280.0,216.422448,2026-10-08
RAIN,Rain Enhancement Technologies Holdco Inc.,Technology,Industrial Machinery/Components,11704050.463025097,8.720688,2026-10-08
RAINW,Rain Enhancement Technologies Holdco Inc. Warrants,Technology,Industrial Machinery/Components,11704052.94117647,1.989689,2026-10-08
RAL,Ralliant Corporation,Industrials,Industrial Machinery/Components,110640008.0016247,8171.870991,2026-10-08
RAMP,LiveRamp Holdings Inc.,Technology,EDP Services,60794981.99203187,2288.931072,2026-10-08
RAND,Rand Capital Corporation,Finance,Finance: Consumer Services,2969813.9698492466,29.549649,2026-10-08
RANG,Range Capital Acquisition Corp.,Finance,Blank Checks,0.0,0.0,2026-10-08
RANGR,Range Capital Acquisition Corp. Rights,Finance,Blank Checks,0.0,0.0,2026-10-08
RANI,Rani Therapeutics Holdings Inc.,Health Care,Biotechnology: Pharmaceutical Preparations,139395318.53281853,115.53084,2026-10-08
RAPP,Rapport Therapeutics Inc.,Health Care,Biotechnology: Pharmaceutical Preparations,47978286.00321028,1494.523609,2026-10-08
RARE,Ultragenyx Pharmaceutical Inc.,Health Care,Biotechnology: Pharmaceutical Preparations,98588873.02904564,1425.595104,2026-10-08
RAVE,Rave Restaurant Group Inc.,Consumer Discretionary,Food Distributors,14211565.938864628,32.544486,2026-10-08
RAYA,Erayak Power Solution Group Inc.,Consumer Discretionary,Metal Fabrications,1054710.2150537635,1.961761,2026-10-08
RBA,RB Global Inc.,Consumer Discretionary,Business Services,181536502.9981493,14713.533568,2026-10-08
RBB,RBB Bancorp,Finance,Major Banks,16915963.984674327,441.50666,2026-10-08
RBBN,Ribbon Communications Inc.,Technology,EDP Services,178823351.97740114,316.517333,2026-10-08
RBC,RBC Bearings Incorporated,Industrials,Metal Fabrications,31659244.999805517,16278.550594,2026-10-08
RBCAA,Republic Bancorp Inc.,Finance,Major Banks,19634151.002251044,1831.669947,2026-10-08
RBKB,Rhinebeck Bancorp Inc.,Finance,Banks,15635966.036308622,206.707471,2026-10-08
RBLX,Roblox Corporation,Technology,Computer Software: Prepackaged Software,714375941.000878,32546.967872,2026-10-08
RBNE,Robin Energy Ltd.,Consumer Discretionary,Marine Transportation,1332297.0903522205,2.957966,2026-10-08
RBRK,Rubrik Inc.,Technology,Computer Software: Prepackaged Software,207304432.99682036,26078.897671,2026-10-08
RC,Ready Capital Corporation,Real Estate,Real Estate Investment Trusts,165190991.9642857,185.013911,2026-10-08
RCAT,Red Cat Holdings Inc.,Technology,Computer Software: Prepackaged Software,152714361.9873817,968.209055,2026-10-08
RCBC,River City Bank,Finance,Major Banks,14199704.003656307,776.723809,2026-10-08
RCD,Ready Capital Corporation 9.00% Senior Notes due 2029,Real Estate,Real Estate Investment Trusts,0.0,0.0,2026-10-08
RCEL,Avita Medical Inc.,Health Care,Medical/Dental Instruments,30926847.036181677,401.739743,2026-10-08
RCG,RENN Fund Inc,Finance,Investment Managers,0.0,0.0,2026-10-08
RCI,Rogers Communication Inc.,Telecommunications,Cable & Other Pay Television Services,540224278.0032734,16503.851693,2026-10-08
RCKT,Rocket Pharmaceuticals Inc.,Health Care,Biotechnology: Pharmaceutical Preparations,109774597.17741935,272.241001,2026-10-08
RCKY,Rocky Brands Inc.,Consumer Discretionary,Shoe Manufacturing,7491910.996563573,348.823376,2026-10-08
RCL,Royal Caribbean Cruises Ltd.,Consumer Discretionary,Marine Transportation,267452084.0016622,77234.812818,2026-10-08
RCMT,RCM Technologies Inc.,Consumer Discretionary,Professional Services,7110758.992979907,293.745454,2026-10-08
RCON,Recon Technology Ltd.,Energy,Oilfield Services/Equipment,22195938.016528927,26.857085,2026-10-08
RCS,PIMCO Strategic Income Fund Inc.,Finance,Investment Managers,0.0,0.0,2026-10-08
RCT,RedCloud Holdings plc,Technology,Computer Software: Programming Data Processing,75931078.125,9.719178,2026-10-08
RCUS,Arcus Biosciences Inc.,Health Care,Biotechnology: Pharmaceutical Preparations,127333375.98846787,3091.654369,2026-10-08
RDAC,Rising Dragon Acquisition Corp.,,,0.0,0.0,2026-10-08
RDACU,Rising Dragon Acquisition Corp. Unit,Finance,Blank Checks,0.0,0.0,2026-10-08
RDAG,Republic Digital Acquisition Company,Finance,Blank Checks,0.0,0.0,2026-10-08
RDCM,Radcom Ltd.,Technology,Computer peripheral equipment,16690456.964457253,173.747657,2026-10-08
RDDT,Reddit Inc.,Technology,EDP Services,192396510.00335684,28657.460165,2026-10-08
RDGT,Ridgetech Inc.,Consumer Staples,Retail-Drug Stores and Proprietary Stores,3629539.7849462363,3.375472,2026-10-08
RDHL,Redhill Biopharma Ltd.,Health Care,Biotechnology: Pharmaceutical Preparations,6080919.421487603,2.943165,2026-10-08
RDI,Reading International Inc,Consumer Discretionary,Movies/Entertainment,22890126.775956284,41.888932,2026-10-08
RDIB,Reading International Inc,Consumer Discretionary,Movies/Entertainment,22890127.022900764,299.860664,2026-10-08
RDN,Radian Group Inc.,Finance,Property-Casualty Insurers,132301318.00058635,4512.797957,2026-10-08
RDNT,RadNet Inc.,Health Care,Medical Specialities,78697257.00056915,5530.843222,2026-10-08
RDNW,RideNow Group Inc.,Technology,EDP Services,39011087.90983607,190.374109,2026-10-08
RDVT,Red Violet Inc.,Technology,Computer Software: Prepackaged Software,16046975.006408613,1251.98499,2026-10-08
RDW,Redwire Corporation,Industrials,Military/Government/Technical,249992609.03954804,2654.921508,2026-10-08
RDWR,Radware Ltd.,Consumer Discretionary,Business Services,42306970.00652742,1296.285561,2026-10-08
RDY,Dr. Reddy's Laboratories Ltd,Health Care,Biotechnology: Pharmaceutical Preparations,834656969.9759808,10424.865555,2026-10-08
RDZN,Roadzen Inc.,Finance,Specialty Insurers,85165063.1147541,103.901377,2026-10-08
RDZNW,Roadzen Inc. Warrants,Finance,Specialty Insurers,85165060.0,8.516506,2026-10-08
REA,Rare Earths Americas Inc.,Basic Materials,Metal Mining,20512381.008902077,207.380172,2026-10-08
REAL,The RealReal Inc.,Consumer Discretionary,Other Specialty Stores,121671114.98405951,1144.925192,2026-10-08
REAX,Real REMAX Group Inc.,Finance,Real Estate,21920000.000000004,366.9408,2026-10-08
REBN,Reborn Coffee Inc.,Consumer Discretionary,Restaurants,8620121.904761905,18.102256,2026-10-08
RECT,Rectitude Holdings Ltd,Consumer Discretionary,Industrial Machinery/Components,15482750.4,19.353438,2026-10-08
REED,Reed's Inc.,Consumer Staples,Beverages (Production/Distribution),11857086.383601757,8.09839,2026-10-08
REF,Reformation Inc.,Consumer Discretionary,Apparel,59079320.015163004,779.256231,2026-10-08
REFI,Chicago Atlantic Real Estate Finance Inc.,Real Estate,Real Estate Investment Trusts,25621146.02040816,251.087231,2026-10-08
REFR,Research Frontiers Incorporated,Miscellaneous,Multi-Sector Companies,34867786.4619679,24.982769,2026-10-08
REG,Regency Centers Corporation,Real Estate,Real Estate Investment Trusts,183120547.00364044,13078.469467,2026-10-08
REGCO,Regency Centers Corporation 5.875% Series B Cumulative Redeemable Preferred Stock,Real Estate,Real Estate Investment Trusts,183120547.01923075,3808.907378,2026-10-08
REGCP,Regency Centers Corporation 6.25% Series A Cumulative Redeemable Preferred Stock,Real Estate,Real Estate Investment Trusts,183120547.0027248,4032.314445,2026-10-08
REGN,Regeneron Pharmaceuticals Inc.,Health Care,Biotechnology: Pharmaceutical Preparations,102954987.99951267,76054.908735,2026-10-08
REI,Ring Energy Inc.,Energy,Oil & Gas Production,260539606.7164179,349.123073,2026-10-08
REKR,Rekor Systems Inc.,Telecommunications,Telecommunications Equipment,137636493.82716048,44.594224,2026-10-08
RELL,Richardson Electronics Ltd.,Technology,Electronic Components,14864218.005249344,283.163353,2026-10-08
RELX,RELX PLC PLC,Consumer Discretionary,Business Services,1747560462.004114,59469.482522,2026-10-08
RELY,Remitly Global Inc.,Consumer Discretionary,Business Services,211684054.0086207,4911.070053,2026-10-08
RENT,Rent the Runway Inc.,Consumer Discretionary,Other Specialty Stores,33774121.21212121,55.7273,2026-10-08
RENX,RenX Enterprises Corp.,Utilities,Environmental Services,2646208.7628865982,5.133645,2026-10-08
REPL,Replimune Group Inc.,Health Care,Biotechnology: Biological Products (No Diagnostic Substances),94219634.03773585,1248.410151,2026-10-08
REPX,Riley Exploration Permian Inc.,Energy,Oil & Gas Production,22153785.001166318,949.732763,2026-10-08
RERE,ATRenew Inc.,Consumer Discretionary,Other Specialty Stores,219264996.0106383,824.436385,2026-10-08
RES,RPC Inc.,Energy,Oilfield Services/Equipment,221657011.9205298,1338.808352,2026-10-08
RETO,ReTo Eco-Solutions Inc. Class A Shares,Industrials,Industrial Machinery/Components,7467415.060240964,12.395909,2026-10-08
REVB,Revelation Biosciences Inc.,Health Care,Biotechnology: Pharmaceutical Preparations,3983416.644509439,2.996326,2026-10-08
REX,REX American Resources Corporation,Industrials,Major Chemicals,33175640.009082653,1461.055186,2026-10-08
REXR,Rexford Industrial Realty Inc.,Real Estate,Real Estate Investment Trusts,222988123.99456525,8205.962963,2026-10-08
REYN,Reynolds Consumer Products Inc.,Consumer Discretionary,Containers/Packaging,210790981.98924732,4704.854718,2026-10-08
REZI,Resideo Technologies Inc.,Industrials,Wholesale Distributors,151847378.01268497,2872.952392,2026-10-08
RF,Regions Financial Corporation,Finance,Major Banks,851929505.9889094,23044.693137,2026-10-08
RFAI,RF Acquisition Corp II,,,0.0,0.0,2026-10-08
RFAIR,RF Acquisition Corp II Right,Technology,Computer Software: Prepackaged Software,0.0,0.0,2026-10-08
RFAIU,RF Acquisition Corp II Unit,Technology,Computer Software: Prepackaged Software,0.0,0.0,2026-10-08
RFAM,RF Acquisition Corp III,,,0.0,0.0,2026-10-08
RFI,Cohen & Steers Total Return Realty Fund Inc.,Finance,Investment Managers,49138627.95801526,514.972821,2026-10-08
RFIL,RF Industries Ltd.,Technology,Electrical Products,10847760.969976906,93.94161,2026-10-08
RFL,Rafael Holdings Inc.,Health Care,Biotechnology: Pharmaceutical Preparations,51999995.973154366,77.479994,2026-10-08
RFM,RiverNorth Flexible Municipal Income Fund Inc.,Finance,Finance/Investors Services,6114698.994586234,79.063058,2026-10-08
RFMZ,RiverNorth Flexible Municipal Income Fund II Inc.,Finance,Finance/Investors Services,24351755.97592433,283.210922,2026-10-08
RGA,Reinsurance Group of America Incorporated,Finance,Life Insurance,65301664.99960182,16399.860148,2026-10-08
RGC,Regencell Bioscience Holdings Limited,Health Care, Medicinal Chemicals and Botanical Products ,494488908.0272109,3634.493474,2026-10-08
RGCO,RGC Resources Inc.,Utilities,Oil & Gas Production,10419556.012950972,225.270801,2026-10-08
RGEN,Repligen Corporation,Health Care,Biotechnology: Biological Products (No Diagnostic Substances),48923332.99782683,8554.734008,2026-10-08
RGLD,Royal Gold Inc.,Industrials,Precious Metals,84727857.00021335,19855.973288,2026-10-08
RGNT,Regentis Biomaterials Ltd.,Health Care,Industrial Specialties,7023921.212121213,11.58947,2026-10-08
RGNX,REGENXBIO Inc.,Health Care,Biotechnology: Biological Products (No Diagnostic Substances),66013191.946308725,491.79828,2026-10-08
RGP,Resources Connection Inc.,Consumer Discretionary,Business Services,34701301.89701897,128.047804,2026-10-08
RGR,Sturm Ruger & Company Inc.,Industrials,Ordnance And Accessories,15978255.990836198,697.450874,2026-10-08
RGS,Regis Corporation,Consumer Discretionary,Other Consumer Services,2500157.0084033613,74.379671,2026-10-08
RGT,Royce Global Trust Inc.,Finance,Trusts Except Educational Religious and Charitable,6266942.995839112,90.369318,2026-10-08
RGTI,Rigetti Computing Inc.,Technology,EDP Services,333768747.00065917,5063.271892,2026-10-08
RGTIW,Rigetti Computing Inc. Warrants,Technology,EDP Services,333768747.027027,1852.416546,2026-10-08
RH,RH,Consumer Discretionary,Other Specialty Stores,18933158.996244453,2218.208908,2026-10-08
RHI,Robert Half Inc.,Consumer Discretionary,Professional Services,102361828.007128,3446.522749,2026-10-08
RHLD,Resolute Holdings Management,Finance,Finance: Consumer Services,7819595.001729505,904.257966,2026-10-08
RHP,Ryman Hospitality Properties Inc. (REIT),Real Estate,Real Estate Investment Trusts,68983354.99958648,8340.777453,2026-10-08
RIBB,Ribbon Acquisition Corp,,,0.0,0.0,2026-10-08
RIBBR,Ribbon Acquisition Corp Rights,,,0.0,0.0,2026-10-08
RIBBU,Ribbon Acquisition Corp Unit,,,0.0,0.0,2026-10-08
RICK,RCI Hospitality Holdings Inc.,Consumer Discretionary,Restaurants,7644500.0,199.597895,2026-10-08
RIG,Transocean Ltd (Switzerland),Energy,Oil & Gas Production,1116880085.0,6031.152459,2026-10-08
RIGL,Rigel Pharmaceuticals Inc.,Health Care,Biotechnology: Pharmaceutical Preparations,18679863.99913251,861.328529,2026-10-08
RILY,BRC Group Holdings Inc.,Finance,Investment Managers,40199754.92957747,199.792782,2026-10-08
RILYG,BRC Group Holdings Inc. 5.00% Senior Notes due 2026,Finance,Investment Managers,30497066.011235952,759.986885,2026-10-08
RILYL,BRC Group Holdings Inc.,Finance,Investment Managers,40199755.0,385.917648,2026-10-08
RILYP,BRC Group Holdings Inc.,Finance,Investment Managers,40199755.027027026,371.847734,2026-10-08
RILYT,BRC Group Holdings Inc. 6.00% Senior Notes Due 2028,Finance,Investment Managers,30497066.005665723,645.927858,2026-10-08
RILYZ,BRC Group Holdings Inc. 5.25% Senior Notes due 2028,Finance,Investment Managers,30497066.011381276,589.508286,2026-10-08
RIME,Algorhythm Holdings Inc.,Technology,EDP Services,21066447.852760736,3.433831,2026-10-08
RIO,Rio Tinto Plc,Basic Materials,Metal Mining,1256038584.002503,120441.53982,2026-10-08
RIOT,Riot Platforms Inc.,Finance,Finance: Consumer Services,375258935.0237718,7103.65164,2026-10-08
RITM,Rithm Capital Corp.,Real Estate,Real Estate Investment Trusts,558407030.9468822,4835.804888,2026-10-08
RIV,RiverNorth Opportunities Fund Inc.,Finance,Finance Companies,0.0,0.0,2026-10-08
RIVN,Rivian Automotive Inc.,Industrials,Auto Manufacturing,1447860629.9793246,21008.457741,2026-10-08
RJET,Republic Airways Holdings Inc.,Consumer Discretionary,Air Freight/Delivery Services,46819500.0,823.555005,2026-10-08
RJF,Raymond James Financial Inc.,Finance,Investment Bankers/Brokers/Service,192361711.00169352,30668.227585,2026-10-08
RKDA,Arcadia Biosciences Inc.,Energy,Oil & Gas Production,2409211.409395973,0.717945,2026-10-08
RKLB,Rocket Lab Corporation,Industrials,Military/Government/Technical,627759738.9954703,47119.646009,2026-10-08
RKT,Rocket Companies Inc.,Finance,Finance: Consumer Services,2831642420.9663506,32818.735659,2026-10-08
RKTO,Rocket One Inc.,Health Care,Biotechnology: Pharmaceutical Preparations,24897580.553179353,17.463163,2026-10-08
RL,Ralph Lauren Corporation,Industrials,Garments and Clothing,59582238.99964738,21966.184052,2026-10-08
RLAY,Relay Therapeutics Inc.,Health Care,Biotechnology: Biological Products (No Diagnostic Substances),219141631.00320172,4106.714165,2026-10-08
RLGT,Radiant Logistics Inc.,Industrials,Integrated Freight & Logistics,46894270.03222341,436.585654,2026-10-08
RLI,RLI Corp.,Finance,Property-Casualty Insurers,91772970.00356889,5142.957239,2026-10-08
RLJ,RLJ Lodging Trust,Real Estate,Real Estate Investment Trusts,152375872.00357783,1703.562249,2026-10-08
RLMD,Relmada Therapeutics Inc.,Health Care,Biotechnology: Pharmaceutical Preparations,106669846.03658538,349.877095,2026-10-08
RLTY,Cohen & Steers Real Estate Opportunities and Income Fund,Finance,Investment Managers,0.0,0.0,2026-10-08
RLX,RLX Technology Inc.,Health Care, Medicinal Chemicals and Botanical Products ,1222254564.1176472,2077.832759,2026-10-08
RLYB,Rallybio Corporation,Health Care,Biotechnology: Pharmaceutical Preparations,5310499.004683841,90.703323,2026-10-08
RM,Regional Management Corp.,Finance,Finance: Consumer Services,9225793.99390244,302.606043,2026-10-08
RMBI,Richmond Mutual Bancorporation Inc.,Finance,Major Banks,16759046.007853404,256.078223,2026-10-08
RMBS,Rambus Inc.,Technology,Semiconductors,108461602.99763344,12374.384286,2026-10-08
RMCF,Rocky Mountain Chocolate Factory Inc.,Consumer Staples,Specialty Foods,9439587.381290251,8.647606,2026-10-08
RMCO,Royalty Management Holding Corporation,Miscellaneous,Multi-Sector Companies,15172708.0,37.93177,2026-10-08
RMD,ResMed Inc.,Health Care,Medical/Dental Instruments,140639243.0014953,31037.674538,2026-10-08
RMI,RiverNorth Opportunistic Municipal Income Fund Inc.,Finance,Finance/Investors Services,6373267.97385621,87.7599,2026-10-08
RMIX,Suncrete Inc.,Industrials,Building Materials,73485834.02597402,848.761383,2026-10-08
RML,Resolution Minerals Ltd,,,11198253.985507248,61.814362,2026-10-08
RMM,RiverNorth Managed Duration Municipal Income Fund Inc.,Finance,Trusts Except Educational Religious and Charitable,19739628.031496063,250.693276,2026-10-08
RMMZ,RiverNorth Managed Duration Municipal Income Fund II Inc.,Finance,Investment Managers,19739627.9969651,260.168297,2026-10-08
RMNI,Rimini Street Inc. (DE),Consumer Discretionary,Business Services,93356000.0,383.69316,2026-10-08
RMR,The RMR Group Inc.,Consumer Discretionary,Professional Services,32080225.97844583,565.574384,2026-10-08
RMSG,Real Messenger Corporation,Technology,Computer Software: Programming Data Processing,16168669.950738918,5.251584,2026-10-08
RMSGW,Real Messenger Corporation Warrants,Technology,Computer Software: Programming Data Processing,16168662.20735786,0.483443,2026-10-08
RMT,Royce Micro-Cap Trust Inc.,Finance,Investment Managers,46269106.969919294,630.647928,2026-10-08
RMTI,Rockwell Medical Inc.,Health Care,Biotechnology: Pharmaceutical Preparations,4030464.967320261,30.833057,2026-10-08
RNA,Atrium Therapeutics Inc.,Health Care,Biotechnology: Pharmaceutical Preparations,17105643.053817272,136.674088,2026-10-08
RNAC,Cartesian Therapeutics Inc.,Health Care,Biotechnology: Pharmaceutical Preparations,30255352.0,204.223626,2026-10-08
RNAQ,Rainier Acquisition Corporation,Finance,Blank Checks,0.0,0.0,2026-10-08
RNAQU,Rainier Acquisition Corporation Units,Finance,Blank Checks,0.0,0.0,2026-10-08
RNAZ,TransCode Therapeutics Inc.,Health Care,Biotechnology: Pharmaceutical Preparations,16930738.764044944,30.136715,2026-10-08
RNG,RingCentral Inc.,Technology,EDP Services,83506161.99844679,6451.686076,2026-10-08
RNGR,Ranger Energy Services Inc.,Energy,Oilfield Services/Equipment,23402023.003194887,366.24166,2026-10-08
RNGT,Range Capital Acquisition Corp II,Finance,Blank Checks,0.0,0.0,2026-10-08
RNP,Cohen & Steers REIT and Preferred and Income Fund Inc.,Finance,Investment Managers,49138628.01089918,901.693824,2026-10-08
RNR,RenaissanceRe Holdings Ltd.,Finance,Property-Casualty Insurers,41551892.999815054,13480.265127,2026-10-08
RNST,Renasant Corporation,Finance,Major Banks,91404465.0,3601.335921,2026-10-08
RNTX,Rein Therapeutics Inc.,Health Care,Biotechnology: Pharmaceutical Preparations,86267031.51515152,71.170301,2026-10-08
RNW,ReNew Energy Global plc,Utilities,Electric Utilities: Central,364402688.06404656,2503.446467,2026-10-08
RNXT,RenovoRx Inc.,Health Care,Biotechnology: Pharmaceutical Preparations,45129507.913669065,62.730016,2026-10-08
ROAD,Construction Partners Inc.,Industrials,Military/Government/Technical,57374555.00053254,5386.896969,2026-10-08
ROC,Rank One Computing Corporation,Technology,Computer Software: Prepackaged Software,19080127.07774799,71.168874,2026-10-08
ROCK,Gibraltar Industries Inc.,Industrials,Steel/Iron Ore,29683888.99509804,1211.102671,2026-10-08
ROG,Rogers Corporation,Industrials,Major Chemicals,17868335.0,2798.181261,2026-10-08
ROIV,Roivant Sciences Ltd.,Health Care,Biotechnology: Pharmaceutical Preparations,722323015.0014073,25664.136723,2026-10-08
ROK,Rockwell Automation Inc.,Industrials,Industrial Machinery/Components,111273952.99951191,50155.621575,2026-10-08
ROKU,Roku Inc.,Telecommunications,Cable & Other Pay Television Services,148418968.99907932,22568.588426,2026-10-08
ROL,Rollins Inc.,Consumer Discretionary,Diversified Commercial Services,481145403.9868204,14602.763011,2026-10-08
ROLR,High Roller Technologies Inc.,Consumer Discretionary,Services-Misc. Amusement & Recreation,11029313.071895424,50.624547,2026-10-08
ROMA,Roma Green Finance Limited,Consumer Discretionary,Professional Services,59564571.05263158,520.594351,2026-10-08
ROOT,Root Inc.,Finance,Property-Casualty Insurers,15493252.003391987,730.816697,2026-10-08
ROP,Roper Technologies Inc.,Industrials,Industrial Machinery/Components,98900874.0007729,35829.808633,2026-10-08
ROST,Ross Stores Inc.,Consumer Discretionary,Clothing/Shoe/Accessory Stores,319453109.999554,71624.581793,2026-10-08
RPAY,Repay Holdings Corporation,Consumer Discretionary,Business Services,89860646.99738903,344.166278,2026-10-08
RPC,Ridgepost Capital Inc.,Finance,Investment Managers,110238440.0250941,878.600367,2026-10-08
RPD,Rapid7 Inc.,Technology,Computer Software: Prepackaged Software,67400640.01629992,827.005853,2026-10-08
RPGL,Republic Power Group Limited,Technology,Computer Software: Prepackaged Software,1009242.9906542057,35.096425,2026-10-08
RPID,Rapid Micro Biosystems Inc.,Industrials,Biotechnology: Laboratory Analytical Instruments,50159555.484829195,47.280397,2026-10-08
RPM,RPM International Inc.,Consumer Discretionary,Paints/Coatings,127741412.00284813,12558.258214,2026-10-08
RPRX,Royalty Pharma plc,Health Care,Biotechnology: Pharmaceutical Preparations,575001204.0042523,32453.067954,2026-10-08
RPT,Rithm Property Trust Inc.,Real Estate,Real Estate Investment Trusts,7772563.963133641,84.332319,2026-10-08
RQI,Cohen & Steers Quality Income Realty Fund Inc,Finance,Trusts Except Educational Religious and Charitable,134300408.03249097,1488.048521,2026-10-08
RR,Richtech Robotics Inc.,Industrials,Industrial Machinery/Components,225101943.11377245,375.920245,2026-10-08
RRBI,Red River Bancshares Inc.,Finance,Major Banks,6584105.9966955,677.438666,2026-10-08
RRC,Range Resources Corporation,Energy,Oil & Gas Production,233679514.99250373,9351.85419,2026-10-08
RREV,RRE Ventures Acquisition Corp.,Finance,Blank Checks,0.0,0.0,2026-10-08
RREVW,RRE Ventures Acquisition Corp. Warrants,Finance,Blank Checks,0.0,0.0,2026-10-08
RRGB,Red Robin Gourmet Burgers Inc.,Consumer Discretionary,Restaurants,18903752.033492826,158.035367,2026-10-08
RRR,Red Rock Resorts Inc.,Consumer Discretionary,Hotels/Resorts,105016188.99135447,5466.092637,2026-10-08
RRX,Regal Rexnord Corporation,Industrials,Industrial Machinery/Components,66591866.999278665,11078.222994,2026-10-08
RS,Reliance Inc.,Industrials,Metal Fabrications,51054555.00012454,20497.893287,2026-10-08
RSF,RiverNorth Capital and Income Fund,Finance,Investment Managers,3341576.9930069926,47.784551,2026-10-08
RSG,Republic Services Inc.,Utilities,Environmental Services,306212978.0013039,65756.174896,2026-10-08
RSI,Rush Street Interactive Inc.,Consumer Discretionary,Services-Misc. Amusement & Recreation,231773357.97665372,4765.26024,2026-10-08
RSKD,Riskified Ltd.,Consumer Discretionary,Business Services,135966207.9589217,1059.17676,2026-10-08
RSSS,Research Solutions Inc,Technology,EDP Services,33762669.11764706,68.875845,2026-10-08
RSVR,Reservoir Media Inc.,Consumer Discretionary,Services-Misc. Amusement & Recreation,65930743.05120167,630.957211,2026-10-08
RTAC,Renatus Tactical Acquisition Corp I,Finance,Blank Checks,0.0,0.0,2026-10-08
RTACU,Renatus Tactical Acquisition Corp I Unit,Finance,Blank Checks,0.0,0.0,2026-10-08
RTACW,Renatus Tactical Acquisition Corp I Warrant,Finance,Blank Checks,0.0,0.0,2026-10-08
RTB,RTB Digital Inc.,Consumer Discretionary,Professional Services,14958673.997709049,130.589224,2026-10-08
RTO,Rentokil Initial plc,Consumer Discretionary,Other Consumer Services,504400000.0,10062.78,2026-10-08
RTX,RTX Corporation,Industrials,Aerospace,1347758144.0013094,247030.590214,2026-10-08
RUBI,Rubico Inc.,Consumer Discretionary,Marine Transportation,3565014.5237731235,2.331876,2026-10-08
RUM,RUM Group Inc.,Technology,Computer Software: Programming Data Processing,495810193.9869281,3792.947984,2026-10-08
RUMBW,RUM Group Inc. Warrant,Technology,Computer Software: Programming Data Processing,495810193.92265195,897.416451,2026-10-08
RUN,Sunrun Inc.,Miscellaneous,Industrial Machinery/Components,240846981.981982,1871.38105,2026-10-08
RUSHA,Rush Enterprises Inc.,Consumer Discretionary,Retail-Auto Dealers and Gas Stations,116730357.0031881,5492.163297,2026-10-08
RUSHB,Rush Enterprises Inc. Class B,Consumer Discretionary,Retail-Auto Dealers and Gas Stations,116730357.00389105,6599.934385,2026-10-08
RVI,Robinhood Ventures Fund I,,,0.0,0.0,2026-10-08
RVII,Robinhood Ventures Fund II,,,9066383.98249453,207.166874,2026-10-08
RVLV,Revolve Group Inc.,Consumer Discretionary,Catalog/Specialty Distribution,71085419.99057049,1507.721758,2026-10-08
RVMD,Revolution Medicines Inc.,Health Care,Biotechnology: Biological Products (No Diagnostic Substances),214336418.0017011,42839.419866,2026-10-08
RVMDW,Revolution Medicines Inc. Warrant,Health Care,Biotechnology: Biological Products (No Diagnostic Substances),214336417.98695245,2299.829765,2026-10-08
RVP,Retractable Technologies Inc.,Health Care,Medical/Dental Instruments,29937158.77840498,20.683583,2026-10-08
RVSB,Riverview Bancorp Inc,Finance,Savings Institutions,20160612.969283275,118.141192,2026-10-08
RVSN,Rail Vision Ltd. Ordinary Share,Industrials,Railroads,2192186.122265592,7.806594,2026-10-08
RVSNW,Rail Vision Ltd. Warrant,Industrials,Railroads,2192197.802197802,0.039898,2026-10-08
RVT,Royce Small-Cap Trust Inc.,Finance,Trusts Except Educational Religious and Charitable,107956715.02620849,1853.616797,2026-10-08
RVTY,Revvity Inc.,Industrials,Biotechnology: Laboratory Analytical Instruments,111586400.99804305,17106.195273,2026-10-08
RWAY,Runway Growth Finance Corp.,Finance,Finance: Consumer Services,41909904.0,267.175638,2026-10-08
RWAYI,Runway Growth Finance Corp. 7.25% Notes due 2031,Finance,Finance: Consumer Services,0.0,0.0,2026-10-08
RWAYL,Runway Growth Finance Corp. 7.50% Notes due 2027,Finance,Finance: Consumer Services,36216631.98887344,911.391544,2026-10-08
RWAYM,Runway Growth Finance Corp. 7.75% Notes Due 2031,Finance,Finance: Consumer Services,0.0,0.0,2026-10-08
RWT,Redwood Trust Inc.,Real Estate,Real Estate Investment Trusts,125612431.97674419,432.106766,2026-10-08
RWTN,Redwood Trust Inc. 9.125% Senior Notes Due 2029,Real Estate,Real Estate Investment Trusts,129223463.9801891,2870.053135,2026-10-08
RWTO,Redwood Trust Inc. 9.00% Senior Notes Due 2029,Real Estate,Real Estate Investment Trusts,129223464.02214022,2801.5647,2026-10-08
RWTP,Redwood Trust Inc. 9.125% Senior Notes Due 2030,Real Estate,Real Estate Investment Trusts,0.0,0.0,2026-10-08
RWTQ,Redwood Trust Inc. 9.500% Senior Notes Due 2030,Real Estate,Real Estate Investment Trusts,0.0,0.0,2026-10-08
RWTS,Redwood Trust Inc. 9.75% Senior Notes Due 2031,Real Estate,Real Estate Investment Trusts,0.0,0.0,2026-10-08
RXO,RXO Inc.,Consumer Discretionary,Transportation Services,164926127.99579537,4706.991693,2026-10-08
RXRX,Recursion Pharmaceuticals Inc.,Health Care,Biotechnology: Biological Products (No Diagnostic Substances),535342169.9784017,2478.634247,2026-10-08
RXST,RxSight Inc.,Health Care,Ophthalmic Goods,41593255.913978495,193.40864,2026-10-08
RXT,Rackspace Technology Inc.,Technology,Computer Software: Programming Data Processing,254872850.00000003,1024.588857,2026-10-08
RY,Royal Bank Of Canada,Finance,Commercial Banks,1384429799.0017827,271832.791034,2026-10-08
RYAAY,Ryanair Holdings plc,Consumer Discretionary,Air Freight/Delivery Services,526233788.99131835,29398.050622,2026-10-08
RYAM,Rayonier Advanced Materials Inc.,Basic Materials,Paper,67644207.95287187,459.304172,2026-10-08
RYAN,Ryan Specialty Holdings Inc.,Finance,Specialty Insurers,255814785.01305485,9797.706266,2026-10-08
RYDE,Ryde Group Ltd.,Consumer Discretionary,Business Services,180226306.35923043,122.716092,2026-10-08
RYET,Ruanyun Edai Technology Inc.,Technology,Computer Software: Prepackaged Software,37280004.09962078,36.3741,2026-10-08
RYM,RYTHM Inc.,Consumer Staples,Farming/Seeds/Milling,2200000.0,44.088,2026-10-08
RYN,Rayonier Inc. REIT,Real Estate,Real Estate Investment Trusts,297567290.98949695,5382.992294,2026-10-08
RYOJ,rYojbaba Co. Ltd.,Consumer Discretionary,Professional Services,11550000.0,31.7625,2026-10-08
RYTM,Rhythm Pharmaceuticals Inc.,Health Care,Biotechnology: Pharmaceutical Preparations,68852081.99845764,6249.703483,2026-10-08
RYZ,Ryerson Holding Corporation,Industrials,Metal Fabrications,51898652.994350284,1377.909237,2026-10-08
RZAI,Roze AI Inc.,Technology,EDP Services,55643388.973706536,656.035556,2026-10-08
RZC,Reinsurance Group of America Incorporated 7.125% Fixed-Rate Reset Subordinated Debentures due 2052,Finance,Life Insurance,65301664.992025524,1637.765758,2026-10-08
RZLT,Rezolute Inc.,Health Care,Biotechnology: Pharmaceutical Preparations,96722333.10185185,417.840479,2026-10-08
RZLV,Rezolve AI PLC,Technology,Computer Software: Programming Data Processing,400391766.04651165,860.842297,2026-10-08
RZLVW,Rezolve AI PLC Warrants,Technology,Computer Software: Programming Data Processing,400391765.45454544,220.215471,2026-10-08
S,SentinelOne Inc.,Technology,Computer Software: Prepackaged Software,348049117.0155039,8979.667219,2026-10-08
SA,Seabridge Gold Inc.,Basic Materials,Precious Metals,107871215.99854226,2959.986167,2026-10-08
SAAQ,Space Asset Acquisition Corp.,Finance,Blank Checks,0.0,0.0,2026-10-08
SAAQU,Space Asset Acquisition Corp. Units,Finance,Blank Checks,0.0,0.0,2026-10-08
SAAQW,Space Asset Acquisition Corp. Warrants,Finance,Blank Checks,0.0,0.0,2026-10-08
SABA,Saba Capital Income & Opportunities Fund II Shares of Beneficial Interest,,,0.0,0.0,2026-10-08
SABR,Sabre Corporation,Technology,Computer Software: Programming Data Processing,403583214.0625,774.879771,2026-10-08
SABS,SAB Biotherapeutics Inc.,Health Care,Biotechnology: Biological Products (No Diagnostic Substances),90986367.91808873,266.590058,2026-10-08
SABSW,SAB Biotherapeutics Inc. Warrant,Health Care,Biotechnology: Biological Products (No Diagnostic Substances),90986357.14285713,1.273809,2026-10-08
SAC,Safeguard Acquisition Corp.,Finance,Blank Checks,0.0,0.0,2026-10-08
SACH,Sachem Capital Corp.,Real Estate,Real Estate Investment Trusts,47954631.81818182,42.200076,2026-10-08
SAFE,Safehold Inc. New,Real Estate,Real Estate Investment Trusts,70816280.0,856.876988,2026-10-08
SAFT,Safety Insurance Group Inc.,Finance,Property-Casualty Insurers,14680481.999230325,1525.889299,2026-10-08
SAFX,XCF Global Inc.,Industrials,Major Chemicals,415296895.8677686,125.627311,2026-10-08
SAGT,SAGTEC GLOBAL LIMITED,Technology,Computer Software: Prepackaged Software,19900000.0,11.3828,2026-10-08
SAGU,Shreya Acquisition Group,Finance,Blank Checks,0.0,0.0,2026-10-08
SAH,Sonic Automotive Inc.,Consumer Discretionary,Retail-Auto Dealers and Gas Stations,31614802.0,1928.502922,2026-10-08
SAIA,Saia Inc.,Industrials,Trucking Freight/Courier Services,26674650.001463488,9113.394173,2026-10-08
SAIC,Science Applications International Corporation,Technology,EDP Services,41897635.00280921,5220.026345,2026-10-08
SAIH,SAIHEAT Limited,Technology,EDP Services,1810360.0,44.082266,2026-10-08
SAIHW,SAIHEAT Limited Warrant,Technology,EDP Services,1810370.3703703703,0.053768,2026-10-08
SAIL,SailPoint Inc.,Technology,Computer Software: Prepackaged Software,570911632.9984932,11366.850613,2026-10-08
SAIQ,WISeSat.Space Holdings Corp.,Consumer Discretionary,Telecommunications Equipment,32385051.937984496,167.106868,2026-10-08
SAJ,Saratoga Investment Corp 8.00% Notes due 2027,Finance,Investment Managers,15668130.999837697,395.794224,2026-10-08
SAM,Boston Beer Company Inc. (The),Consumer Staples,Beverages (Production/Distribution),10291681.000176087,1753.393692,2026-10-08
SAMG,Silvercrest Asset Management Group Inc.,Finance,Investment Managers,11847767.017208412,123.927643,2026-10-08
SAMO,Samos Energy Acquisition Corporation,,,0.0,0.0,2026-10-08
SAN,Banco Santander S.A.,Finance,Commercial Banks,14474708434.975018,202790.665174,2026-10-08
SANA,Sana Biotechnology Inc.,Health Care,Biotechnology: Biological Products (No Diagnostic Substances),299360637.09090906,823.241752,2026-10-08
SANG,Sangoma Technologies Corporation,Technology,Computer Software: Programming Data Processing,33514976.907216497,162.547638,2026-10-08
SANM,Sanmina Corporation,Technology,Electrical Products,53597356.00035077,12223.948983,2026-10-08
SAP,SAP  SE,Technology,Computer Software: Prepackaged Software,1228504232.0013304,258551.000667,2026-10-08
SAR,Saratoga Investment Corp New,Finance,Investment Managers,16080916.002530044,254.239282,2026-10-08
SARO,StandardAero Inc.,Industrials,Aerospace,330919430.9933142,6929.452885,2026-10-08
SATA,Strive Inc. Variable Rate Series A Perpetual Preferred Stock,Finance,Finance: Consumer Services,100938986.00139986,10094.90799,2026-10-08
SATL,Satellogic Inc.,Technology,Radio And Television Broadcasting And Communications Equipment,153739911.0707804,847.10691,2026-10-08
SATLW,Satellogic Inc. Warrant,Technology,Radio And Television Broadcasting And Communications Equipment,153739911.34348714,67.630187,2026-10-08
SAV,Saratoga Investment Corp 7.50% Notes due 2031,Finance,Investment Managers,0.0,0.0,2026-10-08
SAX,Saratoga Investment Corp 8.00% Notes due 2031,Finance,Investment Managers,0.0,0.0,2026-10-08
SAY,Saratoga Investment Corp 8.125% Notes due 2027,Finance,Investment Managers,15668130.98908754,395.850629,2026-10-08
SAZ,Saratoga Investment Corp 8.50% Notes due 2028,Finance,Investment Managers,15668131.012658227,396.090352,2026-10-08
SB,Safe Bulkers Inc,Consumer Discretionary,Marine Transportation,114244782.05128205,980.22023,2026-10-08
SBAC,SBA Communications Corporation,Real Estate,Real Estate Investment Trusts,106088110.0,18003.152267,2026-10-08
SBC,SBC Medical Group Holdings Incorporated,Health Care,Medical/Nursing Services,102846942.96435271,548.174206,2026-10-08
SBCF,Seacoast Banking Corporation of Florida,Finance,Major Banks,96822799.01295497,3138.995144,2026-10-08
SBCWW,SBC Medical Group Holdings Incorporated Warrants,Health Care,Medical/Nursing Services,102846942.22222222,46.281124,2026-10-08
SBET,Sharplink Inc.,Technology,Computer Software: Prepackaged Software,217223604.0,2063.624238,2026-10-08
SBFG,SB Financial Group Inc.,Finance,Major Banks,6252991.994572591,184.338204,2026-10-08
SBFM,Sunshine Biopharma Inc.,Health Care,Biotechnology: Pharmaceutical Preparations,4310301.58331239,1.715069,2026-10-08
SBGI,Sinclair Inc.,Industrials,Broadcasting,72318060.0308642,937.242058,2026-10-08
SBH,Sally Beauty Holdings Inc. (Name to be changed from Sally Holdings Inc.),Consumer Discretionary,Other Specialty Stores,93622292.00492004,1522.298468,2026-10-08
SBI,Western Asset Intermediate Muni Fund Inc,Finance,Finance/Investors Services,0.0,0.0,2026-10-08
SBLK,Star Bulk Carriers Corp.,Consumer Discretionary,Marine Transportation,111530150.0,3330.290279,2026-10-08
SBMT,Silver Bow Mining Corp.,Basic Materials,Precious Metals,29528500.0,237.99971,2026-10-08
SBR,Sabine Royalty Trust,Energy,Oil & Gas Production,14579345.003455427,1054.815611,2026-10-08
SBRA,Sabra Health Care REIT Inc.,Real Estate,Real Estate Investment Trusts,255462756.01464432,4884.447895,2026-10-08
SBS,Companhia de saneamento Basico Do Estado De Sao Paulo - Sabesp,Utilities,Water Supply,3524534024.9609985,22592.2631,2026-10-08
SBSI,Southside Bancshares Inc.,Finance,Major Banks,29807979.99337529,899.902916,2026-10-08
SBSW,D/B/A Sibanye-Stillwater Limited,Basic Materials,Precious Metals,707641815.984016,7083.494578,2026-10-08
SBUX,Starbucks Corporation,Consumer Discretionary,Restaurants,1140000000.0,109565.4,2026-10-08
SBXE,SilverBox Corp V,,,0.0,0.0,2026-10-08
SCAG,Scage Future,Consumer Discretionary,Construction/Ag Equipment/Trucks,72609663.71681416,16.409784,2026-10-08
SCAGW,Scage Future Warrants,Consumer Discretionary,Construction/Ag Equipment/Trucks,72609610.38961038,0.559094,2026-10-08
SCATU,Southern Cross Acquisition II Corp. Units,Finance,Blank Checks,0.0,0.0,2026-10-08
SCCD,Sachem Capital Corp. 6.00% Notes due 2026,Real Estate,Real Estate Investment Trusts,47342288.00968914,1172.668474,2026-10-08
SCCE,Sachem Capital Corp. 6.00% Notes due 2027,Real Estate,Real Estate Investment Trusts,47342287.98370672,1162.25317,2026-10-08
SCCF,Sachem Capital Corp. 7.125% Notes due 2027,Real Estate,Real Estate Investment Trusts,47342287.99348799,1163.200016,2026-10-08
SCCG,Sachem Capital Corp. 8.00% Notes due 2027,Real Estate,Real Estate Investment Trusts,47342288.01300284,1165.093708,2026-10-08
SCCO,Southern Copper Corporation,Basic Materials,Metal Mining,834331706.0021541,170420.594268,2026-10-08
SCD,LMP Capital and Income Fund Inc.,Finance,Trusts Except Educational Religious and Charitable,0.0,0.0,2026-10-08
SCHL,Scholastic Corporation,Consumer Discretionary,Books,18409443.98811132,681.333522,2026-10-08
SCHW,Charles Schwab Corporation (The),Finance,Investment Bankers/Brokers/Service,1729335713.9979339,167399.697115,2026-10-08
SCI,Service Corporation International,Consumer Discretionary,Other Consumer Services,136619473.99741268,10560.68534,2026-10-08
SCII,SC II Acquisition Corp. Class A ordinary share,,,0.0,0.0,2026-10-08
SCIIU,SC II Acquisition Corp. Units,,,0.0,0.0,2026-10-08
SCKT,Socket Mobile Inc.,Technology,Computer Manufacturing,8291680.722891566,6.882095,2026-10-08
SCL,Stepan Company,Consumer Discretionary,Package Goods/Cosmetics,22732540.006411284,1418.283171,2026-10-08
SCLX,Scilex Holding Company,Health Care,Biotechnology: Biological Products (No Diagnostic Substances),8493000.0,33.63228,2026-10-08
SCLXW,Scilex Holding Company Warrant,Health Care,Biotechnology: Biological Products (No Diagnostic Substances),8493000.0,0.8493,2026-10-08
SCM,Stellus Capital Investment Corporation,Finance,Finance/Investors Services,28479936.98630137,207.90354,2026-10-08
SCNI,Scinai Immunotherapeutics Ltd.,Health Care,Biotechnology: Biological Products (No Diagnostic Substances),1353227.8688524591,1.650938,2026-10-08
SCNX,Scienture Holdings Inc.,Health Care,Biotechnology: Pharmaceutical Preparations,1642565.9574468087,6.176048,2026-10-08
SCOR,comScore Inc.,Consumer Discretionary,Business Services,15184326.004728131,64.229699,2026-10-08
SCPQ,Social Commerce Partners Corporation,,,0.0,0.0,2026-10-08
SCPQU,Social Commerce Partners Corporation Unit,,,0.0,0.0,2026-10-08
SCSC,ScanSource Inc.,Technology,Retail: Computer Software & Peripheral Equipment,20142811.995405316,1227.502963,2026-10-08
SCTX,Scribe Therapeutics Inc.,Health Care,Biotechnology: Biological Products (No Diagnostic Substances),18931679.975505207,309.154334,2026-10-08
SCWO,374Water Inc.,Consumer Discretionary,Metal Fabrications,17718161.010830324,49.079306,2026-10-08
SCYX,SCYNEXIS Inc.,Health Care,Biotechnology: Pharmaceutical Preparations,9949609.090909092,48.156108,2026-10-08
SCZM,Santacruz Silver Mining Ltd.,Basic Materials,Precious Metals,92990284.04017857,833.192945,2026-10-08
SD,SandRidge Energy Inc.,Energy,Oil & Gas Production,37075296.00290698,510.156073,2026-10-08
SDA,SunCar Technology Group Inc.,Consumer Discretionary,Automotive Aftermarket,105647914.82028557,42.914183,2026-10-08
SDAWW,SunCar Technology Group Inc. Warrant,Consumer Discretionary,Automotive Aftermarket,105647915.10611735,8.462398,2026-10-08
SDEV,Stablecoin Development Corporation,Health Care,Biotechnology: Pharmaceutical Preparations,51751359.07692308,168.191917,2026-10-08
SDGR,Schrodinger Inc.,Health Care,Biotechnology: Pharmaceutical Preparations,74805627.99307959,2161.882649,2026-10-08
SDHC,Smith Douglas Homes Corp.,Consumer Discretionary,Homebuilding,50828380.96172719,517.941202,2026-10-08
SDHI,Siddhi Acquisition Corp,Finance,Blank Checks,0.0,0.0,2026-10-08
SDHY,PGIM Short Duration High Yield Opportunities Fund,Finance,Finance/Investors Services,24673055.976485956,377.744487,2026-10-08
SDOT,Sadot Group Inc.,Consumer Discretionary,Restaurants,3165178.037383178,33.867405,2026-10-08
SDRL,Seadrill Limited,Energy,Oil & Gas Production,62541443.00288312,2819.993665,2026-10-08
SDST,Stardust Power Inc.,Industrials,Major Chemicals,40577016.22971286,3.250219,2026-10-08
SDSTW,Stardust Power Inc. Warrant,Industrials,Major Chemicals,40577017.383348584,4.435068,2026-10-08
SE,Sea Limited,Consumer Discretionary,Other Consumer Services,612484522.0035222,59123.130909,2026-10-08
SEAT,Vivid Seats Inc.,Consumer Discretionary,Services-Misc. Amusement & Recreation,11712157.00325733,35.956322,2026-10-08
SEB,Seaboard Corporation,Industrials,Farming/Seeds/Milling,957794.0000340411,3939.109806,2026-10-08
SECZ,Securitize Corp.,Finance,Finance: Consumer Services,163265685.0393701,2073.4742,2026-10-08
SEDG,SolarEdge Technologies Inc.,Technology,Semiconductors,61525748.00235018,2094.336462,2026-10-08
SEED,Origin Agritech Limited,Consumer Staples,Farming/Seeds/Milling,12143525.888958203,9.733036,2026-10-08
SEER,Seer Inc.,Industrials,Biotechnology: Laboratory Analytical Instruments,55372015.06849315,121.264713,2026-10-08
SEG,Seaport Entertainment Group Inc.,Consumer Discretionary,Services-Misc. Amusement & Recreation,12809536.008869179,288.855037,2026-10-08
SEGG,Sports Entertainment Gaming Global Corporation,Technology,Computer Software: Prepackaged Software,3259487.1900826446,7.887959,2026-10-08
SEI,Solaris Energy Infrastructure Inc.,Consumer Discretionary,Oil and Gas Field Machinery,76566391.99498117,6102.341442,2026-10-08
SEIC,SEI Investments Company,Finance,Investment Bankers/Brokers/Service,120019182.00466654,12345.173061,2026-10-08
SELF,Global Self Storage Inc.,Real Estate,Real Estate Investment Trusts,11421420.0,55.964958,2026-10-08
SENEA,Seneca Foods Corp.,Consumer Staples,Packaged Foods,6769716.999183293,1160.464888,2026-10-08
SENEB,Seneca Foods Corp.,Consumer Staples,Packaged Foods,6769717.000499362,1220.106095,2026-10-08
SENS,Senseonics Holdings Inc.,Health Care,Medical/Dental Instruments,52874053.012048185,526.625568,2026-10-08
SEPN,Septerna Inc.,Health Care,Biotechnology: Pharmaceutical Preparations,46676946.98626296,1664.966699,2026-10-08
SER,Serina Therapeutics Inc.,Health Care,Biotechnology: Pharmaceutical Preparations,25400473.039215688,51.816965,2026-10-08
SERA,Sera Prognostics Inc.,Health Care,Medical Specialities,39449465.85365854,80.871405,2026-10-08
SERV,Serve Robotics Inc.,Industrials,Industrial Machinery/Components,86707506.918239,413.594808,2026-10-08
SES,SES AI Corporation,Miscellaneous,Industrial Machinery/Components,371287400.32907224,293.354175,2026-10-08
SEV,Aptera Motors Corp.,Industrials,Auto Manufacturing,40932498.192771085,67.947947,2026-10-08
SEVN,Seven Hills Realty Trust,Real Estate,Real Estate Investment Trusts,22656605.942028984,156.330581,2026-10-08
SEZL,Sezzle Inc.,Finance,Finance: Consumer Services,33675014.0021269,3799.88858,2026-10-08
SF,Stifel Financial Corporation,Finance,Investment Bankers/Brokers/Service,151001733.99885908,10588.241588,2026-10-08
SFB,Stifel Financial Corporation 5.20% Senior Notes due 2047,Finance,Investment Bankers/Brokers/Service,102173405.98060346,1896.338415,2026-10-08
SFBC,Sound Financial Bancorp Inc.,Finance,Savings Institutions,2568042.9965156796,110.554251,2026-10-08
SFBS,ServisFirst Bancshares Inc.,Finance,Major Banks,109345019.98966943,4233.839174,2026-10-08
SFD,Smithfield Foods Inc.,Consumer Staples,Meat/Poultry/Fish,393767430.99041533,7394.952354,2026-10-08
SFHG,Samfine Creation Holdings Group Limited Class A Ordinary Share,Consumer Discretionary,Publishing,4060000.0,8.6072,2026-10-08
SFIX,Stitch Fix Inc.,Consumer Discretionary,Catalog/Specialty Distribution,133603686.89138578,356.721844,2026-10-08
SFL,SFL Corporation Ltd,Consumer Discretionary,Marine Transportation,132992783.9849624,1768.804027,2026-10-08
SFM,Sprouts Farmers Market Inc.,Consumer Staples,Food Chains,93247624.99616387,6076.947721,2026-10-08
SFNC,Simmons First National Corporation,Finance,Major Banks,144513789.02169102,3264.566494,2026-10-08
SFST,Southern First Bancshares Inc.,Finance,Major Banks,9471754.996690933,572.472872,2026-10-08
SFWL,Shengfeng Development Limited,Industrials,Trucking Freight/Courier Services,5499834.0,49.498506,2026-10-08
SG,Sweetgreen Inc.,Consumer Discretionary,Restaurants,119041314.98905908,1088.037619,2026-10-08
SGA,Saga Communications Inc.,Consumer Discretionary,Broadcasting,6357988.052568698,53.21636,2026-10-08
SGC,Superior Group of Companies Inc.,Consumer Discretionary,Apparel,15945200.996168582,208.084873,2026-10-08
SGHC,Super Group (SGHC) Limited,Consumer Discretionary,Services-Misc. Amusement & Recreation,508076788.01399827,5807.317687,2026-10-08
SGHT,Sight Sciences Inc.,Health Care,Medical/Dental Instruments,55087989.953271024,471.553194,2026-10-08
SGI,Somnigroup International Inc.,Consumer Discretionary,Home Furnishings,230239190.00637552,14445.206781,2026-10-08
SGLD,Scorpio Gold Corporation,,,17308210.109289616,63.348049,2026-10-08
SGLY,Singularity Future Technology Ltd.,Industrials,Integrated Freight & Logistics,5403788.16199377,4.33654,2026-10-08
SGML,Sigma Lithium Corporation,Basic Materials,Metal Mining,112568312.97631307,1093.038319,2026-10-08
SGMT,Sagimet Biosciences Inc. Series A,Health Care,Biotechnology: Pharmaceutical Preparations,70532943.94977169,617.868589,2026-10-08
SGP,SpyGlass Pharma Inc.,Health Care,Medical/Dental Instruments,33447979.015334945,828.84092,2026-10-08
SGRX,SANGRIX INC.,Finance,Finance: Consumer Services,1902978.0234241346,1.446073,2026-10-08
SGRY,Surgery Partners Inc.,Health Care,Hospital/Nursing Management,130918260.02982849,1755.613867,2026-10-08
SGU,Star Group L.P.,Consumer Discretionary,Other Specialty Stores,32811215.99690881,424.577135,2026-10-08
SHAK,Shake Shack Inc.,Consumer Discretionary,Restaurants,42798937.99721406,2765.239384,2026-10-08
SHAZ,SharonAI Holdings Inc.,Technology,EDP Services,35803505.00831255,1722.864661,2026-10-08
SHBI,Shore Bancshares Inc,Finance,Major Banks,33372275.98233996,755.882051,2026-10-08
SHC,Sotera Health Company,Health Care,Misc Health and Biotechnology Services,285374795.01369864,5208.090009,2026-10-08
SHEL,Shell PLC,Energy,Oil & Gas Production,2766072838.998156,270024.030543,2026-10-08
SHEN,Shenandoah Telecommunications Co,Telecommunications,Telecommunications Equipment,53364680.0,613.69382,2026-10-08
SHFS,SHF Holdings Inc.,Finance,Finance: Consumer Services,1027746.0362805314,0.719525,2026-10-08
SHFSW,SHF Holdings Inc. Warrants,Finance,Finance: Consumer Services,1027739.1304347826,0.011819,2026-10-08
SHG,Shinhan Financial Group Co Ltd,Finance,Major Banks,474654361.0062893,36980.321266,2026-10-08
SHIM,Shimmick Corporation,Industrials,Military/Government/Technical,41335822.95597484,131.447917,2026-10-08
SHIP,Seanergy Maritime Holdings Corp.,Consumer Discretionary,Marine Transportation,21667698.0,379.184715,2026-10-08
SHLS,Shoals Technologies Group Inc.,Technology,Semiconductors,168299950.05889282,1428.866576,2026-10-08
SHMD,SCHMID Group N.V.,Technology,Industrial Machinery/Components,66637953.9503386,295.206136,2026-10-08
SHMDW,SCHMID Group N.V. Warrants,Technology,Industrial Machinery/Components,66637953.7735849,70.636231,2026-10-08
SHO,Sunstone Hotel Investors Inc. Sunstone Hotel Investors Inc.,Consumer Discretionary,Hotels/Resorts,185943940.99821746,2086.291018,2026-10-08
SHOE,Shoe Station Group Inc.,Consumer Discretionary,Clothing/Shoe/Accessory Stores,27183815.03067485,354.476948,2026-10-08
SHOO,Steven Madden Ltd.,Consumer Discretionary,Shoe Manufacturing,73177094.99780606,3335.41199,2026-10-08
SHOP,Shopify Inc.,Technology,Computer Software: Prepackaged Software,1295811025.0,213083.164951,2026-10-08
SHOT,RMG ML Sports Holdings,,,0.0,0.0,2026-10-08
SHOTU,RMG ML Sports Holdings Unit,,,0.0,0.0,2026-10-08
SHPH,Shuttle Pharmaceuticals Holdings Inc.,Health Care,Biotechnology: Pharmaceutical Preparations,4764696.059113301,19.344666,2026-10-08
SHW,Sherwin-Williams Company (The),Consumer Discretionary,RETAIL: Building Materials,242758150.9995018,77964.207775,2026-10-08
SI,Shoulder Innovations Inc.,Health Care,Medical/Dental Instruments,20818957.001044933,398.474837,2026-10-08
SIBN,SI-BONE Inc.,Health Care,Medical/Dental Instruments,44818574.98721228,876.203141,2026-10-08
SID,Companhia Siderurgica Nacional S.A.,Industrials,Steel/Iron Ore,1326093947.1544716,1631.095555,2026-10-08
SIDU,Sidus Space Inc.,Telecommunications,Telecommunications Equipment,101225325.86206897,176.132067,2026-10-08
SIEB,Siebert Financial Corp.,Finance,Investment Bankers/Brokers/Service,41100936.03603603,91.244078,2026-10-08
SIF,SIFCO Industries Inc.,Industrials,Aerospace,6254127.987831377,143.907485,2026-10-08
SIFY,Sify Technologies Limited,Technology,Computer Software: Programming Data Processing,72434614.99250375,966.277764,2026-10-08
SIG,Signet Jewelers Limited,Consumer Discretionary,Consumer Specialties,38317242.99706171,3912.19051,2026-10-08
SIGA,SIGA Technologies Inc.,Health Care,Biotechnology: Pharmaceutical Preparations,71849716.10942249,236.385566,2026-10-08
SIGI,Selective Insurance Group Inc.,Finance,Property-Casualty Insurers,59569119.00495167,5052.652674,2026-10-08
SIGIP,Selective Insurance Group Inc.,Finance,Property-Casualty Insurers,59569118.98734178,894.132476,2026-10-08
SII,Sprott Inc.,Finance,Finance: Consumer Services,25800000.0,3080.778,2026-10-08
SILC,Silicom Ltd,Telecommunications,Computer Communications Equipment,5747610.99756691,354.340218,2026-10-08
SILO,Silo Pharma Inc.,Health Care,Biotechnology: Pharmaceutical Preparations,1753250.3448275863,2.542213,2026-10-08
SIM,Grupo Simec S.A.B. de C.V.,Industrials,Steel/Iron Ore,165903071.01045296,4761.418138,2026-10-08
SIMA,SIM Acquisition Corp. I,Miscellaneous,Industrial Machinery/Components,0.0,0.0,2026-10-08
SIMO,Silicon Motion Technology Corporation,Technology,Semiconductors,33908235.00140371,9662.490646,2026-10-08
SIND,Sinda Ltd.,Basic Materials,Precious Metals,158790884.98141265,2135.737403,2026-10-08
SINT,SiNtx Technologies Inc.,Health Care,Medical/Dental Instruments,6664533.944954128,14.528684,2026-10-08
SION,Sionna Therapeutics Inc.,Health Care,Biotechnology: Pharmaceutical Preparations,45212398.94736842,214.758895,2026-10-08
SIRI,SiriusXM Holdings Inc.,Consumer Discretionary,Broadcasting,337066891.0091047,8885.083247,2026-10-08
SITC,SITE Centers Corp.,Real Estate,Real Estate Investment Trusts,52475339.0625,167.921085,2026-10-08
SITE,SiteOne Landscape Supply Inc.,Consumer Discretionary,Professional and commerical equipment,43655389.996683985,3949.503133,2026-10-08
SITM,SiTime Corporation,Technology,Semiconductors,30071035.999774985,21382.310858,2026-10-08
SJ,Scienjoy Holding Corporation,Technology,EDP Services,42462768.225238815,42.229223,2026-10-08
SJM,The J.M. Smucker Company,Consumer Staples,Packaged Foods,106823182.99657534,12476.947774,2026-10-08
SJT,San Juan Basin Royalty Trust,Energy,Oil & Gas Production,46608796.04221636,176.647337,2026-10-08
SKE,Skeena Resources Limited,Basic Materials,Precious Metals,125462705.00797448,3933.255802,2026-10-08
SKHY,SK hynix Inc.,Technology,Semiconductors,7288655000.0,1330616.8568,2026-10-08
SKIL,Skillsoft Corp.,Technology,Computer Software: Prepackaged Software,9100443.923611112,52.418557,2026-10-08
SKIN,SkinHealth Systems Inc.,Health Care,Medical/Dental Instruments,130140762.79863483,76.262487,2026-10-08
SKK,SKK Holdings Limited,Industrials,Water Sewer Pipeline Comm & Power Line Construction,3190596.043956044,14.517212,2026-10-08
SKM,SK Telecom Co. Ltd.,Telecommunications,Telecommunications Equipment,383579999.99999994,13981.491,2026-10-08
SKT,Tanger Inc.,Real Estate,Real Estate Investment Trusts,114878989.00973098,4013.871876,2026-10-08
SKWD,Skyward Specialty Insurance Group Inc.,Finance,Property-Casualty Insurers,44396493.00761197,2507.95789,2026-10-08
SKY,Champion Homes Inc.,Consumer Discretionary,Homebuilding,54280133.996972874,4662.120709,2026-10-08
SKYA,SkyAI Inc.,Health Care,Medical/Dental Instruments,43247505.85106383,81.305311,2026-10-08
SKYAW,SkyAI Inc. Warrant,Technology,EDP Services,43247513.96648045,1.548261,2026-10-08
SKYD,Skydance Corporation,Industrials,Broadcasting,2243891558.027282,21384.286548,2026-10-08
SKYE,Skye Bioscience Inc.,Health Care,Biotechnology: Pharmaceutical Preparations,4427677.1604938265,7.172837,2026-10-08
SKYH,Sky Harbour Group Corporation,Finance,Real Estate,81629508.01282051,764.052195,2026-10-08
SKYQ,Sky Quarry Inc.,Industrials,Environmental Services,8833390.196078433,22.525145,2026-10-08
SKYW,SkyWest Inc.,Consumer Discretionary,Air Freight/Delivery Services,38828325.0025586,3793.915636,2026-10-08
SKYX,SKYX Platforms Corp.,Consumer Discretionary,Building Products,135430993.80530974,153.037023,2026-10-08
SLAB,Silicon Laboratories Inc.,Technology,Semiconductors,33366761.000808552,7428.108334,2026-10-08
SLB,SLB Limited,Energy,Oilfield Services/Equipment,1484143231.0,74207.16155,2026-10-08
SLBT,SL Science Holding Limited,Health Care,Biotechnology: Biological Products (No Diagnostic Substances),560759757.2368422,852.354831,2026-10-08
SLDB,Solid Biosciences Inc.,Health Care,Biotechnology: Biological Products (No Diagnostic Substances),107225238.00578035,741.998647,2026-10-08
SLDE,Slide Insurance Holdings Inc.,Finance,Property-Casualty Insurers,116811719.00376727,2790.631967,2026-10-08
SLDP,Solid Power Inc.,Miscellaneous,Industrial Machinery/Components,228181211.9148936,536.225848,2026-10-08
SLDPW,Solid Power Inc. Warrant,Miscellaneous,Industrial Machinery/Components,228181210.5263158,4.335443,2026-10-08
SLE,Super League Enterprise Inc.,Technology,EDP Services,3008498.0119284294,15.132745,2026-10-08
SLF,Sun Life Financial Inc.,Finance,Life Insurance,556864804.0010291,43285.101215,2026-10-08
SLG,SL Green Realty Corp,Real Estate,Real Estate Investment Trusts,70849907.00413223,3429.135499,2026-10-08
SLGB,Smart Logistics Global Limited,Industrials,Integrated Freight & Logistics,45000000.0,12.681,2026-10-08
SLGL,Sol-Gel Technologies Ltd.,Health Care,Biotechnology: Pharmaceutical Preparations,3273998.9952406134,247.645284,2026-10-08
SLGN,Silgan Holdings Inc.,Industrials,Containers/Packaging,105682019.9943198,3721.063924,2026-10-08
SLI,Standard Lithium Ltd.,Industrials,Major Chemicals,246784161.84971097,426.9366,2026-10-08
SLM,SLM Corporation,Finance,Finance: Consumer Services,187946958.01594332,4243.842312,2026-10-08
SLMBP,SLM Corporation Floating Rate Non-Cumulative Preferred Stock Series B,Finance,Finance: Consumer Services,187946958.00188756,13940.025875,2026-10-08
SLMT,Brera Holdings PLC,Consumer Discretionary,Services-Misc. Amusement & Recreation,11009293.877551021,43.156432,2026-10-08
SLN,Silence Therapeutics Plc American Depository Share,Health Care,Biotechnology: Pharmaceutical Preparations,62153800.0,610.971854,2026-10-08
SLND,Southland Holdings Inc.,Industrials,Military/Government/Technical,54435256.94444445,39.193385,2026-10-08
SLNG,Stabilis Solutions Inc.,Utilities,Oil/Gas Transmission,18596300.93632959,99.304247,2026-10-08
SLNH,Soluna Holdings Inc.,Technology,EDP Services,246702046.66666666,259.037149,2026-10-08
SLNHP,Soluna Holdings Inc 9.0% Series A Cumulative Perpetual Preferred Stock,Technology,EDP Services,246702046.97986576,2940.6884,2026-10-08
SLQT,SelectQuote Inc.,Finance,Specialty Insurers,179261800.0,68.119484,2026-10-08
SLRC,SLR Investment Corp.,Finance,Finance/Investors Services,54554634.03324585,623.559467,2026-10-08
SLS,SELLAS Life Sciences Group Inc.,Health Care,Biotechnology: Pharmaceutical Preparations,201945708.99470899,2290.06434,2026-10-08
SLSN,Solesence Inc.,Consumer Discretionary,Package Goods/Cosmetics,70647044.48887777,56.531765,2026-10-08
SLSR,Solaris Resources Inc.,,,167035328.0504909,1190.961889,2026-10-08
SLVM,Sylvamo Corporation,Basic Materials,Paper,39760242.99604984,1308.509597,2026-10-08
SLXN,Silexion Therapeutics Corp,Health Care,Biotechnology: Biological Products (No Diagnostic Substances),14473291.476407915,3.803581,2026-10-08
SM,SM Energy Company,Energy,Oil & Gas Production,237854068.005698,8348.677787,2026-10-08
SMA,SmartStop Self Storage REIT Inc.,Real Estate,Real Estate Investment Trusts,55368902.98822819,1834.371756,2026-10-08
SMBC,Southern Missouri Bancorp Inc.,Finance,Banks,11013278.99734674,788.660909,2026-10-08
SMBK,SmartFinancial Inc.,Finance,Major Banks,17098472.995121952,876.296741,2026-10-08
SMC,Summit Midstream Corporation,Utilities,Natural Gas Distribution,20308085.007541478,673.213018,2026-10-08
SMCI,Super Micro Computer Inc.,Technology,Computer Manufacturing,656965384.0082835,28551.715589,2026-10-08
SMCIP,Super Micro Computer Inc.,Technology,Computer Manufacturing,656965383.9983431,47584.002763,2026-10-08
SMFG,Sumitomo Mitsui Financial Group Inc Unsponsored,Finance,Commercial Banks,4561349872.009292,117819.667194,2026-10-08
SMG,Scotts Miracle-Gro Company (The),Industrials,Agricultural Chemicals,58220273.99049881,2941.288242,2026-10-08
SMHI,SEACOR Marine Holdings Inc.,Consumer Discretionary,Marine Transportation,27132826.014319807,227.373082,2026-10-08
SMID,Smith-Midland Corporation,Industrials,Building Materials,5304605.9982094895,118.504898,2026-10-08
SMJF,SMJ International Holdings Inc.,Consumer Discretionary,RETAIL: Building Materials,27705000.0,47.92965,2026-10-08
SMMT,Summit Therapeutics Inc.,Health Care,Biotechnology: Pharmaceutical Preparations,797749602.0219526,13809.045611,2026-10-08
SMP,Standard Motor Products Inc.,Consumer Discretionary,Auto Parts:O.E.M.,22340292.997870073,839.101405,2026-10-08
SMPL,The Simply Good Foods Company,Consumer Staples,Packaged Foods,88460544.97991967,881.067028,2026-10-08
SMR,NuScale Power Corporation,Industrials,Metal Fabrications,429723271.9451372,3446.380641,2026-10-08
SMRT,SmartRent Inc.,Technology,EDP Services,191611799.1666667,229.934159,2026-10-08
SMSI,Smith Micro Software Inc.,Technology,Computer Software: Prepackaged Software,5589880.0766283525,14.589587,2026-10-08
SMTC,Semtech Corporation,Technology,Semiconductors,93325625.99898581,18403.813447,2026-10-08
SMTI,Sanara MedTech Inc.,Health Care,Industrial Specialties,9188035.0,321.581225,2026-10-08
SMTK,SmartKem Inc.,Technology,Semiconductors,1035799.1379310346,1.201527,2026-10-08
SMWB,Similarweb Ltd.,Technology,Computer Software: Programming Data Processing,86966452.05479452,698.34061,2026-10-08
SMX,SMX (Security Matters) Public Limited Company,Technology,Industrial Machinery/Components,1088607.9155672824,4.125824,2026-10-08
SMXT,Solarmax Technology Inc.,Consumer Discretionary,Engineering & Construction,4742214.912280702,16.218375,2026-10-08
SMXWW,SMX (Security Matters) Public Limited Company Warrant,Technology,Industrial Machinery/Components,1088613.1386861315,0.014914,2026-10-08
SN,SharkNinja Inc.,Consumer Discretionary,Consumer Electronics/Appliances,140871551.99761802,26021.793085,2026-10-08
SNA,Snap-On Incorporated,Consumer Discretionary,Industrial Machinery/Components,51727124.00097664,19067.135178,2026-10-08
SNAL,Snail Inc.,Technology,Computer Software: Prepackaged Software,8955810.869565219,20.598365,2026-10-08
SNAP,Snap Inc.,Technology,Computer Software: Programming Data Processing,1691197711.9377162,9775.122775,2026-10-08
SND,Smart Sand Inc.,Industrials,Mining & Quarrying of Nonmetallic Minerals (No Fuels),42399061.09022556,225.563005,2026-10-08
SNDA,Sonida Senior Living Inc.,Health Care,Hospital/Nursing Management,48047990.00538793,1783.541389,2026-10-08
SNDK,Sandisk Corporation,Technology,Electronic Components,146419000.99972296,243122.8944,2026-10-08
SNDL,SNDL Inc.,Health Care, Medicinal Chemicals and Botanical Products ,246120843.0894309,302.728637,2026-10-08
SNDR,Schneider National Inc.,Industrials,Trucking Freight/Courier Services,175300898.98734176,5539.508408,2026-10-08
SNDX,Syndax Pharmaceuticals Inc.,Health Care,Biotechnology: Pharmaceutical Preparations,89297086.01036268,1551.090384,2026-10-08
SNES,SenesTech Inc.,Industrials,Agricultural Chemicals,5423541.616405308,4.496116,2026-10-08
SNEX,StoneX Group Inc.,Finance,Investment Bankers/Brokers/Service,120616735.0,7960.70451,2026-10-08
SNFCA,Security National Financial Corporation,Finance,Finance: Consumer Services,27377289.048672568,247.490693,2026-10-08
SNGX,Soligenix Inc.,Health Care,Biotechnology: Pharmaceutical Preparations,21765477.653631285,7.792041,2026-10-08
SNN,Smith & Nephew SNATS Inc.,Health Care,Industrial Specialties,418708564.0119092,11250.699115,2026-10-08
SNOA,Sonoma Pharmaceuticals Inc.,Health Care,Medical/Dental Instruments,4788425.203252032,5.889763,2026-10-08
SNOW,Snowflake Inc.,Technology,Computer Software: Prepackaged Software,352800000.0,118523.16,2026-10-08
SNPS,Synopsys Inc.,Technology,Computer Software: Prepackaged Software,191636646.00035632,96809.08446,2026-10-08
SNSC,SunScout Holding Limited,Technology,Semiconductors,38100000.0,48.387,2026-10-08
SNT,Senstar Technologies Corporation,Telecommunications,Telecommunications Equipment,23331653.246753246,35.930746,2026-10-08
SNTG,Sentage Holdings Inc.,Finance,Finance: Consumer Services,2805324.852071006,4.740999,2026-10-08
SNTI,Senti Biosciences Holdings Inc.,Health Care,Biotechnology: Biological Products (No Diagnostic Substances),31144755.417956654,10.059756,2026-10-08
SNWV,SANUWAVE Health Inc.,Health Care,Medical/Dental Instruments,8602309.038461538,44.732007,2026-10-08
SNX,TD SYNNEX Corporation,Technology,Retail: Computer Software & Peripheral Equipment,79777510.99935341,22208.463512,2026-10-08
SNY,Sanofi,Health Care,Biotechnology: Pharmaceutical Preparations,2438854192.012133,96481.071836,2026-10-08
SO,Southern Company (The),Utilities,Electric Utilities: Central,1150362965.999532,98287.011815,2026-10-08
SOAR,Volato Group Inc.,Consumer Discretionary,Transportation Services,53633248.56733524,14.974403,2026-10-08
SOBO,South Bow Corporation,Energy,Natural Gas Distribution,208584626.99853587,7123.165012,2026-10-08
SOC,Sable Offshore Corp.,Energy,Oil & Gas Production,191869571.98879552,684.974372,2026-10-08
SOCA,Solarius Capital Acquisition Corp. Class A Ordinary Share,,,0.0,0.0,2026-10-08
SOCAW,Solarius Capital Acquisition Corp. Warrant,,,0.0,0.0,2026-10-08
SOFI,SoFi Technologies Inc.,Finance,Finance: Consumer Services,1291570323.9847715,20355.148306,2026-10-08
SOGP,Sound Group Inc.,Technology,Computer Software: Programming Data Processing,4174146.036036036,46.333021,2026-10-08
SOHU,Sohu.com Limited,Technology,EDP Services,26069022.00956938,326.905536,2026-10-08
SOJC,Southern Company (The) Series 2017B 5.25% Junior Subordinated Notes due December 1 2077,Utilities,Electric Utilities: Central,1100047407.0053477,20570.886511,2026-10-08
SOJD,Southern Company (The) Series 2020A 4.95% Junior Subordinated Notes due January 30 2080,Utilities,Electric Utilities: Central,1100047407.00961,19459.83863,2026-10-08
SOJE,Southern Company (The) Series 2020C 4.20% Junior Subordinated Notes due October 15 2060,Utilities,Electric Utilities: Central,1094565736.9837296,17491.160477,2026-10-08
SOJF,Southern Company (The) Series 2025A 6.50% Junior Subordinated Notes due March 15 2085,Utilities,Electric Utilities: Central,0.0,0.0,2026-10-08
SOLS,Solstice Advanced Materials Inc.,Industrials,Major Chemicals,158847369.00603884,9732.578299,2026-10-08
SOLV,Solventum Corporation,Health Care,Medical/Dental Instruments,170223728.99816176,14816.273372,2026-10-08
SOMN,Southern Company (The) 2025 Series A Corporate Units,Utilities,Electric Utilities: Central,1150362966.0021906,52514.069398,2026-10-08
SON,Sonoco Products Company,Consumer Discretionary,Containers/Packaging,98875002.99875051,4747.977644,2026-10-08
SONM,DNA X Inc.,Utilities,Telecommunications Equipment,1488267.9197994987,5.938189,2026-10-08
SONO,Sonos Inc.,Consumer Staples,Consumer Electronics/Appliances,118293979.00172117,2061.864054,2026-10-08
SONY,Sony Group Corporation,Consumer Staples,Consumer Electronics/Appliances,5896052554.004192,140620.853413,2026-10-08
SOPH,SOPHiA GENETICS SA,Technology,EDP Services,85127825.06775068,628.243349,2026-10-08
SOR,Source Capital Inc. Cmn Shs of BI,Finance,Investment Managers,8344483.003776939,375.58518,2026-10-08
SORA,AsiaStrategy,Industrials,Other Specialty Stores,24864000.0,51.21984,2026-10-08
SORN,Soren Acquisition Corp.,Finance,Blank Checks,0.0,0.0,2026-10-08
SOS,SOS Limited,Finance,Investment Bankers/Brokers/Service,18170318.75,5.814502,2026-10-08
SOTK,Sono-Tek Corporation,Technology,Industrial Machinery/Components,15716722.99703264,105.930713,2026-10-08
SOUL,Soulpower Acquisition Corporation,Consumer Discretionary,Publishing,0.0,0.0,2026-10-08
SOUN,SoundHound AI Inc,Technology,Computer Software: Prepackaged Software,481004683.04195803,2751.346787,2026-10-08
SOUNW,SoundHound AI Inc. Warrant,Technology,Computer Software: Prepackaged Software,481004682.94337064,283.696562,2026-10-08
SOWG,Sow Good Inc.,Consumer Staples,Packaged Foods,20099893.19148936,47.234749,2026-10-08
SPAI,Safe Pro Group Inc.,Technology,Computer Software: Prepackaged Software,20362861.951219514,83.487734,2026-10-08
SPB,Spectrum Brands Holdings Inc.,Miscellaneous,Industrial Machinery/Components,22995595.99843587,1764.222125,2026-10-08
SPCB,SuperCom Ltd.,Technology,Semiconductors,6280452.0,58.094181,2026-10-08
SPCE,Virgin Galactic Holdings Inc.,Consumer Discretionary,Transportation Services,151595902.9315961,465.399422,2026-10-08
SPCX,Space Exploration Technologies Corp.,Technology,Computer Software: Programming Data Processing,13572821625.000002,2333439.49377,2026-10-08
SPE,Special Opportunities Fund Inc,Finance,Finance/Investors Services,0.0,0.0,2026-10-08
SPEG,Silver Pegasus Acquisition Corp,,,0.0,0.0,2026-10-08
SPEGR,Silver Pegasus Acquisition Corp Rights.,,,0.0,0.0,2026-10-08
SPEGU,Silver Pegasus Acquisition Corp Unit,,,0.0,0.0,2026-10-08
SPFI,South Plains Financial Inc.,Finance,Major Banks,18839105.00467727,805.56013,2026-10-08
SPG,Simon Property Group Inc.,Real Estate,Real Estate Investment Trusts,323551514.99950427,65273.282636,2026-10-08
SPGI,S&P Global Inc.,Finance,Finance: Consumer Services,294800000.0,116779.124,2026-10-08
SPH,Suburban Propane Partners L.P.,Consumer Discretionary,Other Specialty Stores,66712387.002341926,1139.44757,2026-10-08
SPHL,Springview Holdings Ltd,Consumer Discretionary,Homebuilding,12261979.916317992,29.306132,2026-10-08
SPHR,Sphere Entertainment Co.,Consumer Discretionary,Services-Misc. Amusement & Recreation,35913607.00322642,3784.575906,2026-10-08
SPIR,Spire Global Inc.,Consumer Discretionary,Telecommunications Equipment,40622371.03825136,446.033634,2026-10-08
SPMA,Sound Point Meridian Capital Inc. 8.00% Series A Preferred Shares Due 2029,,,0.0,0.0,2026-10-08
SPMC,Sound Point Meridian Capital Inc.,,,0.0,0.0,2026-10-08
SPME,Sound Point Meridian Capital Inc. 7.875% Series B Preferred Shares due 2030,,,0.0,0.0,2026-10-08
SPNT,SiriusPoint Ltd.,Finance,Property-Casualty Insurers,116165016.00975214,2858.821044,2026-10-08
SPOK,Spok Holdings Inc.,Telecommunications,Telecommunications Equipment,20918137.04379562,229.262782,2026-10-08
SPOT,Spotify Technology S.A.,Consumer Discretionary,Broadcasting,205832527.00100383,100473.031405,2026-10-08
SPPL,SIMPPLE LTD.,Consumer Discretionary,Diversified Commercial Services,9786184.0,19.572368,2026-10-08
SPRB,Spruce Biosciences Inc.,Health Care,Biotechnology: Pharmaceutical Preparations,2874012.9952086015,122.964646,2026-10-08
SPRC,SciSparc Ltd.,Health Care,Biotechnology: Pharmaceutical Preparations,580972.9792147806,2.515613,2026-10-08
SPRO,Spero Therapeutics Inc.,Health Care,Biotechnology: Pharmaceutical Preparations,58234826.8907563,69.299444,2026-10-08
SPRU,Spruce Power Holding Corporation,Utilities,Electric Utilities: Central,19252185.714285713,30.996019,2026-10-08
SPRY,ARS Pharmaceuticals Inc.,Health Care,Biotechnology: Pharmaceutical Preparations,99447342.95692666,427.126338,2026-10-08
SPSC,SPS Commerce Inc.,Technology,Computer Software: Prepackaged Software,36000173.99407554,2916.734097,2026-10-08
SPT,Sprout Social Inc,Technology,Computer Software: Prepackaged Software,60592212.043435335,613.799108,2026-10-08
SPTX,Seaport Therapeutics Inc.,Health Care,Biotechnology: Pharmaceutical Preparations,53530550.02878526,929.825654,2026-10-08
SPWH,Sportsman's Warehouse Holdings Inc.,Consumer Discretionary,Other Specialty Stores,39141464.91228071,44.62127,2026-10-08
SPWR,SunPower Inc.,Technology,Semiconductors,320300346.55114967,96.122134,2026-10-08
SPWRW,SunPower Inc. Warrants,Technology,Semiconductors,320300334.4481605,9.57698,2026-10-08
SPXC,SPX Technologies Inc.,Industrials,Industrial Machinery/Components,50085859.998862475,8806.095905,2026-10-08
SPXX,Nuveen S&P 500 Dynamic Overwrite Fund,Finance,Trusts Except Educational Religious and Charitable,0.0,0.0,2026-10-08
SQFT,Presidio Property Trust Inc.,Real Estate,Real Estate Investment Trusts,1434432.5071800873,1.34851,2026-10-08
SQFTP,Presidio Property Trust Inc. 9.375% Series D Cumulative Redeemable Perpetual Preferred Stock $0.01 par value per share,Real Estate,Real Estate Investment Trusts,1434432.0695102685,9.079955,2026-10-08
SQFTW,Presidio Property Trust Inc. Series A,Real Estate,Real Estate Investment Trusts,1434476.1904761903,0.015062,2026-10-08
SQM,Sociedad Quimica y Minera S.A.,Industrials,Mining & Quarrying of Nonmetallic Minerals (No Fuels),285637807.99455947,18900.653755,2026-10-08
SQNS,Sequans Communications S.A.,Technology,Semiconductors,14977664.87455197,41.787685,2026-10-08
SR,Spire Inc.,Utilities,Oil/Gas Transmission,59112806.9975694,4620.848123,2026-10-08
SRAD,Sportradar Group AG,Technology,Computer Software: Programming Data Processing,311757364.03940886,3797.204694,2026-10-08
SRBK,SR Bancorp Inc.,Finance,Banks,7931395.997836669,146.651512,2026-10-08
SRCE,1st Source Corporation,Finance,Major Banks,24081825.99976682,2065.498216,2026-10-08
SRE,DBA Sempra,Utilities,Natural Gas Distribution,653900348.0055021,52292.41083,2026-10-08
SREA,DBA Sempra 5.750% Junior Subordinated Notes due 2079,Utilities,Natural Gas Distribution,633145875.0,12004.44579,2026-10-08
SRFM,Surf Air Mobility Inc.,Consumer Discretionary,Transportation Services,132848729.7029703,134.177217,2026-10-08
SRG,Seritage Growth Properties,Finance,Real Estate,56324606.97674419,96.878324,2026-10-08
SRI,Stoneridge Inc.,Consumer Discretionary,Auto Parts:O.E.M.,28522874.0,185.398681,2026-10-08
SRJN,Spire Inc. 6.375% Junior Subordinated Notes due 2086,Utilities,Oil/Gas Transmission,0.0,0.0,2026-10-08
SRL,Scully Royalty Ltd.,Industrials,Precious Metals,15226350.984251969,77.349863,2026-10-08
SRPT,Sarepta Therapeutics Inc.,Health Care,Biotechnology: Pharmaceutical Preparations,105627021.02830735,1828.403734,2026-10-08
SRRK,Scholar Rock Holding Corporation,Health Care,Biotechnology: Biological Products (No Diagnostic Substances),121785282.00235571,5169.785221,2026-10-08
SRTA,Strata Critical Medical Inc.,Health Care,Medical/Nursing Services,88466806.10526316,420.217329,2026-10-08
SRTS,Sensus Healthcare Inc.,Health Care,Medical/Dental Instruments,16462058.922558922,48.892315,2026-10-08
SRV,NXG Cushing Midstream Energy Fund,Finance,Finance Companies,0.0,0.0,2026-10-08
SRXH,SRX Global Inc.,Consumer Staples,Beverages (Production/Distribution),20265391.216216218,29.992779,2026-10-08
SRZN,Surrozen Inc.,Health Care,Biotechnology: Biological Products (No Diagnostic Substances),11753557.982555935,309.941324,2026-10-08
SSAC,SPACSphere Acquisition Corp.,Finance,Blank Checks,0.0,0.0,2026-10-08
SSACU,SPACSphere Acquisition Corp. Unit,Finance,Blank Checks,0.0,0.0,2026-10-08
SSB,SouthState Bank Corporation,Finance,Major Banks,96974533.99702823,9789.579207,2026-10-08
SSBI,Summit State Bank,Finance,Major Banks,6673129.968203497,83.947975,2026-10-08
SSD,Simpson Manufacturing Company Inc.,Consumer Discretionary,Industrial Machinery/Components,40984682.002056904,7173.139044,2026-10-08
SSEA,Starry Sea Acquisition Corp,Finance,Blank Checks,0.0,0.0,2026-10-08
SSEAR,Starry Sea Acquisition Corp Rights,Finance,Blank Checks,0.0,0.0,2026-10-08
SSEAU,Starry Sea Acquisition Corp Unit,Finance,Blank Checks,0.0,0.0,2026-10-08
SSII,SS Innovations International Inc.,Health Care,Medical/Dental Instruments,200385435.14492756,553.063801,2026-10-08
SSL,Sasol Ltd.,Energy,Oil & Gas Production,647761669.9790063,9256.514264,2026-10-08
SSM,Sono Group N.V.,Technology,Semiconductors,1424834.285714286,1.994768,2026-10-08
SSMR,Sunshine Silver Mining & Refining Company,Basic Materials,Precious Metals,143726603.0264005,2232.074145,2026-10-08
SSNC,SS&C Technologies Holdings Inc.,Technology,Computer Software: Prepackaged Software,234654995.99948713,18300.743138,2026-10-08
SSP,E.W. Scripps Company (The),Industrials,Broadcasting,92668991.09589042,270.593454,2026-10-08
SSRM,SSR Mining Inc.,Industrials,Precious Metals,203909311.98949826,6990.011215,2026-10-08
SST,System1 Inc.,Technology,Computer Software: Programming Data Processing,10488649.152542373,24.753212,2026-10-08
SSTI,SoundThinking Inc.,Technology,Computer Software: Prepackaged Software,13240511.990407674,110.42587,2026-10-08
SSTK,Shutterstock Inc.,Technology,EDP Services,36947684.06862745,150.746551,2026-10-08
SSYS,Stratasys Ltd.,Technology,Computer peripheral equipment,86172539.01869158,737.636934,2026-10-08
ST,Sensata Technologies Holding plc,Industrials,Industrial Machinery/Components,145535861.99908924,6391.935059,2026-10-08
STAA,STAAR Surgical Company,Health Care,Ophthalmic Goods,50143984.018058695,1110.689246,2026-10-08
STAG,Stag Industrial Inc.,Real Estate,Real Estate Investment Trusts,192808328.98671097,6964.236843,2026-10-08
STAK,STAK Inc.,Consumer Discretionary,Oil and Gas Field Machinery,19210348.672566373,21.707694,2026-10-08
STBA,S&T Bancorp Inc.,Finance,Major Banks,35265492.00983405,1721.308665,2026-10-08
STC,Stewart Information Services Corporation,Finance,Specialty Insurers,30522198.994586233,1578.608132,2026-10-08
STDN,Standard Nuclear Inc.,Basic Materials,Major Chemicals,156550754.97037524,2378.005968,2026-10-08
STE,STERIS plc (Ireland),Health Care,Industrial Specialties,97500110.00239636,20343.397952,2026-10-08
STEM,Stem Inc.,Technology,EDP Services,9626744.025157234,45.919569,2026-10-08
STEP,StepStone Group Inc.,Finance,Investment Managers,120676668.00265723,5449.758327,2026-10-08
STEW,SRH Total Return Fund Inc.,Finance,Investment Managers,0.0,0.0,2026-10-08
STEX,Streamex Corp.,Finance,Finance: Consumer Services,116465417.79497099,60.212621,2026-10-08
STFS,Star Fashion Culture Holdings Limited,Consumer Discretionary,Advertising,15193776.061776062,59.02782,2026-10-08
STG,Sunlands Technology Group,Real Estate,Other Consumer Services,13392996.043165468,37.232529,2026-10-08
STGW,Stagwell Inc.,Consumer Discretionary,Advertising,244475451.05882353,2078.041334,2026-10-08
STHO,Star Holdings Shares of Beneficial Interest,Real Estate,Real Estate,12081332.954545453,106.31573,2026-10-08
STI,Solidion Technology Inc.,Miscellaneous,Industrial Machinery/Components,8726808.041958041,49.917342,2026-10-08
STIM,Neuronetics Inc.,Health Care,Medical/Dental Instruments,76197222.1719457,168.395861,2026-10-08
STK,Columbia Seligman Premium Technology Growth Fund Inc,Finance,Investment Managers,0.0,0.0,2026-10-08
STKE,Sol Strategies Inc.,,,39486878.80434783,72.655857,2026-10-08
STKH,Steakholder Foods Ltd.,Consumer Staples,Packaged Foods,2854327.2171253823,1.86673,2026-10-08
STKS,The ONE Group Hospitality Inc.,Consumer Discretionary,Restaurants,31689023.870967742,49.117987,2026-10-08
STLA,Stellantis N.V.,Industrials,Auto Manufacturing,2897483196.0954447,13357.397534,2026-10-08
STLD,Steel Dynamics Inc.,Industrials,Steel/Iron Ore,143328088.00016797,34136.450719,2026-10-08
STLN,Starling Oncology Inc.,Health Care,Medical/Nursing Services,101916115.04559271,670.608037,2026-10-08
STLNW,Starling Oncology Inc. Warrant,Health Care,Medical/Nursing Services,101916108.24742268,3.954345,2026-10-08
STM,STMicroelectronics N.V.,Technology,Semiconductors,892545206.9993188,52410.254555,2026-10-08
STN,Stantec Inc,Consumer Discretionary,Military/Government/Technical,112399703.00562629,7591.475941,2026-10-08
STNE,StoneCo Ltd.,Technology,EDP Services,246714667.03958693,2866.824431,2026-10-08
STNG,Scorpio Tankers Inc.,Consumer Discretionary,Marine Transportation,51762790.00347906,4463.505382,2026-10-08
STOK,Stoke Therapeutics Inc.,Health Care,Biotechnology: Pharmaceutical Preparations,64526242.018875666,1572.504518,2026-10-08
STRA,Strategic Education Inc.,Real Estate,Other Consumer Services,22207558.99523929,1772.607359,2026-10-08
STRC,Strategy Inc Variable Rate Series A Perpetual Stretch Preferred Stock,Technology,Computer Software: Prepackaged Software,421977908.0024128,41974.142509,2026-10-08
STRD,Strategy Inc 10.00% Series A Perpetual Stride Preferred Stock,Technology,Computer Software: Prepackaged Software,421977908.00220746,30584.958772,2026-10-08
STRF,Strategy Inc 10.00% Series A Perpetual Strife Preferred Stock,Technology,Computer Software: Prepackaged Software,421977907.996519,43640.955245,2026-10-08
STRK,Strategy Inc 8.00% Series A Perpetual Strike Preferred Stock,Technology,Computer Software: Prepackaged Software,421977907.9978884,31973.266089,2026-10-08
STRL,Sterling Infrastructure Inc.,Industrials,Military/Government/Technical,30588517.99925491,17242.441711,2026-10-08
STRO,Sutro Biopharma Inc.,Health Care,Biotechnology: Biological Products (No Diagnostic Substances),16581171.003460208,239.597921,2026-10-08
STRR,Star Equity Holdings Inc.,Consumer Discretionary,Professional Services,3689402.997002997,36.930924,2026-10-08
STRRP,Star Equity Holdings Inc. 10% Series A Cumulative Perpetual Preferred Stock,Consumer Discretionary,Professional Services,3689402.970458626,33.907458,2026-10-08
STRT,STRATTEC SECURITY CORPORATION,Consumer Discretionary,Auto Parts:O.E.M.,3985012.9986349153,262.731907,2026-10-08
STRW,Strawberry Fields REIT Inc.,Real Estate,Real Estate Investment Trusts,14157336.030534351,185.461102,2026-10-08
STRZ,Starz Entertainment Corp.,Consumer Discretionary,Movies/Entertainment,17124171.00949094,396.938284,2026-10-08
STT,State Street Corporation,Finance,Major Banks,274701765.00142246,48278.835199,2026-10-08
STTK,Shattuck Labs Inc.,Health Care,Biotechnology: Pharmaceutical Preparations,100363253.07167235,588.128663,2026-10-08
STUB,StubHub Holdings Inc.,Consumer Discretionary,Services-Misc. Amusement & Recreation,382089965.9685864,2189.375505,2026-10-08
STVN,Stevanato Group S.p.A.,Health Care,Medical/Dental Instruments,273003694.0080564,5421.853363,2026-10-08
STWD,STARWOOD PROPERTY TRUST INC. Starwood Property Trust Inc.,Real Estate,Real Estate Investment Trusts,370168950.03866976,4786.284524,2026-10-08
STX,Seagate Technology Holdings PLC,Technology,Electronic Components,228718550.99983865,184262.526242,2026-10-08
STXS,Stereotaxis Inc.,Health Care,Biotechnology: Electromedical & Electrotherapeutic Apparatus,100202178.26086958,115.232505,2026-10-08
STZ,Constellation Brands Inc.,Consumer Staples,Beverages (Production/Distribution),170778434.00190195,19753.941461,2026-10-08
SU,Suncor Energy  Inc.,Energy,Integrated oil Companies,1169629612.0052772,79792.132131,2026-10-08
SUGP,SU Group Holdings Limited,Consumer Discretionary,Diversified Commercial Services,9912412.690605016,4.030387,2026-10-08
SUI,Sun Communities Inc.,Real Estate,Real Estate Investment Trusts,121800957.00008924,13650.233251,2026-10-08
SUIG,Sui Group Holdings Limited,Finance,Finance: Consumer Services,76802871.875,122.884595,2026-10-08
SUJA,Suja Life Inc.,Consumer Staples,Beverages (Production/Distribution),38625012.0,395.906373,2026-10-08
SUMA,SUMA Acquisition Corporation,,,0.0,0.0,2026-10-08
SUMAR,SUMA Acquisition Corporation Rights,Finance,Blank Checks,0.0,0.0,2026-10-08
SUMAU,SUMA Acquisition Corporation Units,Finance,Blank Checks,0.0,0.0,2026-10-08
SUNB,Sunbelt Rentals Holdings Inc.,Consumer Discretionary,Diversified Commercial Services,409764896.99477905,32178.837361,2026-10-08
SUNE,SUNation Energy Inc.,Consumer Discretionary,Engineering & Construction,6513108.11965812,15.240673,2026-10-08
SUNS,Sunrise Realty Trust Inc.,Real Estate,Real Estate Investment Trusts,13515851.01010101,80.284155,2026-10-08
SUPN,Supernus Pharmaceuticals Inc.,Health Care,Biotechnology: Pharmaceutical Preparations,58127013.00490311,2489.579967,2026-10-08
SUPV,Grupo Supervielle S.A.,Finance,Commercial Banks,91344463.97849461,679.602812,2026-10-08
SUPX,SuperX AI Technology Limited,,,43216535.072463766,298.194092,2026-10-08
SURG,SurgePays Inc.,Consumer Discretionary,Advertising,52908425.61707805,7.930973,2026-10-08
SUZ,Suzano S.A.,Basic Materials,Paper,1264117615.0,10618.587966,2026-10-08
SVAQ,Silicon Valley Acquisition Corp.,Finance,Blank Checks,0.0,0.0,2026-10-08
SVAQU,Silicon Valley Acquisition Corp. Units,Finance,Blank Checks,0.0,0.0,2026-10-08
SVAQW,Silicon Valley Acquisition Corp. Warrants,Finance,Blank Checks,0.0,0.0,2026-10-08
SVC,Service Properties Trust,Real Estate,Real Estate Investment Trusts,129509487.98151001,840.516577,2026-10-08
SVCC,Stellar V Capital Corp.,,,0.0,0.0,2026-10-08
SVCCU,Stellar V Capital Corp. Unit,Finance,Blank Checks,0.0,0.0,2026-10-08
SVCO,Silvaco Group Inc.,Technology,Computer Software: Prepackaged Software,33885757.98611111,292.772949,2026-10-08
SVIA,Silvia Inc.,Finance,Finance: Consumer Services,84310439.95215312,352.417639,2026-10-08
SVIAW,Silvia Inc. Warrant,Finance,Finance: Consumer Services,84310439.79428977,47.542657,2026-10-08
SVIV,Spring Valley Acquisition Corp. IV,Finance,Blank Checks,0.0,0.0,2026-10-08
SVIVU,Spring Valley Acquisition Corp. IV Units,Finance,Blank Checks,0.0,0.0,2026-10-08
SVIVW,Spring Valley Acquisition Corp. IV Warrants,Finance,Blank Checks,0.0,0.0,2026-10-08
SVM,Silvercorp Metals Inc.,Basic Materials,Precious Metals,221214641.96003807,2324.965887,2026-10-08
SVRA,Savara Inc.,Health Care,Biotechnology: Pharmaceutical Preparations,205460015.05376342,955.38907,2026-10-08
SVRE,SaverOne 2014 Ltd.,Technology,EDP Services,2499834.8214285714,2.799815,2026-10-08
SVRN,SVRN Inc.,Consumer Discretionary,Marine Transportation,1875816.010978957,82.010676,2026-10-08
SVV,Savers Value Village Inc.,Consumer Discretionary,Other Specialty Stores,154256135.0,1419.156442,2026-10-08
SW,Smurfit WestRock plc,Consumer Discretionary,Containers/Packaging,524522907.99716914,22234.52607,2026-10-08
SWAG,Stran & Company Inc.,Consumer Discretionary,Advertising,18639589.130434785,25.722633,2026-10-08
SWAGW,Stran & Company Inc. Warrant,Consumer Discretionary,Advertising,18639677.41935484,0.057783,2026-10-08
SWBI,Smith & Wesson Brands Inc.,Industrials,Ordnance And Accessories,44839680.02754821,651.072154,2026-10-08
SWIM,Latham Group Inc.,Industrials,Plastic Products,117646086.07198748,751.75849,2026-10-08
SWK,Stanley Black & Decker Inc.,Consumer Discretionary,Industrial Machinery/Components,151016641.00455606,13589.987524,2026-10-08
SWKHL,SWK Holdings Corporation 9.00% Senior Notes due 2027,,,12147390.987038884,304.595829,2026-10-08
SWKS,Skyworks Solutions Inc.,Technology,Semiconductors,148679767.0008455,12309.19791,2026-10-08
SWMR,Swarmer Inc,Technology,Computer Software: Prepackaged Software,16004738.978494624,238.150516,2026-10-08
SWRD,Stewards Inc,Finance,Finance Companies,225625627.16981134,597.907912,2026-10-08
SWVL,Swvl Holdings Corp,Consumer Discretionary,Business Services,29999772.0,112.499145,2026-10-08
SWVLW,Swvl Holdings Corp Warrant,Consumer Discretionary,Business Services,29999818.181818184,0.164999,2026-10-08
SWX,Southwest Gas Holdings Inc.,Utilities,Oil & Gas Production,72445853.00048009,6036.188472,2026-10-08
SWZ,Total Return Securities Fund,Finance,Finance Companies,0.0,0.0,2026-10-08
SXC,SunCoke Energy Inc.,Industrials,Steel/Iron Ore,84874850.0,852.143494,2026-10-08
SXI,Standex International Corporation,Industrials,Industrial Machinery/Components,12281465.000673128,3649.068881,2026-10-08
SXT,Sensient Technologies Corporation,Industrials,Major Chemicals,42562810.999924764,5657.02321,2026-10-08
SXTC,China SXT Pharmaceuticals Inc.,Health Care,Biotechnology: Pharmaceutical Preparations,1321476.0,1.651845,2026-10-08
SXTP,60 Degrees Pharmaceuticals Inc.,Health Care,Biotechnology: Pharmaceutical Preparations,3516988.288288288,3.903857,2026-10-08
SXTPW,60 Degrees Pharmaceuticals Inc. Warrant,Health Care,Biotechnology: Pharmaceutical Preparations,3516991.525423729,0.083001,2026-10-08
SY,So-Young International Inc. American Depository Shares,Technology,EDP Services,100302170.81712063,257.776579,2026-10-08
SYBT,Stock Yards Bancorp Inc.,Finance,Major Banks,31066642.999870252,2394.306176,2026-10-08
SYF,Synchrony Financial,Finance,Finance: Consumer Services,372057548.0044346,26847.672664,2026-10-08
SYK,Stryker Corporation,Health Care,Medical/Dental Instruments,383573045.9992811,106710.021397,2026-10-08
SYM,Symbotic Inc.,Industrials,Industrial Machinery/Components,604801707.99547,26701.995408,2026-10-08
SYNA,Synaptics Incorporated,Technology,Semiconductors,39692412.999413684,4738.877188,2026-10-08
SYNX,Silynxcom Ltd.,Consumer Staples,Consumer Electronics/Appliances,6634440.493388154,5.970333,2026-10-08
SYPR,Sypris Solutions Inc.,Industrials,Industrial Machinery/Components,23026432.98969072,44.67128,2026-10-08
SYRE,Spyre Therapeutics Inc.,Health Care,Biotechnology: Pharmaceutical Preparations,88173762.00224692,7063.600074,2026-10-08
SYY,Sysco Corporation,Consumer Discretionary,Food Distributors,491927413.00193673,38099.778137,2026-10-08
SZZL,Sizzle Acquisition Corp. II,Finance,Blank Checks,0.0,0.0,2026-10-08
SZZLR,Sizzle Acquisition Corp. II Right,Finance,Blank Checks,0.0,0.0,2026-10-08
T,AT&T Inc.,Telecommunications,Telecommunications Equipment,6852385650.020467,167403.78143,2026-10-08
TAC,TransAlta Corporation,Utilities,Electric Utilities: Central,316000000.0,4145.92,2026-10-08
TACH,Titan Acquisition Corp.,Finance,Blank Checks,0.0,0.0,2026-10-08
TACHW,Titan Acquisition Corp. Warrants,Finance,Blank Checks,0.0,0.0,2026-10-08
TACO,Berto Acquisition Corp.,Finance,Blank Checks,36442232.02676864,381.185747,2026-10-08
TACOW,Berto Acquisition Corp. Warrant,Finance,Blank Checks,0.0,0.0,2026-10-08
TACT,TransAct Technologies Incorporated,Technology,Computer peripheral equipment,10324470.974576272,48.731503,2026-10-08
TAK,Takeda Pharmaceutical Company Limited,Health Care,Biotechnology: Pharmaceutical Preparations,3159844608.0110493,57193.187405,2026-10-08
TAL,TAL Education Group,Real Estate,Other Consumer Services,554701253.968254,6989.2358,2026-10-08
TALO,Talos Energy Inc.,Energy,Oil & Gas Production,166965468.01909307,2798.341244,2026-10-08
TANH,Tantech Holdings Ltd.,Industrials,Major Chemicals,667646.9786729858,11.269881,2026-10-08
TAOP,Taoping Inc.,Technology,Computer Software: Prepackaged Software,9552781.880846873,3.88034,2026-10-08
TAOX,Tao Synergies Inc.,Finance,Finance: Consumer Services,7483242.105263159,34.123584,2026-10-08
TAP,Molson Coors Beverage Company,Consumer Staples,Beverages (Production/Distribution),186453932.99918723,6882.014667,2026-10-08
TARA,Protara Therapeutics Inc.,Health Care,Biotechnology: Biological Products (No Diagnostic Substances),59095488.06262231,150.988972,2026-10-08
TARS,Tarsus Pharmaceuticals Inc.,Health Care,Biotechnology: Biological Products (No Diagnostic Substances),46791688.00431791,3467.731998,2026-10-08
TASK,TaskUs Inc.,Technology,EDP Services,91687020.9798995,729.828687,2026-10-08
TATT,TAT Technologies Ltd.,Industrials,Aerospace,12983136.996118244,434.805258,2026-10-08
TAVI,Tavia Acquisition Corp.,Finance,Blank Checks,0.0,0.0,2026-10-08
TAVIR,Tavia Acquisition Corp. Right,Finance,Blank Checks,0.0,0.0,2026-10-08
TAVIU,Tavia Acquisition Corp. Unit,Finance,Blank Checks,0.0,0.0,2026-10-08
TAYD,Taylor Devices Inc.,Industrials,Industrial Machinery/Components,3229865.0024879747,194.728561,2026-10-08
TBB,AT&T Inc. 5.350% Global Notes due 2066,Telecommunications,Telecommunications Equipment,7150385479.989385,134713.262443,2026-10-08
TBBB,BBB Foods Inc.,Consumer Staples,Food Chains,117857149.00442478,6392.571762,2026-10-08
TBBK,The Bancorp Inc,Finance,Major Banks,40786809.00082576,1975.713028,2026-10-08
TBCH,Turtle Beach Corporation,Telecommunications,Telecommunications Equipment,17909711.028867505,241.960196,2026-10-08
TBCV,Thunder Bridge Capital Partners V Ltd.,Finance,Blank Checks,0.0,0.0,2026-10-08
TBCVU,Thunder Bridge Capital Partners V Ltd. Units,Finance,Blank Checks,0.0,0.0,2026-10-08
TBCVW,Thunder Bridge Capital Partners V Ltd. Warrants,Finance,Blank Checks,0.0,0.0,2026-10-08
TBI,TrueBlue Inc.,Consumer Discretionary,Professional Services,30444344.035674468,273.085766,2026-10-08
TBLA,Taboola.com Ltd.,Technology,Computer Software: Programming Data Processing,252115753.86996904,814.333885,2026-10-08
TBLD,Thornburg Income Builder Opportunities Trust,Finance,Investment Managers,32081883.024462566,649.176903,2026-10-08
TBN,Tamboran Resources Corporation,Energy,Oil & Gas Production,34960005.997693196,1212.413008,2026-10-08
TC,Token Cat Limited,Consumer Discretionary,Business Services,26412820.98765432,42.78877,2026-10-08
TCBI,Texas Capital Bancshares Inc.,Finance,Major Banks,43474369.00075293,4041.812086,2026-10-08
TCBIO,Texas Capital Bancshares Inc.,Finance,Major Banks,43474369.027027026,804.275827,2026-10-08
TCBK,TriCo Bancshares,Finance,Major Banks,31966629.994242948,1665.781089,2026-10-08
TCBS,Texas Community Bancshares Inc.,Finance,Banks,2872727.0,48.836359,2026-10-08
TCBX,Third Coast Bancshares Inc.,Finance,Banks,16654969.990701998,716.496809,2026-10-08
TCGX,TCGX Acquisition Corp.,,,0.0,0.0,2026-10-08
TCI,Transcontinental Realty Investors Inc.,Real Estate,Real Estate Investment Trusts,8773965.004432624,395.881301,2026-10-08
TCMD,Tactile Systems Technology Inc.,Health Care,Medical/Dental Instruments,22652285.98467778,502.654226,2026-10-08
TCOM,Trip.com Group Limited,Consumer Discretionary,Business Services,629705222.0073184,24092.521794,2026-10-08
TCPA,TransCanada PipeLines Limited 6.250% Junior Subordinated Notes due 2085,Utilities,Natural Gas Distribution,0.0,0.0,2026-10-08
TCPC,BlackRock TCP Capital Corp.,Finance,Finance/Investors Services,83902774.93734336,334.772072,2026-10-08
TCRT,Alaunos Therapeutics Inc.,Health Care,Biotechnology: Pharmaceutical Preparations,2546666.217672414,1.890645,2026-10-08
TCRX,TScan Therapeutics Inc.,Health Care,Biotechnology: Biological Products (No Diagnostic Substances),63502665.214233845,17.488634,2026-10-08
TCX,Tucows Inc.,Technology,EDP Services,11182112.034078807,105.000032,2026-10-08
TD,Toronto Dominion Bank (The),Finance,Commercial Banks,1633130726.0027077,193003.389199,2026-10-08
TDAC,Translational Development Acquisition Corp.,,,0.0,0.0,2026-10-08
TDACU,Translational Development Acquisition Corp. Units,,,0.0,0.0,2026-10-08
TDACW,Translational Development Acquisition Corp. Warrants,,,0.0,0.0,2026-10-08
TDAY,USA TODAY Co. Inc.,Consumer Discretionary,Newspapers/Magazines,146817940.95238096,1079.111866,2026-10-08
TDC,Teradata Corporation,Technology,Computer Software: Prepackaged Software,93000000.0,2754.66,2026-10-08
TDF,Templeton Dragon Fund Inc.,Finance,Finance/Investors Services,0.0,0.0,2026-10-08
TDG,Transdigm Group Incorporated,Industrials,Military/Government/Technical,55276524.99977342,60988.248328,2026-10-08
TDIC,Dreamland Limited,Consumer Discretionary,Other Consumer Services,3485583.076923077,6.796887,2026-10-08
TDOC,Teladoc Health Inc.,Health Care,Medical/Nursing Services,181684020.97053728,1048.316801,2026-10-08
TDS,Telephone and Data Systems Inc.,Telecommunications,Telecommunications Equipment,115100000.0,4045.765,2026-10-08
TDTH,Trident Digital Tech Holdings Ltd,Consumer Discretionary,Business Services,59062826.66666667,57.586256,2026-10-08
TDUP,ThredUp Inc.,Consumer Discretionary,Catalog/Specialty Distribution,131333649.99999999,283.680684,2026-10-08
TDW,Tidewater Inc.,Consumer Discretionary,Marine Transportation,49756230.997928604,4083.493878,2026-10-08
TDWD,Tailwind 2.0 Acquisition Corp.,Finance,Blank Checks,0.0,0.0,2026-10-08
TDWDU,Tailwind 2.0 Acquisition Corp. Unit,Finance,Blank Checks,0.0,0.0,2026-10-08
TDY,Teledyne Technologies Incorporated,Industrials,Industrial Machinery/Components,46355672.99990357,28843.426854,2026-10-08
TE,T1 Energy Inc.,Technology,Semiconductors,294476525.0,1119.010795,2026-10-08
TEAD,Teads Holding Co.,Technology,Computer Software: Programming Data Processing,98065161.91824456,55.416623,2026-10-08
TEAM,Atlassian Corporation,Technology,Computer Software: Prepackaged Software,253138815.00154656,49103.867334,2026-10-08
TECH,Bio-Techne Corp,Health Care,Biotechnology: Biological Products (No Diagnostic Substances),156818237.9953058,11358.344978,2026-10-08
TECK,Teck Resources Ltd,Industrials,Mining & Quarrying of Nonmetallic Minerals (No Fuels),489542830.00000006,32848.323893,2026-10-08
TECX,Tectonic Therapeutic Inc.,Health Care,Biotechnology: Biological Products (No Diagnostic Substances),19549365.997322623,438.101292,2026-10-08
TEI,Templeton Emerging Markets Income Fund Inc.,Finance,Finance Companies,0.0,0.0,2026-10-08
TEL,TE Connectivity plc,Technology,Electronic Components,289513227.99872446,63551.048678,2026-10-08
TELA,TELA Bio Inc.,Health Care,Medical/Dental Instruments,45143410.09174312,49.206317,2026-10-08
TELO,Telomir Pharmaceuticals Inc.,Health Care,Biotechnology: Pharmaceutical Preparations,68774955.83333334,82.529947,2026-10-08
TEM,Tempus AI Inc.,Technology,Computer Software: Programming Data Processing,181556155.00138927,13068.412037,2026-10-08
TEN,Tsakos Energy Navigation Ltd,Consumer Discretionary,Marine Transportation,30127602.991876364,1520.540123,2026-10-08
TENB,Tenable Holdings Inc.,Technology,Computer Software: Prepackaged Software,110139982.99759279,4346.674429,2026-10-08
TENX,Tenax Therapeutics Inc.,Health Care,Biotechnology: Pharmaceutical Preparations,37423917.098445594,72.22816,2026-10-08
TEO,Telecom Argentina SA,Telecommunications,Telecommunications Equipment,430737601.97005516,5466.060169,2026-10-08
TER,Teradyne Inc.,Industrials,Electrical Products,156340750.0,67276.55154,2026-10-08
TEVA,Teva Pharmaceutical Industries Limited,Health Care,Biotechnology: Pharmaceutical Preparations,1165296084.0020444,45598.035767,2026-10-08
TEX,Terex Corporation,Industrials,Construction/Ag Equipment/Trucks,114300000.0,6488.811,2026-10-08
TFC,Truist Financial Corporation,Finance,Major Banks,1221626188.0,56500.211195,2026-10-08
TFII,TFI International Inc.,Industrials,Trucking Freight/Courier Services,82190030.99877128,9364.732132,2026-10-08
TFIN,Triumph Financial Inc.,Finance,Major Banks,23894537.001775052,1480.744458,2026-10-08
TFPM,Triple Flag Precious Metals Corp.,Industrials,Precious Metals,206603911.9947849,6338.60802,2026-10-08
TFSL,TFS Financial Corporation,Finance,Savings Institutions,280442754.9788775,4646.93645,2026-10-08
TFX,Teleflex Incorporated,Health Care,Medical/Dental Instruments,42372397.00176367,5285.532802,2026-10-08
TG,Tredegar Corporation,Industrials,Metal Fabrications,34944164.0113798,245.657473,2026-10-08
TGB,Trekor Metals Limited,Basic Materials,Precious Metals,366023318.0476731,3224.665432,2026-10-08
TGE,The Generation Essentials Group,Consumer Discretionary,Newspapers/Magazines,48745608.333333336,58.49473,2026-10-08
TGEN,Tecogen Inc.,Industrials,Industrial Machinery/Components,30187822.01492537,80.903363,2026-10-08
TGHL,The GrowHub Limited,Technology,EDP Services,25299810.256410256,19.733852,2026-10-08
TGL,Treasure Global Inc.,Consumer Discretionary,Business Services,1954831.746031746,2.463088,2026-10-08
TGLS,Tecnoglass Holdings Inc.,Consumer Discretionary,Electronic Components,44364616.003271535,1627.294115,2026-10-08
TGS,Transportadora de Gas del Sur SA TGS,Utilities,Natural Gas Distribution,150552211.9822485,4070.931812,2026-10-08
TGT,Target Corporation,Consumer Discretionary,Department/Specialty Retail Stores,454296736.00077754,70111.615267,2026-10-08
TGTX,TG Therapeutics Inc.,Health Care,Biotechnology: Pharmaceutical Preparations,153069052.99865875,7988.673876,2026-10-08
TH,Target Hospitality Corp.,Consumer Discretionary,Hotels/Resorts,99623422.97734629,1847.018262,2026-10-08
THC,Tenet Healthcare Corporation,Health Care,Hospital/Nursing Management,80518999.99999999,20811.74593,2026-10-08
THCH,TH International Limited,Consumer Discretionary,Restaurants,33243581.967213117,40.55717,2026-10-08
THEO,BOA Acquisition Corp. II,Finance,Blank Checks,0.0,0.0,2026-10-08
THFF,First Financial Corporation,Finance,Major Banks,11891895.994085226,884.638143,2026-10-08
THG,Hanover Insurance Group Inc,Finance,Property-Casualty Insurers,34820221.00072714,7661.841429,2026-10-08
THH,TryHard Holdings Limited,Consumer Discretionary,Services-Misc. Amusement & Recreation,5004625.174825175,7.156614,2026-10-08
THM,International Tower Hill Mines Ltd.,Basic Materials,Metal Mining,261637472.9613734,609.615312,2026-10-08
THO,Thor Industries Inc.,Industrials,Homebuilding,51614360.993641876,3490.679234,2026-10-08
THQ,abrdn Healthcare Opportunities Fund Shares of Beneficial Interest,Finance,Finance Companies,0.0,0.0,2026-10-08
THRM,Gentherm Inc,Consumer Discretionary,Auto Parts:O.E.M.,54441278.0,1687.679618,2026-10-08
THRY,Thryv Holdings Inc.,Consumer Discretionary,Advertising,44439110.86956522,61.325973,2026-10-08
THW,abrdn World Healthcare Fund Shares of Beneficial Interest,Finance,Finance Companies,0.0,0.0,2026-10-08
TIC,TIC Solutions Inc.,Consumer Discretionary,Business Services,218220356.04519776,1931.250151,2026-10-08
TIGO,Millicom International Cellular S.A.,Telecommunications,Telecommunications Equipment,167540828.99624145,15155.743391,2026-10-08
TIGR,UP Fintech Holding Ltd,Finance,Investment Bankers/Brokers/Service,178700661.06194693,807.726988,2026-10-08
TII,Titan Mining Corporation,,,98980325.81967214,241.511995,2026-10-08
TIL,Instil Bio Inc.,Health Care,Biotechnology: Biological Products (No Diagnostic Substances),6781976.034858388,46.693905,2026-10-08
TILE,Interface Inc.,Consumer Discretionary,Home Furnishings,57800460.00000001,2025.906123,2026-10-08
TIMB,TIM S.A.,Telecommunications,Telecommunications Equipment,478425177.97681767,9080.509878,2026-10-08
TIPT,Tiptree Inc.,Finance,Property-Casualty Insurers,37239692.0209668,639.405512,2026-10-08
TISI,Team Inc.,Consumer Discretionary,Other Consumer Services,4583208.982252807,126.5424,2026-10-08
TITN,Titan Machinery Inc.,Consumer Discretionary,Other Specialty Stores,23532896.984126985,593.029004,2026-10-08
TJGC,TJGC Group Limited,Consumer Discretionary,Advertising,10100023.005032351,280.98264,2026-10-08
TJX,TJX Companies Inc. (The),Consumer Discretionary,Clothing/Shoe/Accessory Stores,1099974061.0012405,150729.445579,2026-10-08
TK,Teekay Corporation Ltd.,Consumer Discretionary,Marine Transportation,86778531.97278912,1275.64442,2026-10-08
TKC,Turkcell Iletisim Hizmetleri AS,Telecommunications,Telecommunications Equipment,880000000.0,4549.6,2026-10-08
TKLF,Tokyo Lifestyle Co. Ltd.,Consumer Discretionary,Other Specialty Stores,4232781.229773463,6.539647,2026-10-08
TKNO,Alpha Teknova Inc.,Health Care,Biotechnology: In Vitro & In Vivo Diagnostic Substances,53688246.057142854,469.772153,2026-10-08
TKO,TKO Group Holdings Inc.,Consumer Discretionary,Services-Misc. Amusement & Recreation,189269713.00011334,33398.533556,2026-10-08
TKR,Timken Company (The),Industrials,Metal Fabrications,69296838.99949807,8283.744134,2026-10-08
TLAC,Three Lions Acquisition Corp.,,,0.0,0.0,2026-10-08
TLACU,Three Lions Acquisition Corp. Units,,,0.0,0.0,2026-10-08
TLF,Tandy Leather Factory Inc.,Consumer Discretionary,Apparel,8192075.091792016,20.749707,2026-10-08
TLIH,Ten-League International Holdings Limited,Consumer Discretionary,Industrial Specialties,2940434.9565217393,16.907501,2026-10-08
TLK,PT Telekomunikasi Indonesia Tbk,Telecommunications,Telecommunications Equipment,990622166.0186626,12739.401055,2026-10-08
TLN,Talen Energy Corporation,Utilities,Electric Utilities: Central,47914258.998686716,17877.289175,2026-10-08
TLNC,Talon Capital Corp.,Finance,Blank Checks,0.0,0.0,2026-10-08
TLPH,Talphera Inc.,Health Care,Biotechnology: Pharmaceutical Preparations,51905796.39639639,57.615434,2026-10-08
TLRY,Tilray Brands Inc.,Health Care, Medicinal Chemicals and Botanical Products ,147782141.00529101,558.616493,2026-10-08
TLS,Telos Corporation,Technology,EDP Services,74736788.94009216,324.357664,2026-10-08
TLSA,Tiziana Life Sciences Ltd.,Health Care,Biotechnology: Pharmaceutical Preparations,127259130.63063061,141.257635,2026-10-08
TLSI,TriSalus Life Sciences Inc.,Health Care,Medical Specialities,61574600.00000001,262.923542,2026-10-08
TLSIW,TriSalus Life Sciences Inc. Warrant,Health Care,Medical Specialities,61574600.469435655,60.336951,2026-10-08
TLX,Telix Pharmaceuticals Limited,Health Care,Biotechnology: Pharmaceutical Preparations,338777048.97959185,3652.016588,2026-10-08
TLYS,Tilly's Inc.,Consumer Discretionary,Clothing/Shoe/Accessory Stores,30587264.932126697,135.195711,2026-10-08
TM,Toyota Motor Corporation,Industrials,Auto Manufacturing,1303393196.9984374,241870.675567,2026-10-08
TMC,TMC the metals company Inc.,Basic Materials,Metal Mining,441135481.8918919,1632.201283,2026-10-08
TMCI,Treace Medical Concepts Inc.,Health Care,Medical/Dental Instruments,65034552.0,260.138208,2026-10-08
TMCR,The Metals Royalty Company Inc.,Basic Materials,Precious Metals,67414021.90476191,212.354169,2026-10-08
TMDE,TMD Energy Limited,Energy,Oil Refining/Marketing,23565000.757231563,15.55997,2026-10-08
TMDX,TransMedics Group Inc.,Health Care,Biotechnology: Electromedical & Electrotherapeutic Apparatus,34675145.00498256,2783.720641,2026-10-08
TME,Tencent Music Entertainment Group,Consumer Discretionary,Broadcasting,1573904500.0,12481.062685,2026-10-08
TMO,Thermo Fisher Scientific Inc,Industrials,Industrial Machinery/Components,369747286.00018275,242768.673042,2026-10-08
TMP,Tompkins Financial Corporation,Finance,Major Banks,14382904.999488804,1406.791938,2026-10-08
TMQ,Trilogy Metals Inc.,Basic Materials,Precious Metals,181361209.0909091,538.642791,2026-10-08
TMS,Teamshares Inc.,,,73660516.03773585,546.561029,2026-10-08
TMSWW,Teamshares Inc. Warrants,,,73660515.50802138,68.872582,2026-10-08
TMTS,Spartacus Acquisition Corp. II,,,0.0,0.0,2026-10-08
TMTSU,Spartacus Acquisition Corp. II Unit,Finance,Blank Checks,0.0,0.0,2026-10-08
TMUS,T-Mobile US Inc.,Telecommunications,Telecommunications Equipment,1072671612.9994576,177988.400745,2026-10-08
TMUSI,T-Mobile US Inc. 5.500% Senior Notes due June 2070,Telecommunications,Telecommunications Equipment,0.0,0.0,2026-10-08
TMUSL,T-Mobile US Inc. 6.250% Senior Notes due 2069,Telecommunications,Telecommunications Equipment,0.0,0.0,2026-10-08
TMUSZ,T-Mobile US Inc. 5.500% Senior Notes due March 2070,Telecommunications,Telecommunications Equipment,0.0,0.0,2026-10-08
TNC,Tennant Company,Industrials,Industrial Machinery/Components,17049303.00718791,1162.250986,2026-10-08
TNDM,Tandem Diabetes Care Inc.,Health Care,Medical/Dental Instruments,69578706.99257426,1124.391905,2026-10-08
TNET,TriNet Group Inc.,Consumer Discretionary,Business Services,45904738.00573431,2881.899452,2026-10-08
TNGX,Tango Therapeutics Inc.,Health Care,Biotechnology: Pharmaceutical Preparations,168610366.9863014,3692.567037,2026-10-08
TNK,Teekay Tankers Ltd.,Consumer Discretionary,Marine Transportation,34643858.0007902,3507.344184,2026-10-08
TNL,Travel   Leisure Co. Common  Stock,Consumer Discretionary,Hotels/Resorts,61204231.99617956,3844.849854,2026-10-08
TNMG,TNL Mediagene,Consumer Discretionary,Advertising,760572.9468599034,3.148772,2026-10-08
TNON,Tenon Medical Inc.,Health Care,Medical/Dental Instruments,2688735.127860027,9.988651,2026-10-08
TNONW,Tenon Medical Inc. Warrant,Health Care,Medical/Dental Instruments,2688813.559322034,0.015864,2026-10-08
TNXP,Tonix Pharmaceuticals Holding Corp.,Health Care,Biotechnology: Pharmaceutical Preparations,17151024.041585445,131.97713,2026-10-08
TNYA,Tenaya Therapeutics Inc.,Health Care,Biotechnology: Biological Products (No Diagnostic Substances),224230012.80878317,122.541702,2026-10-08
TOL,Toll Brothers Inc.,Consumer Discretionary,Homebuilding,92147000.0,12716.286,2026-10-08
TOMZ,TOMI Environmental Solutions Inc.,Industrials,Major Chemicals,9792565.806451613,15.178477,2026-10-08
TONT,Graf Global Corp.,,,0.0,0.0,2026-10-08
TONX,TON Strategy Company,Finance,Finance: Consumer Services,55071989.10614525,197.157721,2026-10-08
TOON,Kartoon Studios Inc.,Consumer Discretionary,Movies/Entertainment,62204105.448154666,35.394136,2026-10-08
TOP,TOP Financial Group Limited,Finance,Investment Bankers/Brokers/Service,125705512.99472295,1905.695577,2026-10-08
TOPP,Toppoint Holdings Inc.,Industrials,Trucking Freight/Courier Services,24700000.0,2.75652,2026-10-08
TOPS,TOP Ships Inc.,Consumer Discretionary,Marine Transportation,12360718.529520981,6.657483,2026-10-08
TORO,Toro Corp.,Consumer Discretionary,Marine Transportation,34559329.98027613,175.215803,2026-10-08
TOST,Toast Inc.,Technology,EDP Services,578000000.0,17484.5,2026-10-08
TOUR,Tuniu Corporation,Consumer Discretionary,Transportation Services,10863757.085828343,54.427423,2026-10-08
TOVX,Theriva Biologics Inc.,Health Care,Biotechnology: Pharmaceutical Preparations,45892666.666666664,10.188172,2026-10-08
TOWN,TowneBank,Finance,Major Banks,74617329.99152783,2642.199655,2026-10-08
TOYO,TOYO Co. Ltd,Consumer Discretionary,Miscellaneous manufacturing industries,42718947.991071425,191.380887,2026-10-08
TP,Ticketplus Ltd.,Consumer Discretionary,Services-Misc. Amusement & Recreation,12777876.022099447,115.639778,2026-10-08
TPB,Turning Point Brands Inc.,Consumer Discretionary,Tobacco,20048922.00102969,1168.250685,2026-10-08
TPC,Tutor Perini Corporation,Consumer Discretionary,General Bldg Contractors - Nonresidential Bldgs,52569116.99977543,4681.80556,2026-10-08
TPCS,TechPrecision Corporation,Industrials,Metal Fabrications,10133261.070110701,54.922275,2026-10-08
TPET,Trio Petroleum Corp.,Energy,Oil & Gas Production,5323907.006369427,8.358534,2026-10-08
TPG,TPG Inc.,Finance,Investment Managers,377918765.9995553,16995.006907,2026-10-08
TPGXL,TPG Operating Group II L.P. 6.950% Fixed-Rate Junior Subordinated Notes due 2064,,,364825775.0,7602.969151,2026-10-08
TPL,Texas Pacific Land Corporation,Energy,Oil & Gas Production,68974682.99921162,24497.048414,2026-10-08
TPR,Tapestry Inc.,Consumer Discretionary,Apparel,199750422.00428265,23320.861769,2026-10-08
TPST,Tempest Therapeutics Inc.,Health Care,Biotechnology: Pharmaceutical Preparations,16539767.61904762,13.025067,2026-10-08
TPTS,Terra Property Trust Inc. 7.00% Senior Secured Notes due 2029,Real Estate,Real Estate Investment Trusts,0.0,0.0,2026-10-08
TPVG,TriplePoint Venture Growth BDC Corp.,Consumer Discretionary,Other Consumer Services,40709723.07692308,195.813768,2026-10-08
TR,Tootsie Roll Industries Inc.,Consumer Staples,Specialty Foods,75071647.99250536,2804.676769,2026-10-08
TRAD,APEX Tech Acquisition Inc.,Finance,Investment Bankers/Brokers/Service,0.0,0.0,2026-10-08
TRAK,ReposiTrak Inc.,Technology,EDP Services,18603163.04619226,149.011336,2026-10-08
TRAW,Traws Pharma Inc.,Health Care,Biotechnology: Pharmaceutical Preparations,15368276.923076922,7.991504,2026-10-08
TRAX,First Tracks Biotherapeutics Inc.,Health Care,Biotechnology: Pharmaceutical Preparations,35730843.00732718,1121.591162,2026-10-08
TRBG,TurboGen Ltd.,Utilities,Power Generation,25455989.974293057,99.023801,2026-10-08
TRC,Tejon Ranch Co,Finance,Real Estate,27021444.029393755,441.260181,2026-10-08
TRDA,Entrada Therapeutics Inc.,Health Care,Biotechnology: Pharmaceutical Preparations,38936669.003690034,211.036746,2026-10-08
TREE,LendingTree Inc.,Finance,Finance: Consumer Services,14039561.01214575,346.777157,2026-10-08
TREO,Tactical Resources Corp.,Basic Materials,Metal Mining,13612034.006734006,40.427741,2026-10-08
TREX,Trex Company Inc.,Basic Materials,Forest Products,101865189.99108337,4569.672423,2026-10-08
TRGP,Targa Resources Inc.,Utilities,Natural Gas Distribution,214431020.99958,61267.23132,2026-10-08
TRGS,TRG Latin America Acquisitions Corp.,Finance,Blank Checks,0.0,0.0,2026-10-08
TRGSU,TRG Latin America Acquisitions Corp. Units,,,0.0,0.0,2026-10-08
TRI,Thomson Reuters Corporation,Consumer Discretionary,Publishing,433200000.0,42492.588,2026-10-08
TRIB,Trinity Biotech plc,Health Care,Biotechnology: In Vitro & In Vivo Diagnostic Substances,813132.0279720279,5.813894,2026-10-08
TRIN,Trinity Capital Inc.,Finance,Finance: Consumer Services,94693573.99309552,1645.774316,2026-10-08
TRIP,TripAdvisor Inc.,Technology,Computer Software: Programming Data Processing,117199342.01877935,998.538394,2026-10-08
TRLV,Trulieve Cannabis Corp.,Health Care, Medicinal Chemicals and Botanical Products ,192565301.971831,2050.820466,2026-10-08
TRMB,Trimble Inc.,Industrials,Industrial Machinery/Components,233179848.00656274,14212.311736,2026-10-08
TRMD,TORM plc,Consumer Discretionary,Marine Transportation,102650777.00384124,4008.512842,2026-10-08
TRMK,Trustmark Corporation,Finance,Major Banks,58070577.00818765,2624.209375,2026-10-08
TRN,Trinity Industries Inc.,Industrials,Railroads,79669485.9977108,2088.137228,2026-10-08
TRNI,Trinity Capital Inc. 7.875% Notes Due 2029,Finance,Finance: Consumer Services,70314159.99200639,1759.260283,2026-10-08
TRNO,Terreno Realty Corporation,Finance,Real Estate,108970309.99532928,6999.163011,2026-10-08
TRNR,Interactive Strength Inc.,Technology,Consumer Electronics/Appliances,1619702.0118659947,3.630886,2026-10-08
TRNS,Transcat Inc.,Industrials,Electrical Products,9388293.99777283,843.068801,2026-10-08
TRNZ,Trinity Capital Inc. 7.875% Notes due 2029,Finance,Finance: Consumer Services,70314160.0,1761.369708,2026-10-08
TRON,Tron Inc.,Finance,Finance: Consumer Services,474382064.34108526,611.952863,2026-10-08
TROO,TROOPS Inc.,Finance,Diversified Financial Services,122160165.86826348,204.007477,2026-10-08
TROW,T. Rowe Price Group Inc.,Finance,Investment Managers,213315850.0,22099.52206,2026-10-08
TROX,Tronox Holdings plc,Basic Materials,Major Chemicals,159700028.94056848,618.039112,2026-10-08
TRP,TC Energy Corporation,Utilities,Natural Gas Distribution,1000000000.0,60230.0,2026-10-08
TRS,TriMas Corporation,Industrials,Industrial Specialties,35873873.00487555,1398.004831,2026-10-08
TRSG,Tungray Technologies Inc,Industrials,Industrial Machinery/Components,16353485.001685202,19.408316,2026-10-08
TRST,TrustCo Bank Corp NY,Finance,Major Banks,17027739.99637221,938.739306,2026-10-08
TRT,Trio-Tech International,Technology,Industrial Machinery/Components,10384698.036006546,63.450505,2026-10-08
TRTX,TPG RE Finance Trust Inc.,Real Estate,Real Estate Investment Trusts,76769008.92561984,464.452504,2026-10-08
TRU,TransUnion,Finance,Finance: Consumer Services,191600000.0,12151.272,2026-10-08
TRUG,TruGolf Holdings Inc.,Consumer Discretionary,Recreational Games/Products/Toys,1240000.0,3.3356,2026-10-08
TRUP,Trupanion Inc.,Health Care,Medical Specialities,43872610.98055106,1082.776039,2026-10-08
TRV,The Travelers Companies Inc.,Finance,Property-Casualty Insurers,208575021.99977818,75220.495934,2026-10-08
TRVG,trivago N.V.,Technology,EDP Services,70619673.98190045,312.138959,2026-10-08
TRVI,Trevi Therapeutics Inc.,Health Care,Biotechnology: Pharmaceutical Preparations,142475840.97116843,1877.831584,2026-10-08
TRX,TRX Gold Corporation,Basic Materials,Precious Metals,327474009.24369746,389.694071,2026-10-08
TS,Tenaris S.A.,Industrials,Steel/Iron Ore,529450331.00052756,30109.840324,2026-10-08
TSAT,Telesat Corporation,Industrials,Metal Fabrications,36158007.99412505,1723.290661,2026-10-08
TSBK,Timberland Bancorp Inc.,Finance,Banks,7775667.995618839,354.959244,2026-10-08
TSCO,Tractor Supply Company,Consumer Discretionary,RETAIL: Building Materials,521040137.00836176,16824.386024,2026-10-08
TSEM,Tower Semiconductor Ltd.,Technology,Semiconductors,113030999.99999999,29208.34071,2026-10-08
TSHA,Taysha Gene Therapies Inc.,Health Care,Biotechnology: Biological Products (No Diagnostic Substances),325833545.10250574,1430.409263,2026-10-08
TSI,TCW Strategic Income Fund Inc.,Finance,Investment Managers,0.0,0.0,2026-10-08
TSLA,Tesla Inc.,Industrials,Auto Manufacturing,3949547394.0002103,1503513.701948,2026-10-08
TSLX,Sixth Street Specialty Lending Inc.,Finance,Investment Managers,95343139.02721483,1646.576011,2026-10-08
TSM,Taiwan Semiconductor Manufacturing Company Ltd.,Technology,Semiconductors,5186504903.999585,2501451.315199,2026-10-08
TSN,Tyson Foods Inc.,Consumer Staples,Meat/Poultry/Fish,351801512.0069271,18283.124579,2026-10-08
TSQ,Townsquare Media Inc.,Consumer Discretionary,Broadcasting,18231638.98678414,82.771641,2026-10-08
TSSI,TSS Inc.,Consumer Discretionary,Professional Services,28219069.97112608,293.196137,2026-10-08
TT,Trane Technologies plc,Industrials,Auto Parts:O.E.M.,220023176.99993703,104816.841291,2026-10-08
TTAM,Titan America SA,Industrials,Mining & Quarrying of Nonmetallic Minerals (No Fuels),184362464.97050148,2499.955025,2026-10-08
TTAN,ServiceTitan Inc.,Technology,Computer Software: Prepackaged Software,96467902.99985437,6624.450899,2026-10-08
TTC,Toro Company (The),Consumer Discretionary,Tools/Hardware,94663377.99575286,9361.26145,2026-10-08
TTD,The Trade Desk Inc.,Technology,Computer Software: Programming Data Processing,472795104.02684563,5635.71764,2026-10-08
TTE,TotalEnergies SE,Energy,Oil & Gas Production,2181861804.0009527,183232.7543,2026-10-08
TTEC,TTEC Holdings Inc.,Consumer Discretionary,Professional Services,49295940.0,66.549519,2026-10-08
TTEK,Tetra Tech Inc.,Consumer Discretionary,Military/Government/Technical,256044428.0107849,8546.763007,2026-10-08
TTGT,TechTarget Inc.,Telecommunications,Telecommunications Equipment,72332660.11080332,261.120903,2026-10-08
TTI,Tetra Technologies Inc.,Energy,Oil & Gas Production,148072778.99022803,909.166863,2026-10-08
TTMI,TTM Technologies Inc.,Technology,Electrical Products,105348863.99668449,13980.847741,2026-10-08
TTRX,Turn Therapeutics Inc.,Health Care,Biotechnology: Pharmaceutical Preparations,29788040.03436426,346.732786,2026-10-08
TTWO,Take-Two Interactive Software Inc.,Technology,Computer Software: Prepackaged Software,186980443.00103688,37869.149121,2026-10-08
TU,Telus Corporation,Telecommunications,Telecommunications Equipment,1589000000.0,12521.32,2026-10-08
TULP,Bloomia Holdings Inc.,Consumer Staples,Farming/Seeds/Milling,4830964.944649447,13.091915,2026-10-08
TURB,Turbo Energy S.A.,Miscellaneous,Industrial Machinery/Components,12017139.814814813,12.978511,2026-10-08
TUSK,Mammoth Energy Services Inc.,Energy,Oilfield Services/Equipment,48127584.87972508,140.051272,2026-10-08
TUYA,Tuya Inc.,Technology,Computer Software: Prepackaged Software,613286104.0462428,1060.98496,2026-10-08
TV,Grupo Televisa S.A.B.,Industrials,Broadcasting,617163600.0,1407.133008,2026-10-08
TVA,Texas Ventures Acquisition III Corp Class A Ordinary Share,,,0.0,0.0,2026-10-08
TVACU,Texas Ventures Acquisition III Corp Unit,Finance,Blank Checks,0.0,0.0,2026-10-08
TVACW,Texas Ventures Acquisition III Corp Warrants,,,0.0,0.0,2026-10-08
TVAI,Thayer Ventures Acquisition Corporation II,,,0.0,0.0,2026-10-08
TVC,Tennessee Valley Authority,Utilities,Electric Utilities: Central,0.0,0.0,2026-10-08
TVE,Tennessee Valley Authority,Utilities,Electric Utilities: Central,0.0,0.0,2026-10-08
TVGN,Tevogen Inc.,Health Care,Biotechnology: Biological Products (No Diagnostic Substances),6511540.061633281,42.259895,2026-10-08
TVGNW,Tevogen Inc. Warrant,Health Care,Biotechnology: Biological Products (No Diagnostic Substances),6511534.653465346,0.394599,2026-10-08
TVIV,Texas Ventures Acquisition IV Corp,,,0.0,0.0,2026-10-08
TVIVU,Texas Ventures Acquisition IV Corp Units,,,0.0,0.0,2026-10-08
TVRD,Tvardi Therapeutics Inc.,Health Care,Biotechnology: Pharmaceutical Preparations,13338942.592592591,14.406058,2026-10-08
TVTX,Travere Therapeutics Inc.,Health Care,Biotechnology: Pharmaceutical Preparations,94261081.99356914,5276.73537,2026-10-08
TW,Tradeweb Markets Inc.,Finance,Investment Bankers/Brokers/Service,234028261.99553654,25167.399295,2026-10-08
TWAV,TaoWeave Inc.,Technology,Computer Software: Programming Data Processing,3877218.817204301,7.211627,2026-10-08
TWFG,TWFG Inc.,Finance,Specialty Insurers,54051794.002399035,1351.835368,2026-10-08
TWG,Top Wealth Group Holding Limited,Consumer Staples,Packaged Foods,62746545.45454545,6.211908,2026-10-08
TWI,Titan International Inc. (DE),Industrials,Steel/Iron Ore,64542352.0625889,453.732735,2026-10-08
TWIN,Twin Disc Incorporated,Industrials,Industrial Machinery/Components,14538916.00140056,415.231441,2026-10-08
TWLO,Twilio Inc.,Technology,Computer Software: Prepackaged Software,153575219.99928674,43064.02744,2026-10-08
TWLV,Twelve Seas Investment Company III,Finance,Blank Checks,0.0,0.0,2026-10-08
TWN,Taiwan Fund Inc. (The),Finance,Trusts Except Educational Religious and Charitable,0.0,0.0,2026-10-08
TWST,Twist Bioscience Corporation,Health Care,Biotechnology: Biological Products (No Diagnostic Substances),66301174.001317605,11070.307023,2026-10-08
TX,Ternium S.A. Ternium S.A.,Industrials,Steel/Iron Ore,196307678.00596806,11183.648416,2026-10-08
TXG,10x Genomics Inc.,Industrials,Biotechnology: Laboratory Analytical Instruments,130291168.00148773,10509.285611,2026-10-08
TXMD,TherapeuticsMD Inc.,Health Care,Biotechnology: Pharmaceutical Preparations,11574361.881188119,23.380211,2026-10-08
TXN,Texas Instruments Incorporated,Technology,Semiconductors,913247686.0007402,271444.60971,2026-10-08
TXNM,TXNM Energy Inc.,Utilities,Electric Utilities: Central,110125756.9940222,6447.863072,2026-10-08
TXO,TXO Partners L.P. Common Units Representing Limited Partner Interests,Energy,Oil & Gas Production,55446407.020057306,774.031842,2026-10-08
TXRH,Texas Roadhouse Inc.,Consumer Discretionary,Restaurants,65640926.00110045,10736.886266,2026-10-08
TXT,Textron Inc.,Industrials,Aerospace,171986916.9998676,12990.171841,2026-10-08
TY,Tri Continental Corporation,Finance,Finance Companies,54350935.0028952,1877.281295,2026-10-08
TYG,Tortoise Energy Infrastructure Corporation,Finance,Investment Managers,11927903.010972187,467.454519,2026-10-08
TYGO,Tigo Energy Inc.,Technology,Semiconductors,76773711.28062876,66.424615,2026-10-08
TYL,Tyler Technologies Inc.,Technology,Computer Software: Prepackaged Software,40952273.99897253,13551.516989,2026-10-08
TYRA,Tyra Biosciences Inc.,Health Care,Biotechnology: Pharmaceutical Preparations,68755938.98221344,1391.620205,2026-10-08
TZOO,Travelzoo,Consumer Discretionary,Advertising,10202337.04379562,55.908807,2026-10-08
U,Unity Software Inc.,Technology,Computer Software: Prepackaged Software,440088932.99221355,19781.997538,2026-10-08
UA,Under Armour Inc.,Consumer Discretionary,Apparel,429545541.10169494,2027.454954,2026-10-08
UAA,Under Armour Inc.,Consumer Discretionary,Apparel,429545540.9836066,2096.18224,2026-10-08
UAC,United Acquisition Corp. I,Finance,Blank Checks,0.0,0.0,2026-10-08
UAL,United Airlines Holdings Inc.,Consumer Discretionary,Air Freight/Delivery Services,324583772.003218,36311.186574,2026-10-08
UAMY,United States Antimony Corporation,Industrials,Metal Fabrications,149669383.95989975,597.180842,2026-10-08
UAN,CVR Partners LP Common Units representing Limited Partner Interests,Industrials,Agricultural Chemicals,10569636.997126436,1324.164123,2026-10-08
UAVS,AgEagle Aerial Systems Inc.,Industrials,Aerospace,62905706.36504768,56.728366,2026-10-08
UBCP,United Bancorp Inc.,Finance,Major Banks,5735518.008474576,81.214935,2026-10-08
UBER,Uber Technologies Inc.,Consumer Discretionary,Business Services,2042560121.0046325,141100.053159,2026-10-08
UBS,UBS Group AG Registered,Finance,Major Banks,3103435259.0055704,150423.507004,2026-10-08
UBSI,United Bankshares Inc.,Finance,Major Banks,136212570.99435517,6273.95102,2026-10-08
UCAR,U Power Limited,Miscellaneous,Industrial Machinery/Components,1774937.984496124,6.86901,2026-10-08
UCB,United Community Banks Inc.,Finance,Major Banks,120575502.99525504,4065.805961,2026-10-08
UCL,uCloudlink Group Inc.,Consumer Discretionary,Telecommunications Equipment,38092248.41660802,10.825817,2026-10-08
UCTT,Ultra Clean Holdings Inc.,Technology,Semiconductors,45277029.00054615,3316.089604,2026-10-08
UDR,UDR Inc.,Real Estate,Real Estate Investment Trusts,321264221.9994102,10894.069768,2026-10-08
UE,Urban Edge Properties,Finance,Real Estate,126244466.02040815,2474.391534,2026-10-08
UEC,Uranium Energy Corp.,Basic Materials,Other Metals and Minerals,495584664.9851632,5010.360963,2026-10-08
UEIC,Universal Electronics Inc.,Consumer Staples,Consumer Electronics/Appliances,12885061.981981982,71.512094,2026-10-08
UFCS,United Fire Group Inc.,Finance,Property-Casualty Insurers,25705439.001275744,1410.457438,2026-10-08
UFG,Uni-Fuels Holdings Limited,Energy,Oil Refining/Marketing,32465001.283697046,12.645118,2026-10-08
UFI,Unifi Inc. New,Consumer Discretionary,Textiles,18588837.042682927,121.942771,2026-10-08
UFPI,UFP Industries Inc.,Basic Materials,Forest Products,55161491.0,4357.757789,2026-10-08
UFPT,UFP Technologies Inc.,Health Care,Medical/Dental Instruments,7745789.999009476,2345.967417,2026-10-08
UG,United-Guardian Inc.,Consumer Discretionary,Package Goods/Cosmetics,4594318.941504179,32.98721,2026-10-08
UGI,UGI Corporation,Utilities,Natural Gas Distribution,214494966.99865413,7968.488024,2026-10-08
UGP,Ultrapar Participacoes S.A. (New),Utilities,Oil/Gas Transmission,1112810191.989664,8613.150886,2026-10-08
UHAL,U-Haul Holding Company,Consumer Discretionary,Rental/Leasing Companies,194393495.0057689,11793.853342,2026-10-08
UHS,Universal Health Services Inc.,Health Care,Hospital/Nursing Management,58936514.99887057,10436.478076,2026-10-08
UHT,Universal Health Realty Income Trust,Real Estate,Real Estate Investment Trusts,13898683.992517369,520.088755,2026-10-08
UI,Ubiquiti Inc.,Technology,Radio And Television Broadcasting And Communications Equipment,60528381.00019155,37919.820129,2026-10-08
UIS,Unisys Corporation New,Technology,EDP Services,72915954.97835498,168.435856,2026-10-08
UK,Ucommune International Ltd,Consumer Discretionary,Business Services,677951.0101010101,1.342343,2026-10-08
UL,Unilever PLC,Consumer Discretionary,Package Goods/Cosmetics,2154327343.996711,130983.102515,2026-10-08
ULBI,Ultralife Corporation,Miscellaneous,Industrial Machinery/Components,16663268.960244648,108.977779,2026-10-08
ULCC,Frontier Group Holdings Inc.,Consumer Discretionary,Air Freight/Delivery Services,230215771.04,1438.848569,2026-10-08
ULH,Universal Logistics Holdings Inc.,Industrials,Trucking Freight/Courier Services,26367805.014749262,446.934295,2026-10-08
ULS,UL Solutions Inc.,Health Care,Precision Instruments,201898172.99985373,13803.778088,2026-10-08
ULTA,Ulta Beauty Inc.,Consumer Discretionary,Other Specialty Stores,42757471.00074915,23400.736304,2026-10-08
UMAC,Unusual Machines Inc.,Technology,Radio And Television Broadcasting And Communications Equipment,49956505.00894455,1117.027452,2026-10-08
UMBF,UMB Financial Corporation,Finance,Major Banks,75950029.99692497,9879.579902,2026-10-08
UMBFO,UMB Financial Corporation,Finance,Major Banks,75950030.01964636,1932.928264,2026-10-08
UMC,United Microelectronics Corporation (NEW),Technology,Semiconductors,2517631268.9952564,58383.869128,2026-10-08
UMH,UMH Properties Inc.,Real Estate,Real Estate Investment Trusts,85385600.0,1316.645952,2026-10-08
UNB,Union Bankshares Inc.,Finance,Major Banks,4945867.991266375,113.260377,2026-10-08
UNCY,Unicycive Therapeutics Inc.,Health Care,Biotechnology: Pharmaceutical Preparations,27855256.97399527,117.827737,2026-10-08
UNF,Unifirst Corporation,Consumer Discretionary,Other Consumer Services,18084173.001747973,4552.148028,2026-10-08
UNFI,United Natural Foods Inc.,Consumer Discretionary,Food Distributors,60317083.99187175,2671.44365,2026-10-08
UNH,UnitedHealth Group Incorporated,Health Care,Medical Specialities,897594846.9998937,337782.892823,2026-10-08
UNIT,Uniti Group Inc.,Real Estate,Real Estate Investment Trusts,242725135.06172842,1966.073594,2026-10-08
UNM,Unum Group,Finance,Accident &Health Insurance,158306797.9962975,14537.31326,2026-10-08
UNMA,Unum Group 6.250% Junior Subordinated Notes due 2058,Finance,Accident &Health Insurance,170313240.0,3602.125026,2026-10-08
UNP,Union Pacific Corporation,Industrials,Railroads,594075498.0007954,164327.223502,2026-10-08
UNTY,Unity Bancorp Inc.,Finance,Major Banks,10042578.001086367,554.651583,2026-10-08
UONE,Urban One Inc.,Consumer Discretionary,Broadcasting,4614964.044454129,19.060263,2026-10-08
UONEK,Urban One Inc. Class D,Consumer Discretionary,Broadcasting,4614964.0,16.152374,2026-10-08
UP,Wheels Up Experience Inc.,Consumer Discretionary,Transportation Services,36275840.9221902,125.877168,2026-10-08
UPB,Upstream Bio Inc.,Health Care,Biotechnology: Pharmaceutical Preparations,54771040.95860567,251.399078,2026-10-08
UPBD,Upbound Group Inc.,Consumer Discretionary,Diversified Commercial Services,58299405.013020836,895.478861,2026-10-08
UPC,Universe Pharmaceuticals Inc.,Health Care,Biotechnology: Pharmaceutical Preparations,5024390.023752969,21.152682,2026-10-08
UPLD,Upland Software Inc.,Technology,Computer Software: Prepackaged Software,2957190.9090909087,11.059894,2026-10-08
UPS,United Parcel Service Inc.,Industrials,Trucking Freight/Courier Services,850781581.9997852,79216.2731,2026-10-08
UPST,Upstart Holdings Inc.,Finance,Finance: Consumer Services,97313046.0184409,2321.889278,2026-10-08
UPWK,Upwork Inc.,Technology,EDP Services,124903364.95215312,1044.192131,2026-10-08
UPXI,Upexi Inc.,Finance,Finance: Consumer Services,88178457.01754387,100.523441,2026-10-08
URBN,Urban Outfitters Inc.,Consumer Discretionary,Clothing/Shoe/Accessory Stores,85660180.99688473,6874.229525,2026-10-08
URG,Ur Energy Inc,Basic Materials,Precious Metals,397863719.64285713,445.607366,2026-10-08
URGN,UroGen Pharma Ltd.,Health Care,Biotechnology: Pharmaceutical Preparations,48880564.01158581,2025.121767,2026-10-08
URI,United Rentals Inc.,Consumer Discretionary,Diversified Commercial Services,62242488.999833435,67260.478463,2026-10-08
UROY,Uranium Royalty Corp.,Finance,Investment Bankers/Brokers/Service,377210623.1132075,1599.373042,2026-10-08
USA,Liberty All-Star Equity Fund,Finance,Finance Companies,0.0,0.0,2026-10-08
USAR,USA Rare Earth Inc.,Basic Materials,Metal Mining,375076567.0305677,5153.552031,2026-10-08
USAS,Americas Gold and Silver Corporation,Basic Materials,Metal Mining,338157614.09395975,1511.564535,2026-10-08
USAU,U.S. Gold Corp.,Basic Materials,Metal Mining,16528663.006993007,236.359881,2026-10-08
USB,U.S. Bancorp,Finance,Major Banks,1558051445.9940653,89260.767341,2026-10-08
USBC,USBC Inc.,Finance,Finance: Consumer Services,388144429.48134667,213.285364,2026-10-08
USCB,USCB Financial Holdings Inc.,Finance,Major Banks,18474470.0,411.980681,2026-10-08
USDE,StablecoinX Inc.,Finance,Finance: Consumer Services,27187129.03000698,389.591559,2026-10-08
USDEW,StablecoinX Inc. Warrants,Finance,Finance: Consumer Services,27187128.995714918,110.396056,2026-10-08
USEA,United Maritime Corporation,Consumer Discretionary,Marine Transportation,9543138.951310862,25.480181,2026-10-08
USFD,US Foods Holding Corp.,Consumer Discretionary,Food Distributors,216330722.9980317,20882.404691,2026-10-08
USGO,U.S. GoldMining Inc.,Basic Materials,Precious Metals,14035736.07305936,92.214786,2026-10-08
USIO,Usio Inc.,Finance,Investment Bankers/Brokers/Service,28495414.13427562,80.642022,2026-10-08
USLM,United States Lime & Minerals Inc.,Industrials,Mining & Quarrying of Nonmetallic Minerals (No Fuels),28688362.999731686,3207.645867,2026-10-08
USNA,USANA Health Sciences Inc.,Health Care, Medicinal Chemicals and Botanical Products ,18476533.985165205,274.006999,2026-10-08
USPH,U.S. Physical Therapy Inc.,Health Care,Medical/Nursing Services,14922698.003108934,1247.985234,2026-10-08
UTF,Cohen & Steers Infrastructure Fund Inc,Finance,Finance Companies,0.0,0.0,2026-10-08
UTG,Reaves Utility Income Fund,Finance,Investment Managers,0.0,0.0,2026-10-08
UTHR,United Therapeutics Corporation,Health Care,Biotechnology: Pharmaceutical Preparations,42890691.99992615,23230.456601,2026-10-08
UTI,Universal Technical Institute Inc,Real Estate,Other Consumer Services,55095231.01169293,1083.723194,2026-10-08
UTL,UNITIL Corporation,Utilities,Power Generation,18236673.99374756,933.352975,2026-10-08
UTMD,Utah Medical Products Inc.,Health Care,Medical/Dental Instruments,3183818.0008126777,235.061283,2026-10-08
UTSI,UTStarcom Holdings Corp.,Telecommunications,Telecommunications Equipment,9494110.087719299,21.646571,2026-10-08
UTZ,Utz Brands Inc,Consumer Staples,Packaged Foods,143962213.0343378,2054.34078,2026-10-08
UUU,Universal Safety Products Inc.,Technology,Electronic Components,3028462.9032258065,15.021176,2026-10-08
UUUU,Energy Fuels Inc,Industrials,Mining & Quarrying of Nonmetallic Minerals (No Fuels),249867000.0,2813.50242,2026-10-08
UVE,UNIVERSAL INSURANCE HOLDINGS INC,Finance,Property-Casualty Insurers,27830354.99885084,1210.898746,2026-10-08
UVSP,Univest Financial Corporation,Finance,Major Banks,27580767.996132463,1141.016372,2026-10-08
UVV,Universal Corporation,Industrials,Farming/Seeds/Milling,24899257.00234192,1063.198274,2026-10-08
UWMC,UWM Holdings Corporation,Finance,Finance: Consumer Services,1606961480.8333335,1928.353777,2026-10-08
UXIN,Uxin Limited,Consumer Discretionary,Business Services,219980260.8,274.975326,2026-10-08
UYSC,UY Scuti Acquisition Corp.,Finance,Blank Checks,0.0,0.0,2026-10-08
UYSCR,UY Scuti Acquisition Corp. Rights,Finance,Blank Checks,0.0,0.0,2026-10-08
UYSCU,UY Scuti Acquisition Corp. Units,,,0.0,0.0,2026-10-08
UZD,Array Digital Infrastructure Inc. 6.250% Senior Notes due 2069,Telecommunications,Telecommunications Equipment,86000000.0,1577.24,2026-10-08
UZE,Array Digital Infrastructure Inc. 5.500% Senior Notes due 2070,Telecommunications,Telecommunications Equipment,86000000.0,1376.0,2026-10-08
UZF,Array Digital Infrastructure Inc. 5.500% Senior Notes due 2070,Telecommunications,Telecommunications Equipment,86000000.0,1377.72,2026-10-08
UZX,Linkage Global Inc.,Consumer Discretionary,Catalog/Specialty Distribution,3552190.3225806453,4.404716,2026-10-08
V,Visa Inc.,Consumer Discretionary,Business Services,1786755225.0,662242.956594,2026-10-08
VABK,Virginia National Bankshares Corporation,Finance,Major Banks,5425281.993769471,261.227328,2026-10-08
VAC,Marriott Vacations Worldwide Corporation,Finance,Real Estate,34395319.99617481,3596.718612,2026-10-08
VAI,Valor Energy Incorporated,Consumer Discretionary,Rental/Leasing Companies,14557488.983050847,34.355674,2026-10-08
VAL,Valaris Limited,Energy,Oil & Gas Production,69435807.0,5693.736174,2026-10-08
VALE,VALE S.A.,Basic Materials,Metal Mining,4269514352.9829545,60114.76209,2026-10-08
VALN,Valneva SE,Health Care,Biotechnology: Biological Products (No Diagnostic Substances),94885618.94197951,556.029727,2026-10-08
VALU,Value Line Inc.,Finance,Investment Managers,9382098.0,384.666018,2026-10-08
VANI,Vivani Medical Inc.,Health Care,Biotechnology: Electromedical & Electrotherapeutic Apparatus,90203355.64516129,111.852161,2026-10-08
VATE,INNOVATE Corp.,Industrials,Metal Fabrications,13641866.063977746,98.085017,2026-10-08
VBF,Invesco Bond Fund,Finance,Trusts Except Educational Religious and Charitable,0.0,0.0,2026-10-08
VBIO,Valion Bio Inc.,Health Care,Biotechnology: Electromedical & Electrotherapeutic Apparatus,1285731.0924369749,3.06004,2026-10-08
VBNK,VersaBank,Finance,Commercial Banks,32419078.994614,722.29708,2026-10-08
VC,Visteon Corporation,Consumer Discretionary,Auto Parts:O.E.M.,26695429.000111967,2384.168764,2026-10-08
VCEL,Vericel Corporation,Health Care,Biotechnology: Biological Products (No Diagnostic Substances),51206614.00749064,2050.824891,2026-10-08
VCIG,VCI Global Limited Ordinary Share,Consumer Discretionary,Diversified Commercial Services,2113473.0496453904,2.979997,2026-10-08
VCRE,Vicore Pharma Holding AB,Health Care,Biotechnology: Pharmaceutical Preparations,281525593.02059495,2460.533683,2026-10-08
VCTR,Victory Capital Holdings Inc.,Finance,Investment Managers,61509571.9982433,7002.864772,2026-10-08
VCV,Invesco California Value Municipal Income Trust,Finance,Trusts Except Educational Religious and Charitable,47890525.027932964,428.620199,2026-10-08
VCX,Fundrise Innovation Fund LLC,,,0.0,0.0,2026-10-08
VCYT,Veracyte Inc.,Health Care,Medical Specialities,80390730.99664053,3589.446139,2026-10-08
VECA,Vernal Capital Acquisition Corp.,Finance,Blank Checks,0.0,0.0,2026-10-08
VECO,Veeco Instruments Inc.,Technology,Industrial Machinery/Components,61129640.003592595,3403.087059,2026-10-08
VEEA,Veea Inc.,Technology,EDP Services,3110708.0971659916,15.366898,2026-10-08
VEEAW,Veea Inc. Warrant,Technology,EDP Services,3110694.4444444445,0.111985,2026-10-08
VEEE,Twin Vee PowerCats Co.,Industrials,Marine Transportation,584320.9923664122,6.123684,2026-10-08
VEEV,Veeva Systems Inc.,Technology,Computer Software: Prepackaged Software,161908850.0,45901.158975,2026-10-08
VEL,Velocity Financial Inc.,Finance,Finance: Consumer Services,39481457.0275723,587.089266,2026-10-08
VELO,Velo3D Inc.,Technology,Industrial Machinery/Components,32149117.972831763,307.667059,2026-10-08
VENU,Venu Holding Corporation,Consumer Discretionary,Services-Misc. Amusement & Recreation,58869339.16083916,84.183155,2026-10-08
VEON,VEON Ltd.,Telecommunications,Telecommunications Equipment,68861195.00065437,5261.68391,2026-10-08
VERA,Vera Therapeutics Inc.,Health Care,Biotechnology: Pharmaceutical Preparations,72063335.01019715,2120.103316,2026-10-08
VERI,Veritone Inc.,Technology,EDP Services,121628127.00964631,90.783234,2026-10-08
VERU,Veru Inc.,Health Care,Biotechnology: Pharmaceutical Preparations,17050319.83805668,42.11429,2026-10-08
VERX,Vertex Inc.,Technology,Computer Software: Prepackaged Software,162217979.98372662,1993.658974,2026-10-08
VET,Vermilion Energy Inc. Common (Canada),Energy,Oil & Gas Production,153200000.0,1777.12,2026-10-08
VFC,V.F. Corporation,Industrials,Garments and Clothing,393134570.0346021,5680.794537,2026-10-08
VFF,Village Farms International Inc.,Consumer Staples,Farming/Seeds/Milling,122286297.13261649,341.178769,2026-10-08
VFS,VinFast Auto Ltd.,Industrials,Auto Manufacturing,2339536010.064935,7205.770911,2026-10-08
VFSWW,VinFast Auto Ltd. Warrant,Industrials,Auto Manufacturing,2339536010.4041615,584.650049,2026-10-08
VG,Venture Global Inc.,Utilities,Oil/Gas Transmission,2500092850.99926,33776.254417,2026-10-08
VGAS,Verde Clean Fuels Inc.,Industrials,Major Chemicals,44549621.29629629,48.113591,2026-10-08
VGASW,Verde Clean Fuels Inc. Warrant,Industrials,Major Chemicals,44549625.0,0.712794,2026-10-08
VGI,Virtus Global Multi-Sector Income Fund,Finance,Investment Managers,0.0,0.0,2026-10-08
VGM,Invesco Trust for Investment Grade Municipals,Finance,Trusts Except Educational Religious and Charitable,54231968.03185438,476.698999,2026-10-08
VGNT,Versigent PLC,Consumer Discretionary,Auto Parts:O.E.M.,70835264.99894448,3355.466503,2026-10-08
VGZ,Vista Gold Corp,Basic Materials,Precious Metals,145971345.8955224,391.203207,2026-10-08
VHC,VirnetX Holding Corp,Miscellaneous,Multi-Sector Companies,4196009.033877039,50.163288,2026-10-08
VHCP,Vine Hill Capital Investment Corp. II,,,0.0,0.0,2026-10-08
VHI,Valhi Inc.,Basic Materials,Major Chemicals,28321192.989417993,428.216438,2026-10-08
VHUB,VenHub Global Inc.,Technology,Industrial Machinery/Components,97427857.83132531,40.432561,2026-10-08
VIA,Via Transportation Inc.,Technology,Computer Software: Prepackaged Software,81505613.00681154,2512.818049,2026-10-08
VIAV,Viavi Solutions Inc.,Technology,Semiconductors,247640123.99252182,11921.395569,2026-10-08
VICI,VICI Properties Inc.,Real Estate,Real Estate Investment Trusts,1101077561.9885614,25027.492984,2026-10-08
VICR,Vicor Corporation,Technology,Industrial Machinery/Components,46106731.99906445,13799.28382,2026-10-08
VIDA,VIDA Global Inc.,Technology,Computer Software: Prepackaged Software,14582931.78807947,22.020227,2026-10-08
VII,Viking Acquisition Corp. II,,,0.0,0.0,2026-10-08
VIK,Viking Holdings Ltd,Consumer Discretionary,Marine Transportation,445786039.00048995,36393.972224,2026-10-08
VINP,Vinci Compass Investments Ltd.,Finance,Investment Managers,65422098.04651163,703.287554,2026-10-08
VIOT,Viomi Technology Co. Ltd,Consumer Discretionary,Consumer Electronics/Appliances,67321730.20134228,100.309378,2026-10-08
VIP,Vulcan Infrastructure and Power Inc.,Finance,Finance: Consumer Services,38281147.26027397,55.890475,2026-10-08
VIPS,Vipshop Holdings Limited,Consumer Discretionary,Catalog/Specialty Distribution,480270540.0,6123.449385,2026-10-08
VIR,Vir Biotechnology Inc.,Health Care,Biotechnology: Biological Products (No Diagnostic Substances),169215958.0172414,1962.905113,2026-10-08
VIRC,Virco Manufacturing Corporation,Consumer Discretionary,Industrial Specialties,15763815.0,104.041179,2026-10-08
VIRT,Virtu Financial Inc.,Finance,Investment Bankers/Brokers/Service,155200227.0042194,9563.437988,2026-10-08
VISN,Vistance Networks Inc.,Technology,Radio And Television Broadcasting And Communications Equipment,230626412.03252032,1418.352434,2026-10-08
VIST,Vista Energy S.A.B. de C.V.,Energy,Oil & Gas Production,111317401.99818346,7353.627576,2026-10-08
VITL,Vital Farms Inc.,Consumer Staples,Packaged Foods,42931522.02127659,403.556307,2026-10-08
VIV,Telefonica Brasil S.A.,Telecommunications,Telecommunications Equipment,1597803176.028481,20196.232145,2026-10-08
VIVK,Vivakor Inc.,Utilities,Environmental Services,598793.9583333334,2.874211,2026-10-08
VIVO,VivoPower PLC,Utilities,Power Generation,31993555.015197568,105.258796,2026-10-08
VIVS,VivoSim Labs Inc.,Health Care,Biotechnology: Biological Products (No Diagnostic Substances),16586493.313521545,3.348813,2026-10-08
VJET,Flyte Aviation Inc.,Industrials,Industrial Machinery/Components,,,2026-10-08
VKI,Invesco Advantage Municipal Income Trust II,Finance,Finance Companies,44406020.0,346.366956,2026-10-08
VKQ,Invesco Municipal Trust,Finance,Trusts Except Educational Religious and Charitable,55335514.970760226,473.118653,2026-10-08
VKTX,Viking Therapeutics Inc.,Health Care,Biotechnology: Pharmaceutical Preparations,125688650.9866103,3567.043915,2026-10-08
VLGEA,Village Super Market Inc.,Consumer Staples,Food Chains,14809491.010978958,647.470947,2026-10-08
VLN,Valens Semiconductor Ltd.,Technology,Semiconductors,105292700.0,197.950276,2026-10-08
VLO,Valero Energy Corporation,Energy,Integrated oil Companies,287927460.9989981,120704.9502,2026-10-08
VLOS,Velos Acquisition I Corp.,,,0.0,0.0,2026-10-08
VLOSU,Velos Acquisition I Corp. Units,Finance,Blank Checks,0.0,0.0,2026-10-08
VLOSW,Velos Acquisition I Corp. Warrant,Finance,Blank Checks,0.0,0.0,2026-10-08
VLRS,Controladora Vuela Compania de Aviacion S.A.B. de C.V.,Consumer Discretionary,Air Freight/Delivery Services,116195921.07692307,755.273487,2026-10-08
VLT,Invesco High Income Trust II,Finance,Trusts Except Educational Religious and Charitable,0.0,0.0,2026-10-08
VLTO,Veralto Corp,Industrials,Electrical Products,243793344.00207362,23513.868029,2026-10-08
VLY,Valley National Bancorp,Finance,Major Banks,552605225.9668509,7001.508213,2026-10-08
VLYPN,Valley National Bancorp 8.250% Fixed-Rate Reset Non-Cumulative Perpetual Preferred Stock Series C,Finance,Major Banks,552605226.005201,13812.367624,2026-10-08
VLYPO,Valley National Bancorp 5.50% Fixed-to-Floating Rate Non-Cumulative Perpetual Preferred Stock Series B,Finance,Major Banks,552605226.0080645,13704.609605,2026-10-08
VLYPP,Valley National Bancorp 6.25% Fixed-to-Floating Rate Non-Cumulative Perpetual Preferred Stock Series A,Finance,Major Banks,552605226.0123073,13820.490921,2026-10-08
VMAR,Vision Marine Technologies Inc.,Industrials,Marine Transportation,653045.9375,4.179494,2026-10-08
VMC,Vulcan Materials Company (Holding Company),Industrials,Mining & Quarrying of Nonmetallic Minerals (No Fuels),129578738.99939723,32245.6692,2026-10-08
VMD,Viemed Healthcare Inc.,Health Care,Misc Health and Biotechnology Services,38088227.97427653,355.363167,2026-10-08
VMET,Versamet Royalties Corporation,Industrials,Precious Metals,108829507.03575549,943.551826,2026-10-08
VMI,Valmont Industries Inc.,Industrials,Metal Fabrications,19304858.000780463,9399.342312,2026-10-08
VMO,Invesco Municipal Opportunity Trust,Finance,Trusts Except Educational Religious and Charitable,67440684.95260663,569.199381,2026-10-08
VMRK,Vivmark Residential,Real Estate,Real Estate Investment Trusts,787500000.0,47541.375,2026-10-08
VNCE,Vince Holding Corp.,Consumer Discretionary,Clothing/Shoe/Accessory Stores,12944749.019607844,158.443728,2026-10-08
VNDA,Vanda Pharmaceuticals Inc.,Health Care,Biotechnology: Pharmaceutical Preparations,60462686.94690266,273.291345,2026-10-08
VNET,VNET Group Inc.,Technology,Computer Software: Programming Data Processing,284828460.0,1538.073684,2026-10-08
VNME,Vendome Acquisition Corporation I,Finance,Blank Checks,0.0,0.0,2026-10-08
VNO,Vornado Realty Trust,Real Estate,Real Estate Investment Trusts,186720530.99642003,6258.872199,2026-10-08
VNOM,Viper Energy Inc.,Energy,Oil & Gas Production,359194893.0031257,14938.9156,2026-10-08
VNRX,VolitionRX Limited,Health Care,Biotechnology: In Vitro & In Vivo Diagnostic Substances,30060666.941128034,7.301736,2026-10-08
VNT,Vontier Corporation,Industrials,Industrial Machinery/Components,135200000.0,4439.968,2026-10-08
VNTG,Vantage Corp,Industrials,Integrated Freight & Logistics,30660889.570552148,19.9909,2026-10-08
VOC,VOC Energy Trust Units of Beneficial Interest,Energy,Oil & Gas Production,17000000.0,58.14,2026-10-08
VOD,Vodafone Group Plc,Telecommunications,Telecommunications Equipment,2314296115.0030246,38255.314781,2026-10-08
VOGX,Vogenx Inc,Health Care,Biotechnology: Pharmaceutical Preparations,14855087.004270896,243.474876,2026-10-08
VOR,Vor Biopharma Inc.,Health Care,Biotechnology: Biological Products (No Diagnostic Substances),59162293.99235391,1083.261603,2026-10-08
VOXR,Vox Royalty Corp.,Basic Materials,Precious Metals,69495284.01559454,356.510807,2026-10-08
VOYA,Voya Financial Inc.,Finance,Life Insurance,90596348.99815989,8862.134859,2026-10-08
VOYG,Voyager Technologies Inc.,Industrials,Military/Government/Technical,61967757.998704664,1913.564367,2026-10-08
VPG,Vishay Precision Group Inc.,Technology,Electrical Products,13320429.996149404,1037.794701,2026-10-08
VPV,Invesco Pennsylvania Value Municipal Income Trust,Finance,Trusts Except Educational Religious and Charitable,23829543.967093237,260.695211,2026-10-08
VRA,Vera Bradley Inc.,Consumer Discretionary,Apparel,28688663.976377953,145.738413,2026-10-08
VRAX,Virax Biolabs Group Limited,Health Care,Biotechnology: In Vitro & In Vivo Diagnostic Substances,1344988.1773399017,2.730326,2026-10-08
VRCA,Verrica Pharmaceuticals Inc.,Health Care,Biotechnology: Pharmaceutical Preparations,17178785.98574822,72.322689,2026-10-08
VRDN,Viridian Therapeutics Inc.,Health Care,Biotechnology: Pharmaceutical Preparations,113292268.99012075,2064.185141,2026-10-08
VREX,Varex Imaging Corporation,Technology,Industrial Machinery/Components,42100000.0,778.008,2026-10-08
VRM,Vroom Inc.,Consumer Discretionary,Retail-Auto Dealers and Gas Stations,5234353.048128342,48.941201,2026-10-08
VRNS,Varonis Systems Inc.,Technology,Computer Software: Prepackaged Software,114860485.00407499,5637.352604,2026-10-08
VRRM,Verra Mobility Corporation,Consumer Discretionary,Transportation Services,151982803.90070924,428.591507,2026-10-08
VRSK,Verisk Analytics Inc.,Technology,EDP Services,130156011.9975787,21501.773182,2026-10-08
VRSN,VeriSign Inc.,Technology,EDP Services,90300000.0,26466.93,2026-10-08
VRT,Vertiv Holdings LLC,Technology,Industrial Machinery/Components,384988172.99913096,97455.906113,2026-10-08
VRTS,Virtus Investment Partners Inc.,Finance,Investment Managers,6622690.001514922,874.327534,2026-10-08
VRTX,Vertex Pharmaceuticals Incorporated,Health Care,Biotechnology: Pharmaceutical Preparations,253460923.99912405,127315.956734,2026-10-08
VRXA,Veraxa Biotech AG,Health Care,Biotechnology: Pharmaceutical Preparations,141407812.96296296,152.720438,2026-10-08
VRXAW,Veraxa Biotech AG Warrants,Health Care,Biotechnology: Pharmaceutical Preparations,141407811.55015197,4.652317,2026-10-08
VS,Versus Systems Inc.,Technology,EDP Services,6212646.296296296,6.709658,2026-10-08
VSA,VisionSys AI Inc.,Real Estate,Other Consumer Services,2792936.150234742,5.948954,2026-10-08
VSAT,ViaSat Inc.,Consumer Discretionary,Telecommunications Equipment,137755810.0026889,10246.277148,2026-10-08
VSEC,VSE Corporation,Consumer Discretionary,Military/Government/Technical,28064972.00261159,4728.386483,2026-10-08
VSECU,VSE Corporation Tangible Equity Units,,,28064971.993776392,1262.64309,2026-10-08
VSH,Vishay Intertechnology Inc.,Technology,Electrical Products,153379166.9926004,5803.867679,2026-10-08
VSME,VS Media Holdings Limited,Consumer Discretionary,Advertising,4562631.755999103,4.068955,2026-10-08
VSNT,Versant Media Group Inc.,Industrials,Broadcasting,138792302.98697174,4367.793775,2026-10-08
VST,Vistra Corp.,Utilities,Electric Utilities: Central,335635195.00311524,53869.448798,2026-10-08
VSTM,Verastem Inc.,Health Care,Biotechnology: Pharmaceutical Preparations,90563441.03225806,701.866668,2026-10-08
VSTS,Vestis Corporation,Consumer Discretionary,Consumer Specialties,132160105.02873564,1839.668662,2026-10-08
VSXY,Victorias Secret & Co.,Consumer Discretionary,Clothing/Shoe/Accessory Stores,79764039.0057586,6787.122079,2026-10-08
VTEX,VTEX,Technology,Computer Software: Prepackaged Software,172993478.94736844,657.37522,2026-10-08
VTGN,Vistagen Therapeutics Inc.,Health Care,Biotechnology: Pharmaceutical Preparations,44376911.41260974,11.120854,2026-10-08
VTIX,Virtuix Holdings Inc.,Technology,Computer peripheral equipment,33971348.7394958,40.425905,2026-10-08
VTMX,Corporacion Inmobiliaria Vesta S.A.B de C.V.,Finance,Real Estate,88448643.99160923,2951.53125,2026-10-08
VTN,Invesco Trust for Investment Grade New York Municipals,Finance,Finance Companies,19485978.9968652,186.480819,2026-10-08
VTOL,Bristow Group Inc.,Consumer Discretionary,Transportation Services,29642000.0,1194.86902,2026-10-08
VTR,Ventas Inc.,Real Estate,Real Estate Investment Trusts,512946359.00317615,41989.788948,2026-10-08
VTRS,Viatris Inc.,Health Care,Biotechnology: Pharmaceutical Preparations,1148590864.0250857,20146.283755,2026-10-08
VTS,Vitesse Energy Inc.,Energy,Oil & Gas Production,42104316.981132075,714.089216,2026-10-08
VTSI,VirTra Inc.,Consumer Discretionary,Miscellaneous manufacturing industries,11319623.913043479,31.242162,2026-10-08
VTVT,vTv Therapeutics Inc.,Health Care,Biotechnology: Pharmaceutical Preparations,3953928.005328005,118.736458,2026-10-08
VUZI,Vuzix Corporation,Technology,Radio And Television Broadcasting And Communications Equipment,84414230.0341297,247.333694,2026-10-08
VVOS,Vivos Therapeutics Inc.,Health Care,Medical/Dental Instruments,33609394.92517892,5.165764,2026-10-08
VVR,Invesco Senior Income Trust,Finance,Trusts Except Educational Religious and Charitable,0.0,0.0,2026-10-08
VVV,Valvoline Inc.,Industrials,Major Chemicals,127586418.01101393,3938.592724,2026-10-08
VVX,V2X Inc.,Consumer Discretionary,Diversified Commercial Services,31345358.004509587,2224.266604,2026-10-08
VWAV,VisionWave Holdings Inc.,Technology,Computer Software: Prepackaged Software,2373771.0317460317,11.963806,2026-10-08
VWAVW,VisionWave Holdings Inc. Warrant,Technology,Computer Software: Prepackaged Software,2373763.9198218263,0.106582,2026-10-08
VYGR,Voyager Therapeutics Inc.,Health Care,Biotechnology: Biological Products (No Diagnostic Substances),61617947.967479676,151.580152,2026-10-08
VYLR,Vylor Inc.,Consumer Staples,Farming/Seeds/Milling,667195999.9999999,48658.60428,2026-10-08
VYX,NCR Voyix Corporation,Miscellaneous,Office Equipment/Supplies/Services,138069898.06835067,929.210414,2026-10-08
VZ,Verizon Communications Inc.,Telecommunications,Telecommunications Equipment,4154775202.00087,191036.563788,2026-10-08
VZLA,Vizsla Silver Corp.,Basic Materials,Precious Metals,355056871.95467424,1253.350758,2026-10-08
W,Wayfair Inc.,Consumer Discretionary,Catalog/Specialty Distribution,136968070.00474158,14443.282982,2026-10-08
WAB,Westinghouse Air Brake Technologies Corporation,Industrials,Railroads,168910850.99945045,49180.083377,2026-10-08
WABC,Westamerica Bancorporation,Finance,Major Banks,23111153.005278394,1357.318016,2026-10-08
WAFD,WaFd Inc.,Finance,Major Banks,73995238.00133689,2213.937521,2026-10-08
WAFDP,WaFd Inc.,Finance,Major Banks,73995238.0116959,1138.786713,2026-10-08
WAFU,Wah Fu Education Group Limited,Real Estate,Other Consumer Services,4410558.904109589,6.439416,2026-10-08
WAL,Western Alliance Bancorporation,Finance,Major Banks,109100864.00315416,8301.484742,2026-10-08
WASH,Washington Trust Bancorp Inc.,Finance,Major Banks,19074321.00994244,729.020549,2026-10-08
WAT,Waters Corporation,Industrials,Biotechnology: Laboratory Analytical Instruments,98248111.00061865,42878.423084,2026-10-08
WATR,Air Water Ventures Limited,Consumer Staples,Beverages (Production/Distribution),31639453.908355795,58.691187,2026-10-08
WATT,Energous Corporation,Technology,Radio And Television Broadcasting And Communications Equipment,5527071.0213776715,69.806907,2026-10-08
WAVE,Eco Wave Power Global AB (publ),Utilities,Electric Utilities: Central,6239663.917525773,36.314844,2026-10-08
WAY,Waystar Holding Corp.,Technology,EDP Services,191748415.9848485,5062.158182,2026-10-08
WB,Weibo Corporation,Technology,Computer Software: Programming Data Processing,245672571.9568567,1594.414992,2026-10-08
WBI,WaterBridge Infrastructure LLC Class A Shares Representing Limited Liability Company Interests,Energy,Oilfield Services/Equipment,123666706.01328903,3722.367851,2026-10-08
WBTN,WEBTOON Entertainment Inc.,Consumer Discretionary,Publishing,135711070.0,1384.252914,2026-10-08
WBUY,WEBUY GLOBAL LTD.,Consumer Discretionary,Other Specialty Stores,5481104.054054054,4.056017,2026-10-08
WBX,Wallbox N.V.,Consumer Discretionary,Industrial Specialties,23891098.880597014,64.028145,2026-10-08
WCC,WESCO International Inc.,Consumer Discretionary,Telecommunications Equipment,48732854.000364505,18717.801893,2026-10-08
WCCB,West Coast Community Bancorp,Finance,Major Banks,10524083.006215245,643.442435,2026-10-08
WCN,Waste Connections Inc.,Utilities,Environmental Services,255225027.9976717,39462.893829,2026-10-08
WCT,Wellchange Holdings Company Limited,Technology,Computer Software: Prepackaged Software,10741065.744704204,9.786185,2026-10-08
WD,Walker & Dunlop Inc,Finance,Finance: Consumer Services,34325745.01424501,1204.83365,2026-10-08
WDAY,Workday Inc.,Technology,EDP Services,241000000.0,44958.55,2026-10-08
WDC,Western Digital Corporation,Technology,Electronic Components,373567979.9995134,153551.382499,2026-10-08
WDFC,WD-40 Company,Industrials,Major Chemicals,13421095.99843268,2740.18517,2026-10-08
WDH,Waterdrop Inc.,Finance,Specialty Insurers,359301952.9411765,366.487992,2026-10-08
WDI,Western Asset Diversified Income Fund,Finance,Trusts Except Educational Religious and Charitable,0.0,0.0,2026-10-08
WDS,Woodside Energy Group Limited,Energy,Oil & Gas Production,1901100142.9885058,41348.92811,2026-10-08
WEA,Western Asset Bond Fund Share of Beneficial Interest,Finance,Trusts Except Educational Religious and Charitable,0.0,0.0,2026-10-08
WEAV,Weave Communications Inc.,Technology,Computer Software: Prepackaged Software,79999118.9701897,590.393498,2026-10-08
WEC,WEC Energy Group Inc.,Utilities,Power Generation,325849383.0022289,33624.397832,2026-10-08
WELL,Welltower Inc.,Real Estate,Real Estate Investment Trusts,720744951.0009744,162729.795037,2026-10-08
WEN,Wendy's Company (The),Consumer Discretionary,Restaurants,190669930.0324675,1174.526769,2026-10-08
WENC,West Enclave Merger Corp.,Finance,Blank Checks,0.0,0.0,2026-10-08
WENN,Wen Acquisition Corp,,,0.0,0.0,2026-10-08
WENNW,Wen Acquisition Corp Warrant,Finance,Blank Checks,0.0,0.0,2026-10-08
WERN,Werner Enterprises Inc.,Industrials,Trucking Freight/Courier Services,59977155.98902773,1967.850488,2026-10-08
WES,Western Midstream Partners LP Common Units Representing Limited Partner Interests,Utilities,Natural Gas Distribution,413174593.00563014,19080.402705,2026-10-08
WEST,Westrock Coffee Company,Consumer Staples,Beverages (Production/Distribution),97627387.03030303,805.425943,2026-10-08
WETH,Wetouch Technology Inc.,Technology,Computer peripheral equipment,13381534.35897436,13.046996,2026-10-08
WETO,Wetour Robotics Limited,Industrials,Other Transportation,1077800.9803921569,1.099357,2026-10-08
WEX,WEX Inc.,Consumer Discretionary,Business Services,34081610.99836716,5844.314654,2026-10-08
WEYS,Weyco Group Inc.,Consumer Staples,Apparel,9550983.006279435,486.718094,2026-10-08
WF,Woori Financial Group Inc.,Finance,Commercial Banks,243679615.9973404,18324.707123,2026-10-08
WFC,Wells Fargo & Company,Finance,Major Banks,3023999335.995583,246486.185877,2026-10-08
WFCF,Where Food Comes From Inc.,Technology,Computer Software: Prepackaged Software,4979663.0177514795,67.325044,2026-10-08
WFF,WF Holding Limited,Consumer Discretionary,Miscellaneous manufacturing industries,41919933.83084577,84.259067,2026-10-08
WFG,West Fraser Timber Co. Ltd,Basic Materials,Forest Products,78303822.00631912,4956.631933,2026-10-08
WFRD,Weatherford International plc,Consumer Discretionary,Oil and Gas Field Machinery,71512104.00300226,5716.677594,2026-10-08
WGO,Winnebago Industries Inc.,Industrials,Homebuilding,28268892.985971946,705.30888,2026-10-08
WGS,GeneDx Holdings Corp.,Health Care,Medical/Nursing Services,29822540.99552573,2132.908132,2026-10-08
WH,Wyndham Hotels & Resorts Inc.,Consumer Discretionary,Hotels/Resorts,74211121.9958706,5391.438013,2026-10-08
WHD,Cactus Inc.,Consumer Discretionary,Oil and Gas Field Machinery,80179417.0017142,5145.113189,2026-10-08
WHF,WhiteHorse Finance Inc.,Finance,Finance Companies,21476471.0,150.335297,2026-10-08
WHFCL,WhiteHorse Finance Inc. 7.875% Notes due 2028,,,23243088.00735059,581.820979,2026-10-08
WHG,Westwood Holdings Group Inc,Finance,Investment Managers,9543152.025249869,181.41532,2026-10-08
WHK,WhiteHawk Minerals Corp,Energy,Oil & Gas Production,30419013.006885998,795.153,2026-10-08
WHLR,Wheeler Real Estate Investment Trust Inc.,Real Estate,Real Estate Investment Trusts,1318147.2527472528,1.199514,2026-10-08
WHLRD,Wheeler Real Estate Investment Trust Inc. Series D Cumulative Preferred Stock,Real Estate,Real Estate Investment Trusts,1318147.01369863,48.112366,2026-10-08
WHLRP,Wheeler Real Estate Investment Trust Inc. Class B Preferred Stock,Real Estate,Real Estate Investment Trusts,1318146.9824293354,17.254544,2026-10-08
WHR,Whirlpool Corporation,Consumer Discretionary,Consumer Electronics/Appliances,65199378.00995025,1965.761247,2026-10-08
WHWK,Whitehawk Therapeutics Inc.,Health Care,Biotechnology: Pharmaceutical Preparations,57009009.97229917,205.802526,2026-10-08
WIA,Western Asset Inflation-Linked Income Fund,Finance,Trusts Except Educational Religious and Charitable,0.0,0.0,2026-10-08
WIMI,WiMi Hologram Cloud Inc.,Technology,Computer Software: Prepackaged Software,18385053.424657535,13.421089,2026-10-08
WINA,Winmark Corporation,Consumer Discretionary,Other Specialty Stores,3592169.0011830316,1062.743199,2026-10-08
WING,Wingstop Inc.,Consumer Discretionary,Restaurants,27242545.998217467,3056.613661,2026-10-08
WIT,Wipro Limited,Technology,EDP Services,9903549797.02381,16637.963659,2026-10-08
WIW,Western Asset Inflation-Linked Opportunities & Income Fund,Finance,Finance Companies,0.0,0.0,2026-10-08
WIX,Wix.com Ltd.,Technology,Computer Software: Programming Data Processing,41849510.999864705,3093.097358,2026-10-08
WK,Workiva Inc.,Technology,Computer Software: Prepackaged Software,54416487.99885975,3817.860798,2026-10-08
WKC,World Kinect Corporation,Energy,Oil Refining/Marketing,51151619.989047095,1868.057162,2026-10-08
WKHS,Workhorse Group Inc.,Industrials,Auto Manufacturing,10928585.034013605,32.13004,2026-10-08
WKSP,Worksport Ltd.,Consumer Discretionary,Auto Parts:O.E.M.,19993671.510119356,7.705561,2026-10-08
WLCO,Wilco 63 Corporation,Finance,Blank Checks,0.0,0.0,2026-10-08
WLCOU,Wilco 63 Corporation Units,Finance,Blank Checks,0.0,0.0,2026-10-08
WLDN,Willdan Group Inc.,Consumer Discretionary,Military/Government/Technical,15232091.002570694,1125.803846,2026-10-08
WLDS,Wearable Devices Ltd. Ordinary Share,Telecommunications,Computer Communications Equipment,3232902.8571428573,4.526064,2026-10-08
WLDSW,Wearable Devices Ltd. Warrant,Telecommunications,Computer Communications Equipment,3232903.0103995623,59.065138,2026-10-08
WLFC,Willis Lease Finance Corporation,Consumer Discretionary,Industrial Specialties,21144110.99183197,906.025156,2026-10-08
WLII,Willow Lane Acquisition Corp. II,Finance,Blank Checks,0.0,0.0,2026-10-08
WLIIW,Willow Lane Acquisition Corp. II Warrants,Finance,Blank Checks,0.0,0.0,2026-10-08
WLK,Westlake Corporation,Industrials,Major Chemicals,127796548.0044171,8101.023178,2026-10-08
WLKP,Westlake Chemical Partners LP Common Units representing limited partner interests,Industrials,Major Chemicals,35245879.01806392,760.958528,2026-10-08
WLTH,Wealthfront Corporation,Finance,Finance: Consumer Services,156176440.0,1647.661442,2026-10-08
WLY,John Wiley & Sons Inc.,Consumer Discretionary,Books,50763590.01031991,2459.495936,2026-10-08
WLYB,John Wiley & Sons Inc.,Consumer Discretionary,Books,50763589.9917287,2454.927212,2026-10-08
WM,Waste Management Inc.,Utilities,Environmental Services,399715184.00038487,83092.79245,2026-10-08
WMB,Williams Companies Inc. (The),Utilities,Natural Gas Distribution,1223167471.998895,88545.093298,2026-10-08
WMG,Warner Music Group Corp.,Consumer Discretionary,Services-Misc. Amusement & Recreation,523109768.99674034,14443.060722,2026-10-08
WMK,Weis Markets Inc.,Consumer Staples,Food Chains,24744596.99724518,1796.457742,2026-10-08
WMS,Advanced Drainage Systems Inc.,Consumer Discretionary,Containers/Packaging,75405342.0004613,9807.972834,2026-10-08
WMT,Walmart Inc.,Consumer Discretionary,Department/Specialty Retail Stores,7933746240.998134,850497.597035,2026-10-08
WNC,Wabash National Corporation,Industrials,Construction/Ag Equipment/Trucks,40737173.035328045,565.02459,2026-10-08
WNEB,Western New England Bancorp Inc.,Finance,Savings Institutions,20045871.997105643,277.033951,2026-10-08
WNW,Meiwu Technology Company Limited,Consumer Discretionary,Package Goods/Cosmetics,26330471.063829787,61.876607,2026-10-08
WOK,WORK Medical Technology Group LTD,Health Care,Medical/Dental Instruments,4467578.0,6.701367,2026-10-08
WOLF,Wolfspeed Inc.,Technology,Semiconductors,52930568.99151744,1684.780011,2026-10-08
WOOF,Petco Health and Wellness Company Inc.,Consumer Discretionary,Other Specialty Stores,286419357.2072072,635.850973,2026-10-08
WOR,Worthington Enterprises Inc.,Industrials,Steel/Iron Ore,48926784.00389358,3015.846966,2026-10-08
WORX,SCWorx Corp.,,,1066628.076923077,2.773233,2026-10-08
WPAC,White Pearl Acquisition Corp.,Finance,Blank Checks,0.0,0.0,2026-10-08
WPC,W. P. Carey Inc. REIT,Real Estate,Real Estate Investment Trusts,227816879.00328073,14582.558425,2026-10-08
WPM,Wheaton Precious Metals Corp,Basic Materials,Precious Metals,454159967.998547,62515.119595,2026-10-08
WPP,WPP plc,Consumer Discretionary,Advertising,215760471.99360767,5400.484614,2026-10-08
WPRT,Westport Fuel Systems Inc,Industrials,Industrial Machinery/Components,18995734.239130434,34.952151,2026-10-08
WQEY,WISeQey Corp,Technology,EDP Services,11362851.953125,116.355604,2026-10-08
WRAP,Wrap Technologies Inc.,Industrials,Ordnance And Accessories,64576572.258064516,100.093687,2026-10-08
WRB,W.R. Berkley Corporation,Finance,Property-Casualty Insurers,371227529.0021536,25855.997395,2026-10-08
WRBY,Warby Parker Inc.,Health Care,Ophthalmic Goods,123608053.9839878,3242.239256,2026-10-08
WRD,WeRide Inc.,Technology,EDP Services,335256475.0,1716.513152,2026-10-08
WRLD,World Acceptance Corporation,Finance,Finance: Consumer Services,4663180.001130199,825.196333,2026-10-08
WRN,Western Copper and Gold Corporation,Basic Materials,Metal Mining,226175425.80645162,490.800674,2026-10-08
WS,Worthington Steel Inc.,Industrials,Steel/Iron Ore,50946619.0102121,1945.65138,2026-10-08
WSBC,WesBanco Inc.,Finance,Major Banks,95905889.0086207,3560.0266,2026-10-08
WSBCO,WesBanco Inc.,Finance,Major Banks,95905889.00523561,2381.343224,2026-10-08
WSBF,Waterstone Financial Inc.,Finance,Savings Institutions,17977027.981882233,357.203546,2026-10-08
WSBK,Winchester Bancorp Inc.,Finance,Banks,9295375.987606507,120.003304,2026-10-08
WSC,WillScot Holdings Corporation,Industrials,Misc Corporate Leasing Services,181190958.00691244,3145.475031,2026-10-08
WSE,Wise Group plc,Industrials,Diversified Commercial Services,1229503310.9693878,14458.958937,2026-10-08
WSFS,WSFS Financial Corporation,Finance,Major Banks,51090605.0052687,3878.798732,2026-10-08
WSHP,WeShop Holdings Limited,Consumer Discretionary,Other Specialty Stores,24217133.066132262,120.843494,2026-10-08
WSM,Williams-Sonoma Inc.,Consumer Discretionary,Home Furnishings,117779172.998968,28532.004659,2026-10-08
WSO,Watsco Inc.,Consumer Discretionary,Industrial Machinery/Components,41252193.99993123,11997.375581,2026-10-08
WSO-B,Watsco Inc.,,,,,2026-10-08
WST,West Pharmaceutical Services Inc.,Health Care,Medical/Dental Instruments,70375762.00085874,26224.823952,2026-10-08
WSTN,Westin Acquisition Corp Class A Ordinary Share,Technology,EDP Services,8055000.000000001,82.161,2026-10-08
WT,WisdomTree Inc.,Finance,Investment Bankers/Brokers/Service,151512111.00082713,3663.562844,2026-10-08
WTBA,West Bancorporation,Finance,Major Banks,17043743.00711141,503.301731,2026-10-08
WTF,Waton Financial Limited,Finance,Investment Bankers/Brokers/Service,48237472.151898734,114.322809,2026-10-08
WTFC,Wintrust Financial Corporation,Finance,Major Banks,67465967.00013798,9778.517257,2026-10-08
WTFCN,Wintrust Financial Corporation,Finance,Major Banks,67465966.9921875,1727.128755,2026-10-08
WTG,Wintergreen Acquisition Corp.,Finance,Blank Checks,0.0,0.0,2026-10-08
WTI,W&T Offshore Inc.,Energy,Oil & Gas Production,150942952.0891365,541.885198,2026-10-08
WTM,White Mountains Insurance Group Ltd.,Finance,Property-Casualty Insurers,2386720.9998772857,4862.347357,2026-10-08
WTRG,Essential Utilities Inc.,Utilities,Water Supply,283778604.99871165,11013.44766,2026-10-08
WTS,Watts Water Technologies Inc.,Industrials,Metal Fabrications,33383050.0013795,12099.686473,2026-10-08
WTTR,Select Water Solutions Inc.,Energy,Oilfield Services/Equipment,138480833.01650825,2768.231852,2026-10-08
WTW,Willis Towers Watson Public Limited Company,Finance,Specialty Insurers,92871936.99910952,27116.748165,2026-10-08
WU,Western Union Company (The),Consumer Discretionary,Business Services,311878980.94462544,1914.936943,2026-10-08
WULF,TeraWulf Inc.,Finance,Finance: Consumer Services,498968677.0207081,7469.561095,2026-10-08
WVE,Wave Life Sciences Inc.,Health Care,Biotechnology: Pharmaceutical Preparations,197048175.0,693.609576,2026-10-08
WVVI,Willamette Valley Vineyards Inc.,Consumer Staples,Beverages (Production/Distribution),4979528.877005347,9.311719,2026-10-08
WVVIP,Willamette Valley Vineyards Inc. Series A Redeemable Preferred Stock,Consumer Staples,Beverages (Production/Distribution),4979528.919860627,14.291248,2026-10-08
WW,WW International Inc.,Consumer Discretionary,Other Consumer Services,9998760.012755102,156.780557,2026-10-08
WWD,Woodward Inc.,Energy,Industrial Machinery/Components,59045819.999398604,19636.277899,2026-10-08
WWR,Westwater Resources Inc.,Basic Materials,Metal Mining,128564832.71375464,62.251092,2026-10-08
WWW,Wolverine World Wide Inc.,Consumer Discretionary,Shoe Manufacturing,82066338.99533921,1584.701006,2026-10-08
WXM,WF International Limited,Consumer Discretionary,Engineering & Construction,3117587.023977433,11.051846,2026-10-08
WY,Weyerhaeuser Company,Real Estate,Real Estate Investment Trusts,720736000.0,13405.6896,2026-10-08
WYFI,WhiteFiber Inc.,Finance,Finance: Consumer Services,38848118.00346221,673.237885,2026-10-08
WYHG,Wing Yip Food Holdings Group Limited,Consumer Staples,Specialty Foods,35582732.10526316,135.214382,2026-10-08
WYNN,Wynn Resorts Limited,Consumer Discretionary,Hotels/Resorts,102973890.9945184,7889.859528,2026-10-08
WYY,WidePoint Corporation,Technology,EDP Services,9998254.99296765,71.087593,2026-10-08
XAIR,Beyond Air Inc.,Health Care,Medical/Dental Instruments,957630.980392157,2.441959,2026-10-08
XBIO,Xenetic Biosciences Inc.,Health Care,Biotechnology: Pharmaceutical Preparations,2343181.132075472,4.967544,2026-10-08
XBIT,XBiotech Inc.,Health Care,Biotechnology: Pharmaceutical Preparations,30487731.018518515,65.853499,2026-10-08
XBP,XBP Global Holdings Inc.,Technology,EDP Services,14156583.96226415,45.017937,2026-10-08
XBPEW,XBP Europe Holdings Inc. Warrant,Technology,EDP Services,14156580.64516129,0.438854,2026-10-08
XCBE,X3 Acquisition Corp. Ltd.,,,0.0,0.0,2026-10-08
XCBEW,X3 Acquisition Corp. Ltd. Warrant,Finance,Blank Checks,0.0,0.0,2026-10-08
XCH,XCHG Limited,Miscellaneous,Industrial Machinery/Components,4426434.0,13.279302,2026-10-08
XCUR,Exicure Inc.,Health Care,Biotechnology: Pharmaceutical Preparations,6545995.37037037,7.069675,2026-10-08
XE,X-Energy Inc.,Industrials,Metal Fabrications,406366108.02589,6278.356369,2026-10-08
XEL,Xcel Energy Inc.,Utilities,Power Generation,624634305.9947752,45429.653075,2026-10-08
XELB,Xcel Brands Inc.,Miscellaneous,Multi-Sector Companies,6560274.542429285,3.942725,2026-10-08
XELLL,Xcel Energy Inc. 6.25% Junior Subordinated Notes Series due 2085,Utilities,Power Generation,0.0,0.0,2026-10-08
XENE,Xenon Pharmaceuticals Inc.,Health Care,Biotechnology: Pharmaceutical Preparations,96840431.99343725,3541.454598,2026-10-08
XERS,Xeris Biopharma Holdings Inc.,Health Care,Biotechnology: Pharmaceutical Preparations,182320305.95829195,1835.965481,2026-10-08
XFLH,XFLH Capital Corporation,Finance,Blank Checks,0.0,0.0,2026-10-08
XFLT,XAI Floating Rate & Alternative Income Trust,Finance,Investment Managers,35468531.99163617,678.513017,2026-10-08
XFOR,X4 Pharmaceuticals Inc.,Health Care,Biotechnology: Biological Products (No Diagnostic Substances),99146742.96028881,274.636478,2026-10-08
XGN,Exagen Inc.,Health Care,Medical Specialities,24225338.949938953,198.405526,2026-10-08
XHG,XChange TEC.INC,Finance,Specialty Insurers,51547926.05042017,122.684064,2026-10-08
XHLD,TEN Holdings Inc.,Consumer Discretionary,Business Services,11979942.215088282,7.463504,2026-10-08
XHR,Xenia Hotels & Resorts Inc.,Consumer Discretionary,Hotels/Resorts,92245834.9944629,1665.95978,2026-10-08
XIFR,XPLR Infrastructure LP Common Units representing limited partner interests,Utilities,Electric Utilities: Central,94272794.99036609,978.551612,2026-10-08
XIII,Churchill Capital Corp XIII,,,0.0,0.0,2026-10-08
XIIIW,Churchill Capital Corp XIII Warrants,,,0.0,0.0,2026-10-08
XLAB,Exascale Labs Holdings Inc.,Technology,Computer Software: Prepackaged Software,64334788.88888889,69.481572,2026-10-08
XLABW,Exascale Labs Holdings Inc. Warrant,Technology,Computer Software: Prepackaged Software,64334790.87452471,6.76802,2026-10-08
XLO,Xilio Therapeutics Inc.,Health Care,Biotechnology: Pharmaceutical Preparations,6580149.0,59.221341,2026-10-08
XMAX,XMAX Inc.,Consumer Discretionary,Home Furnishings,64875626.02739726,568.310484,2026-10-08
XMTR,Xometry Inc.,Consumer Discretionary,Business Services,57323572.9983734,6343.426588,2026-10-08
XNCR,Xencor Inc.,Health Care,Biotechnology: Pharmaceutical Preparations,74353397.00328407,1811.248751,2026-10-08
XNDU,Xanadu Quantum Technologies Limited,Technology,Computer Manufacturing,304224023.9130435,1539.373561,2026-10-08
XNET,Xunlei Limited,Technology,Computer Software: Prepackaged Software,63653784.050367266,303.310281,2026-10-08
XOM,ExxonMobil Holdings Corporation,Energy,Integrated oil Companies,4111911960.0012164,676327.279181,2026-10-08
XOS,Xos Inc.,Consumer Discretionary,Auto Parts:O.E.M.,14217852.108433736,47.203269,2026-10-08
XP,XP Inc.,Finance,Investment Bankers/Brokers/Service,518311938.98419106,15409.413946,2026-10-08
XPEL,XPEL Inc.,Industrials,Industrial Specialties,27570747.99557032,1244.819272,2026-10-08
XPER,Xperi Inc.,Technology,Computer Software: Prepackaged Software,48771821.96969697,257.51522,2026-10-08
XPEV,XPeng Inc.,Industrials,Auto Manufacturing,958070169.9790795,9159.150825,2026-10-08
XPL,Solitario Resources Corp.,Basic Materials,Precious Metals,94684462.18634848,53.960675,2026-10-08
XPO,XPO Inc.,Consumer Discretionary,Transportation Services,117086465.00081748,21484.195463,2026-10-08
XPOF,Xponential Fitness Inc.,Consumer Discretionary,Services-Misc. Amusement & Recreation,49324000.0,238.23492,2026-10-08
XPON,Expion Energy Inc.,Miscellaneous,Industrial Machinery/Components,1012498.0440097799,4.141117,2026-10-08
XPRO,Expro Ltd,Energy,Oilfield Services/Equipment,113395282.99445471,1840.405443,2026-10-08
XRAY,DENTSPLY SIRONA Inc.,Health Care,Medical/Dental Instruments,199353876.05633804,1698.495024,2026-10-08
XRN,Chiron Real Estate Inc.,Real Estate,Real Estate Investment Trusts,13237829.988331389,453.792812,2026-10-08
XRPN,Armada Acquisition Corp. II,Finance,Blank Checks,0.0,0.0,2026-10-08
XRPNU,Armada Acquisition Corp. II Units,Finance,Blank Checks,0.0,0.0,2026-10-08
XRPNW,Armada Acquisition Corp. II Warrant,Finance,Blank Checks,0.0,0.0,2026-10-08
XRTX,XORTX Therapeutics Inc.,Health Care,Biotechnology: Pharmaceutical Preparations,1816564.739884393,3.142657,2026-10-08
XRX,Xerox Holdings Corporation,Technology,Computer peripheral equipment,131314510.9215017,384.751517,2026-10-08
XRXDW,Xerox Holdings Corporation Warrants,Technology,Computer peripheral equipment,131314509.202454,34.246824,2026-10-08
XSLL,Xsolla SPAC 1,Finance,Blank Checks,0.0,0.0,2026-10-08
XSLLW,Xsolla SPAC 1 Warrants,Finance,Blank Checks,0.0,0.0,2026-10-08
XTER,Karman Line Acquisition Corp.,Finance,Blank Checks,0.0,0.0,2026-10-08
XTERU,Karman Line Acquisition Corp. Units,,,0.0,0.0,2026-10-08
XTIA,XTI Aerospace Inc.,Technology,EDP Services,38477789.13914605,27.846376,2026-10-08
XTLB,XTL Biopharmaceuticals Ltd.,Health Care,Biotechnology: Pharmaceutical Preparations,2457462.871287129,4.964075,2026-10-08
XTND,Xtend AI Robotics Inc.,Industrials,Military/Government/Technical,284842854.1044776,763.378849,2026-10-08
XTNT,Xtant Medical Holdings Inc.,Health Care,Medical/Dental Instruments,140287961.34663343,45.004378,2026-10-08
XWEL,XWELL Inc.,Consumer Discretionary,Other Consumer Services,8589265.917602995,6.880002,2026-10-08
XXI,Twenty One Capital Inc.,Finance,Finance: Consumer Services,562372222.0520674,3672.29061,2026-10-08
XXII,22nd Century Group Inc.,Health Care, Medicinal Chemicals and Botanical Products ,713993.9123817806,0.656803,2026-10-08
XYF,X Financial,Finance,Finance: Consumer Services,54782839.96062992,278.296827,2026-10-08
XYL,Xylem Inc.,Industrials,Fluid Controls,233486812.00153008,24415.715931,2026-10-08
XYZ,Block Inc.,Technology,Computer Software: Prepackaged Software,600795000.0,45984.8493,2026-10-08
XZO,Exzeo Group Inc.,Technology,Computer Software: Prepackaged Software,90085918.01861702,1354.892207,2026-10-08
YAAS,Youxin Technology Ltd,Technology,Computer Software: Prepackaged Software,15714637.068965519,18.228979,2026-10-08
YALA,Yalla Group Limited,Technology,Computer Software: Programming Data Processing,151828986.9485294,825.949689,2026-10-08
YARW,Yarrow Bioscience Inc.,Health Care,Biotechnology: Pharmaceutical Preparations,9304361.025093433,174.270682,2026-10-08
YB,Yuanbao Inc.,Finance,Specialty Insurers,46080200.96385542,573.698502,2026-10-08
YCBD,cbdMD Inc.,Consumer Discretionary,Package Goods/Cosmetics,11205044.11764706,4.571658,2026-10-08
YCY,AA Mission Acquisition Corp. II,,,0.0,0.0,2026-10-08
YDDL,One and One Green Technologies. Inc,Consumer Discretionary,Industrial Specialties,56033333.333333336,77.326,2026-10-08
YDES,YD Bio Limited,Health Care,Medical Specialities,70831346.01626016,435.612778,2026-10-08
YDESW,YD Bio Limited Warrants,Health Care,Medical Specialities,70831345.28301886,37.540613,2026-10-08
YDKG,Yueda Digital Holding Class A Ordinary Share,Consumer Discretionary,Advertising,5542261.797752809,4.932613,2026-10-08
YELP,Yelp Inc.,Consumer Discretionary,Other Consumer Services,54263621.0033076,984.342085,2026-10-08
YETI,YETI Holdings Inc.,Consumer Discretionary,Recreational Games/Products/Toys,72988796.0,2937.799039,2026-10-08
YEXT,Yext Inc.,Technology,EDP Services,98978703.96341464,649.300298,2026-10-08
YFOR,YYForce Inc.,Consumer Discretionary,Professional Services,12836733.628318585,14.505509,2026-10-08
YHC,LQR House Inc.,Consumer Staples,Beverages (Production/Distribution),1303856.6929133858,1.655898,2026-10-08
YHGJ,Yunhong Green CTI Ltd.,Industrials,Specialty Chemicals,2609243.9285714286,7.305883,2026-10-08
YHNA,YHN Acquisition I Limited,,,0.0,0.0,2026-10-08
YHNAU,YHN Acquisition I Limited Unit,,,0.0,0.0,2026-10-08
YI,111 Inc.,Consumer Staples,Retail-Drug Stores and Proprietary Stores,8796964.077669904,27.182619,2026-10-08
YIBO,Planet Image International Limited,Technology,Computer peripheral equipment,59234220.70844687,65.216877,2026-10-08
YICC,Yorkville International Capital Corp.,Finance,Blank Checks,0.0,0.0,2026-10-08
YJ,Yunji Inc. American Depository Shares,Consumer Discretionary,Other Specialty Stores,4925540.0,8.373418,2026-10-08
YMAT,J-Star Holding Co. Ltd.,Consumer Discretionary,Recreational Games/Products/Toys,4010102.9411764704,5.45374,2026-10-08
YMM,Full Truck Alliance Co. Ltd.,Technology,Computer Software: Prepackaged Software,1037544329.0284361,8756.874137,2026-10-08
YMT,Yimutian Inc.,Technology,EDP Services,25388070.0,33.004491,2026-10-08
YORW,York Water Company (The),Utilities,Water Supply,16228581.01265823,500.002581,2026-10-08
YOU,Clear Secure Inc.,Technology,Computer Software: Prepackaged Software,135288082.0,5614.455403,2026-10-08
YOUL,Youlife Group Inc.,Real Estate,Other Consumer Services,139711004.0261701,55.521153,2026-10-08
YPF,YPF Sociedad Anonima,Energy,Integrated oil Companies,393312793.0023456,20121.88249,2026-10-08
YQ,17 Education & Technology Group Inc.,Real Estate,Other Consumer Services,10855688.023952097,36.257998,2026-10-08
YRD,Yiren Digital Ltd.,Finance,Finance: Consumer Services,87488461.2244898,85.738692,2026-10-08
YSG,Yatsen Holding Limited,Consumer Discretionary,Package Goods/Cosmetics,93865401.953125,240.295429,2026-10-08
YSS,York Space Systems Inc.,Industrials,Military/Government/Technical,137357604.98132005,1102.981568,2026-10-08
YSWY,Yesway Inc.,Consumer Staples,Food Chains,63194746.02469136,1279.693607,2026-10-08
YSXT,YSX Tech. Co. Ltd,Consumer Discretionary,Automotive Aftermarket,31882500.203268558,39.212287,2026-10-08
YTRA,Yatra Online Inc.,Consumer Discretionary,Transportation Services,63971285.8403176,58.009162,2026-10-08
YUM,Yum! Brands Inc.,Consumer Discretionary,Restaurants,272901084.9971396,38162.487726,2026-10-08
YUMC,Yum China Holdings Inc.,Consumer Discretionary,Restaurants,342458135.9921221,13910.649484,2026-10-08
YXT,YXT.COM GROUP HOLDING LIMITED American Depository Shares,Technology,Computer Software: Prepackaged Software,6610266.071428571,14.806996,2026-10-08
YYAI,AiRWA Inc.,Technology,Computer Software: Programming Data Processing,4581916.940997722,3.618798,2026-10-08
Z,Zillow Group Inc. Class C Capital Stock,Consumer Discretionary,Business Services,224874954.0072202,6229.036226,2026-10-08
ZBAO,Zhibao Technology Inc.,Finance,Specialty Insurers,466081316.39722866,40.362642,2026-10-08
ZBH,Zimmer Biomet Holdings Inc.,Health Care,Industrial Specialties,190737689.00535235,17105.35595,2026-10-08
ZBIO,Zenas BioPharma Inc.,Health Care,Biotechnology: Pharmaceutical Preparations,65176723.01410542,1755.860918,2026-10-08
ZBRA,Zebra Technologies Corporation,Industrials,Industrial Machinery/Components,47310660.000518434,18251.506415,2026-10-08
ZCMD,Zhongchao Inc.,Real Estate,Other Consumer Services,4436738.285714285,7.764292,2026-10-08
ZD,Ziff Davis Inc.,Telecommunications,Telecommunications Equipment,34287207.997078694,1877.910382,2026-10-08
ZDAI,DirectBooking Technology Co. Ltd.,Consumer Discretionary,General Bldg Contractors - Nonresidential Bldgs,8388472.944483485,11.936797,2026-10-08
ZDGE,Zedge Inc.,Technology,Computer Software: Prepackaged Software,18301525.167785235,54.538545,2026-10-08
ZENA,ZenaTech Inc.,Technology,Computer Software: Prepackaged Software,201157883.07692307,261.505248,2026-10-08
ZEO,Zeo Energy Corporation,Miscellaneous,Industrial Machinery/Components,62183490.46793761,17.939937,2026-10-08
ZEOWW,Zeo Energy Corporation Warrants,Miscellaneous,Industrial Machinery/Components,62183468.468468465,1.380473,2026-10-08
ZEPP,Zepp Health Corporation,Technology,Computer Manufacturing,14664981.04993598,57.266751,2026-10-08
ZETA,Zeta Global Holdings Corp.,Technology,Computer Software: Prepackaged Software,251013605.00758722,8270.898285,2026-10-08
ZG,Zillow Group Inc.,Consumer Discretionary,Business Services,224874953.9844852,6377.453695,2026-10-08
ZGN,Ermenegildo Zegna N.V.,Consumer Discretionary,Apparel,268312050.0,3353.900625,2026-10-08
ZH,Zhihu Inc.,Consumer Discretionary,Business Services,88784764.03508772,303.643893,2026-10-08
ZIM,ZIM Integrated Shipping Services Ltd.,Consumer Discretionary,Marine Transportation,120465908.01369864,3517.604514,2026-10-08
ZION,Zions Bancorporation N.A.,Finance,Major Banks,145953355.00397772,9173.168362,2026-10-08
ZIONP,Zions Bancorporation N.A.,Finance,Major Banks,145953355.01138952,2562.940914,2026-10-08
ZIP,ZipRecruiter Inc.,Technology,Computer Software: Programming Data Processing,82226163.04347825,302.59228,2026-10-08
ZJK,ZJK Industrial Co. Ltd.,Industrials,Metal Fabrications,64322249.22279793,124.141941,2026-10-08
ZJYL,JIN MEDICAL INTERNATIONAL LTD.,Health Care,Industrial Specialties,158194533.16582915,314.807121,2026-10-08
ZKH,ZKH Group Limited,Consumer Discretionary,RETAIL: Building Materials,158919317.14285713,389.352327,2026-10-08
ZKIN,ZK International Group Co. Ltd Ordinary Share,Industrials,Metal Fabrications,57312307.95454545,100.869662,2026-10-08
ZKP,Lafayette Digital Acquisition Corp. I,Finance,Blank Checks,0.0,0.0,2026-10-08
ZKPU,Lafayette Digital Acquisition Corp. I Unit,Finance,Blank Checks,0.0,0.0,2026-10-08
ZKPW,Lafayette Digital Acquisition Corp. I Warrant,Finance,Blank Checks,0.0,0.0,2026-10-08
ZLAB,Zai Lab Limited,Health Care,Biotechnology: Pharmaceutical Preparations,112266227.99061768,2871.770112,2026-10-08
ZM,Zoom Communications Inc.,Technology,Computer Software: Programming Data Processing,291783710.9978768,27486.025576,2026-10-08
ZNB,Zeta Network Group,Real Estate,Other Consumer Services,3675051.724137931,4.26306,2026-10-08
ZNTL,Zentalis Pharmaceuticals Inc.,Health Care,Biotechnology: Pharmaceutical Preparations,94668568.16479401,252.765077,2026-10-08
ZONE,Zone Frontier Inc.,Consumer Discretionary,Specialty Chemicals,508830256.99168557,67.318243,2026-10-08
ZOOZ,ZOOZ Strategy Ltd.,Technology,Industrial Machinery/Components,8009608.033905534,60.097691,2026-10-08
ZS,Zscaler Inc.,Technology,EDP Services,163054698.00235572,34608.359651,2026-10-08
ZSQR,Z Squared Inc.,Finance,Finance: Consumer Services,53000397.01834862,231.081731,2026-10-08
ZSTK,ZeroStack Corp.,Health Care,Other Pharmaceuticals,21820526.94736842,103.647503,2026-10-08
ZTG,Zenta Group Company Limited,Consumer Discretionary,Professional Services,24087178.799489144,18.860261,2026-10-08
ZTO,ZTO Express (Cayman) Inc.,Industrials,Trucking Freight/Courier Services,769900692.9878049,15151.645638,2026-10-08
ZTR,Virtus Total Return Fund Inc.,Finance,Investment Managers,0.0,0.0,2026-10-08
ZTS,Zoetis Inc.,Health Care,Biotechnology: Pharmaceutical Preparations,413223602.0047666,29475.239531,2026-10-08
ZUMZ,Zumiez Inc.,Consumer Discretionary,Clothing/Shoe/Accessory Stores,15330612.978723405,216.161643,2026-10-08
ZURA,Zura Bio Limited,Health Care,Biotechnology: Biological Products (No Diagnostic Substances),95829137.12121212,379.483383,2026-10-08
ZVIA,Zevia PBC,Consumer Staples,Beverages (Production/Distribution),77345400.83333334,92.814481,2026-10-08
ZVRA,Zevra Therapeutics Inc.,Health Care,Biotechnology: Pharmaceutical Preparations,59383780.98788443,637.18797,2026-10-08
ZWS,Zurn Elkay Water Solutions Corporation,Industrials,Industrial Machinery/Components,165864096.9905956,7936.597041,2026-10-08
ZYBT,Zhengye Biotechnology Holding Limited,Health Care,Biotechnology: Pharmaceutical Preparations,47391375.67567567,52.604427,2026-10-08
ZYME,Zymeworks Inc.,Health Care,Biotechnology: Pharmaceutical Preparations,70959241.01364523,1820.104532,2026-10-08
